,code,zips,fb_keys,Users,Males,Females,High school grad,College grad,Away from hometown,Away from family,Recently moved,Single,Married,Civil union,Engaged,iOS,Android,Frequent international travelers,Frequent Travelers,Returned from travels 1 week ago,Technology early adopters,2G,3G,4G,WiFi,Expats,Gambling,Casino,Catholic Church,Buddhism,Atheism,Cooking,Restaurants,Fast food,LGBT community,Homosexuality,Same-sex marriage,Fitness and wellness,Older devices,Mac,iPhone X,Huawei,VIVO,Oppo,iPhone 8,iPhone 8 Plus,Galaxy S8,Galaxy S8+,Galaxy S9,Galaxy S9+,smartphone e tablet,tablet,Cherry Mobile,Samsung Android,Windows,income
0,1015,30002,US:30002,,,,,,,,,,,,,,,,,,,,,,,,,,,,,,,,,,,,,,,,,,,,,,,,,,,,,56750.0
1,1016,30004,US:30004,42333.333333333336,0.4267716535433071,0.5669291338582677,0.10236220472440943,0.4165354330708661,0.1795275590551181,0.1779527559055118,,0.10236220472440943,0.42598425196850387,,,0.3748031496062992,0.1700787401574803,0.15748031496062992,0.515748031496063,0.025984251968503937,0.029921259842519685,,,0.1464566929133858,0.45275590551181105,0.16220472440944883,0.06299212598425197,0.034251968503937004,0.0921259842519685,0.0484251968503937,,0.47165354330708664,0.40629921259842516,0.18346456692913385,0.07677165354330709,0.025984251968503937,,0.6614173228346456,0.11653543307086613,0.03543307086614173,0.034251968503937004,,,,0.04015748031496063,0.0437007874015748,,,,,0.5354330708661418,0.28503937007874014,,0.10236220472440943,0.025984251968503937,107423.0
2,1017,30005,US:30005,15666.666666666666,0.4255319148936171,0.5574468085106383,0.08297872340425533,0.4340425531914894,0.18510638297872342,0.18085106382978725,,0.09787234042553192,0.4510638297872341,,,0.3574468085106383,0.13617021276595745,0.16170212765957448,0.5063829787234042,,0.09574468085106383,,,0.46595744680851064,0.4468085106382979,0.2,0.12765957446808512,,0.09361702127659575,,,0.46170212765957447,0.4191489361702128,0.19787234042553192,0.07021276595744681,,,0.7021276595744681,0.13191489361702127,,,,,,,,,,,,0.4978723404255319,0.2531914893617021,,0.08936170212765958,0.08297872340425533,127340.0
3,1018,30008,US:30008,6266.666666666667,0.47340425531914887,0.5159574468085106,,0.28191489361702127,,,,0.17553191489361702,0.23936170212765956,,,0.276595744680851,0.33510638297872336,,0.5212765957446808,,,,,0.6223404255319148,0.4148936170212766,0.2553191489361702,0.19148936170212766,,0.19148936170212766,,,0.48404255319148937,0.4521276595744681,0.2606382978723404,,,,0.6861702127659575,0.2074468085106383,,,,,,,,,,,,0.5957446808510638,0.33510638297872336,,0.19148936170212766,,45907.0
4,1019,30009,US:30009,24666.666666666668,0.4054054054054054,0.5662162162162162,0.10405405405405405,0.4364864864864864,0.16216216216216214,0.1554054054054054,,0.12567567567567567,0.41486486486486485,,,0.34864864864864864,0.12162162162162161,0.12162162162162161,0.5337837837837838,,0.19459459459459458,,,1.0135135135135134,0.4054054054054054,0.15675675675675674,0.31216216216216214,0.07297297297297296,0.11756756756756756,0.09324324324324323,0.0527027027027027,0.5175675675675675,0.4918918918918919,0.27297297297297296,0.1662162162162162,,0.08918918918918918,0.7391891891891891,0.18378378378378377,0.11756756756756756,0.07702702702702702,,,,0.07702702702702702,0.09324324324324323,,,,,0.6486486486486486,0.27837837837837837,,0.11756756756756756,0.1581081081081081,79933.0
5,1020,30011,US:30011,11566.666666666666,0.45244956772334294,0.5417867435158502,0.2219020172910663,0.2910662824207493,0.14985590778097982,0.17723342939481268,,0.14121037463976946,0.37175792507204614,,,0.27953890489913547,0.30835734870317005,0.13400576368876083,0.5244956772334295,,,,,0.276657060518732,0.43804034582132567,0.09942363112391932,0.14697406340057637,,0.09942363112391932,,,0.5302593659942363,0.4495677233429395,0.29682997118155624,0.09510086455331412,,,0.6829971181556196,0.1527377521613833,,,,,,,,,,,,0.6282420749279539,0.37463976945244953,,0.18731988472622477,,60469.0
6,1021,30012,US:30012,6633.333333333333,0.4271356783919598,0.5678391959798995,0.22613065326633167,0.2864321608040201,0.1658291457286432,0.1658291457286432,,0.17587939698492464,0.27638190954773867,,,0.24623115577889448,0.35175879396984927,,0.577889447236181,,,,,0.3668341708542714,0.4472361809045226,0.18090452261306533,0.34673366834170855,,0.19597989949748745,,,0.6180904522613065,0.542713567839196,0.3768844221105528,,,,0.7989949748743719,0.2562814070351759,,,,,,,,,,,,0.5628140703517588,0.36180904522613067,,0.17587939698492464,,40631.0
7,1022,30013,US:30013,6800.0,0.4264705882352941,0.5637254901960784,0.21568627450980393,0.3333333333333333,0.16911764705882354,0.16911764705882354,,0.18382352941176472,0.3382352941176471,,,0.25980392156862747,0.3137254901960784,,0.4852941176470588,,,,,0.4852941176470588,0.39215686274509803,,0.19117647058823528,,,,,0.4362745098039216,0.37254901960784315,0.2303921568627451,,,,0.5784313725490197,0.17647058823529413,,,,,,,,,,,,0.6029411764705882,0.36764705882352944,,0.20098039215686275,,55763.0
8,1023,30014,US:30014,26666.666666666668,0.4125,0.5874999999999999,0.26125,0.29875,0.125,0.12249999999999998,,0.16999999999999998,0.36,,,0.2925,0.29875,0.09375,0.5375,,0.057499999999999996,,,0.3,0.42875,,0.17125,0.08,0.09875,0.041249999999999995,,0.6125,0.5499999999999999,0.37749999999999995,0.11375,,0.07125,0.7625,0.16499999999999998,,,,,,,,,,,,0.6125,0.36249999999999993,,0.16249999999999998,0.06,46718.0
9,1024,30016,US:30016,10333.333333333334,0.45161290322580644,0.5516129032258065,0.1935483870967742,0.27741935483870966,0.15161290322580645,0.14516129032258063,,0.17903225806451611,0.27096774193548384,,,0.25483870967741934,0.3451612903225806,0.1064516129032258,0.5580645161290323,,0.11612903225806451,,,0.45483870967741935,0.43548387096774194,0.12258064516129032,0.30967741935483867,0.12580645161290321,0.11612903225806451,,,0.5,0.4129032258064516,0.28709677419354834,0.16451612903225807,,,0.6483870967741935,0.15806451612903225,,,,,,,,,,,,0.49677419354838703,0.3,,0.17419354838709677,,56324.0
10,1025,30017,US:30017,12000.0,0.4222222222222222,0.5805555555555556,0.1638888888888889,0.3611111111111111,0.17222222222222222,0.16944444444444443,,0.12222222222222223,0.39722222222222225,,,0.33888888888888885,0.23333333333333334,0.14583333333333334,0.5333333333333333,,0.10833333333333334,,,0.2611111111111111,0.4666666666666667,0.1611111111111111,0.1375,,0.13055555555555556,,,0.513888888888889,0.4444444444444444,0.26666666666666666,0.11666666666666667,,,0.7,0.16944444444444443,,,,,,,,,,,,0.5833333333333334,0.3277777777777778,,0.15555555555555556,,87500.0
11,1026,30019,US:30019,17466.666666666668,0.4217557251908397,0.5839694656488549,0.17557251908396945,0.3778625954198473,0.16030534351145037,0.15267175572519082,,0.24045801526717556,0.4675572519083969,,,0.3225190839694656,0.1812977099236641,0.09351145038167938,0.5114503816793893,,0.17748091603053434,,,1.0877862595419847,0.41793893129770987,0.25190839694656486,0.3606870229007633,0.0916030534351145,0.24618320610687022,0.06870229007633587,,0.5629770992366412,0.49045801526717553,0.3263358778625954,0.17175572519083968,,0.10305343511450381,0.7461832061068702,0.1851145038167939,0.06297709923664122,,,,,,0.08015267175572519,,,,,0.6049618320610686,0.29198473282442744,,0.1545801526717557,0.14885496183206107,90891.0
12,1027,30021,US:30021,10933.333333333334,0.5457317073170732,0.4451219512195122,0.10060975609756097,0.16768292682926828,,,,0.10975609756097561,0.10670731707317073,,,0.274390243902439,0.37195121951219506,0.11432926829268292,0.46036585365853655,,,,,0.28353658536585363,0.3780487804878048,0.42073170731707316,0.18292682926829268,,0.14634146341463414,0.14939024390243902,,0.3262195121951219,0.274390243902439,0.16158536585365854,,,,0.5609756097560975,0.1798780487804878,,,,,,,,,,,,0.6493902439024389,0.3292682926829268,,0.21036585365853658,,32349.0
13,1028,30022,US:30022,23666.666666666668,0.42535211267605627,0.5633802816901409,0.08450704225352113,0.4295774647887323,0.16338028169014082,0.16056338028169012,,0.1028169014084507,0.4183098591549296,,,0.3492957746478873,0.14084507042253522,0.15211267605633802,0.5070422535211268,,0.09295774647887324,,,0.21267605633802814,0.4295774647887323,0.16901408450704225,0.09507042253521127,,0.09999999999999999,,,0.45070422535211263,0.428169014084507,0.20985915492957746,0.07183098591549296,,,0.6619718309859154,0.1380281690140845,0.0676056338028169,,,,,,,,,,,0.5211267605633803,0.2619718309859155,,0.10140845070422534,0.09295774647887324,103228.0
14,1029,30024,US:30024,23333.333333333332,0.43000000000000005,0.5571428571428572,0.11,0.4171428571428572,0.17,0.16714285714285715,,0.09285714285714286,0.45571428571428574,,,0.3485714285714286,0.1757142857142857,0.1457142857142857,0.5285714285714286,,0.09428571428571429,,,0.22142857142857145,0.4600000000000001,0.19142857142857145,0.08285714285714285,,0.1042857142857143,0.047142857142857146,,0.5142857142857143,0.45714285714285713,0.23714285714285716,0.07571428571428572,,,0.7142857142857144,0.1457142857142857,0.047142857142857146,,,,,,,,,,,0.5571428571428572,0.31,,0.13428571428571429,0.08142857142857143,103533.0
15,1030,30025,US:30025,6700.0,0.43283582089552236,0.5671641791044776,0.24378109452736318,0.3034825870646766,,,,,0.3880597014925373,,,0.31343283582089554,0.263681592039801,,0.5422885572139303,,,,,0.33333333333333337,0.3880597014925373,,0.2537313432835821,,,,,0.6218905472636816,0.5223880597014925,0.34328358208955223,,,,0.736318407960199,0.23880597014925373,,,,,,,,,,,,0.6069651741293532,0.33830845771144274,,0.1791044776119403,,59522.0
16,1031,30028,US:30028,8100.0,0.4156378600823045,0.5679012345679012,0.21604938271604937,0.3868312757201646,0.22839506172839505,0.22839506172839505,,,0.522633744855967,,,0.3497942386831276,0.25308641975308643,0.14814814814814814,0.49794238683127573,,,,,0.25925925925925924,0.448559670781893,,,,0.13580246913580246,,,0.5967078189300411,0.4897119341563786,0.24691358024691357,,,,0.757201646090535,0.13580246913580246,,,,,,,,,,,,0.5267489711934157,0.41975308641975306,,0.1419753086419753,,79043.0
17,1032,30030,US:30030,21000.0,0.40476190476190477,0.584126984126984,0.10793650793650793,0.36666666666666664,0.15079365079365079,0.14761904761904762,,0.14126984126984127,0.31587301587301586,,,0.29365079365079366,0.23492063492063492,0.13174603174603175,0.5190476190476191,,0.05238095238095238,,,0.20476190476190476,0.41904761904761906,0.07936507936507937,0.07936507936507937,,0.07380952380952381,0.05714285714285714,,0.41904761904761906,0.3888888888888889,0.1841269841269841,0.13333333333333333,,,0.6238095238095238,0.12222222222222222,,,,,,,,,,,,0.6666666666666666,0.36984126984126986,,0.173015873015873,0.06190476190476191,77789.0
18,1033,30032,US:30032,3900.0,0.47863247863247865,0.5299145299145299,,0.2948717948717949,,,,,,,,,0.358974358974359,,0.5042735042735043,,,,,0.48717948717948717,0.4230769230769231,,,,,,,0.35042735042735046,0.3247863247863248,0.28205128205128205,,,,0.5299145299145299,,,,,,,,,,,,,0.5213675213675214,0.3333333333333333,,,,36660.0
19,1034,30033,US:30033,2666.6666666666665,0.4625,0.525,,,,,,,,,,,,,0.5375,,,,,0.525,0.46875,,,,,,,0.45,,,,,,0.5375,,,,,,,,,,,,,0.48750000000000004,,,,,67462.0
20,1035,30034,US:30034,3166.6666666666665,0.46315789473684216,0.5368421052631579,,,,,,,,,,,0.3473684210526316,,0.5263157894736843,,,,,0.5368421052631579,0.4263157894736842,,,,,,,0.3631578947368421,0.3473684210526316,,,,,0.4736842105263158,,,,,,,,,,,,,0.5157894736842106,0.3473684210526316,,,,47890.0
21,1036,30035,US:30035,1866.6666666666667,,0.5892857142857143,,,,,,,,,,,,,,,,,,,,,,,,,,,,,,,,0.5892857142857143,,,,,,,,,,,,,0.5892857142857143,,,,,43998.0
22,1037,30038,US:30038,10100.0,0.429042904290429,0.5610561056105611,0.18316831683168316,0.3234323432343234,0.2079207920792079,0.2079207920792079,,0.18811881188118812,0.20132013201320131,,,0.2706270627062706,0.36633663366336633,0.16336633663366337,0.5478547854785478,,,,,0.2541254125412541,0.42574257425742573,0.15346534653465346,0.1221122112211221,,,,,0.43564356435643564,0.3564356435643564,0.22442244224422442,0.12871287128712872,,,0.6039603960396039,0.132013201320132,,,,,,,,,,,,0.6006600660066007,0.37623762376237624,,0.19471947194719472,,50931.0
23,1038,30039,US:30039,9800.0,0.435374149659864,0.5544217687074829,0.20408163265306123,0.32312925170068024,0.2602040816326531,0.2602040816326531,,0.1836734693877551,0.4030612244897959,,,0.29931972789115646,0.3333333333333333,0.18877551020408162,0.5408163265306123,,,,,0.17346938775510204,0.47959183673469385,0.2074829931972789,0.12244897959183673,,,,,0.5204081632653061,0.4387755102040816,0.29081632653061223,0.12244897959183673,,,0.6870748299319728,0.17857142857142858,,,,,,,,,,,,0.608843537414966,0.5357142857142857,,0.24489795918367346,,63935.0
24,1039,30040,US:30040,33333.333333333336,0.41,0.58,0.15999999999999998,0.41,0.158,0.15399999999999997,,0.09499999999999999,0.5,,,0.32899999999999996,0.174,0.106,0.5,,0.11399999999999999,,,0.27899999999999997,0.42,0.103,0.109,0.044,0.10399999999999998,0.045,0.032999999999999995,0.5499999999999999,0.48,0.268,0.072,,0.06,0.72,0.155,0.045,0.032999999999999995,,,,0.036,0.047999999999999994,,,,,0.5499999999999999,0.294,,0.12399999999999999,0.09,90925.0
25,1040,30041,US:30041,19666.666666666668,0.41694915254237286,0.576271186440678,0.1559322033898305,0.39830508474576265,0.16101694915254236,0.15762711864406778,,0.09152542372881356,0.4813559322033898,,,0.34576271186440677,0.17627118644067793,0.12372881355932204,0.4983050847457627,,0.08644067796610169,,,0.22033898305084743,0.44576271186440675,0.11694915254237287,0.0983050847457627,,0.10847457627118644,,,0.559322033898305,0.4745762711864407,0.25593220338983047,0.06949152542372881,,,0.7457627118644067,0.15084745762711863,,,,,,,,,,,,0.5169491525423728,0.2915254237288135,,0.11525423728813558,0.08135593220338982,104202.0
26,1041,30043,US:30043,16000.0,0.4375,0.55,0.14583333333333334,0.3395833333333333,0.17708333333333334,0.17291666666666666,,0.13125,0.3541666666666667,,,0.3229166666666667,0.25,0.1375,0.5291666666666667,,0.08125,,,0.22916666666666666,0.45,0.22083333333333335,0.11458333333333333,,0.10625,,,0.4916666666666667,0.425,0.24166666666666667,0.08958333333333333,,,0.6604166666666667,0.15416666666666665,,,,,,,,,,,,0.5125,0.2916666666666667,,0.15208333333333335,,72728.0
27,1042,30044,US:30044,11566.666666666666,0.4783861671469741,0.5302593659942363,0.13256484149855907,0.30259365994236315,0.1585014409221902,0.1527377521613833,,0.12968299711815562,0.28530259365994237,,,0.31988472622478387,0.29682997118155624,0.1440922190201729,0.5273775216138329,,,,,0.28530259365994237,0.42074927953890495,0.34293948126801155,0.14697406340057637,,0.138328530259366,,,0.4495677233429395,0.3948126801152738,0.23919308357348704,0.1037463976945245,,,0.6282420749279539,0.1585014409221902,,,,,,,,,,,,0.5446685878962536,0.28530259365994237,,0.17579250720461095,,57334.0
28,1043,30045,US:30045,8666.666666666666,0.4192307692307693,0.5576923076923077,0.16730769230769232,0.33461538461538465,0.16538461538461538,0.16153846153846155,,0.1730769230769231,0.3615384615384616,,,0.31153846153846154,0.24230769230769234,0.12692307692307694,0.5115384615384615,,,,,0.6807692307692308,0.4384615384615385,0.2230769230769231,0.23076923076923078,,0.1730769230769231,,,0.5038461538461539,0.4192307692307693,0.2538461538461539,,,,0.6923076923076924,0.2653846153846154,,,,,,,,,,,,0.5461538461538462,0.29615384615384616,,0.16153846153846155,,73475.0
29,1044,30046,US:30046,19000.0,0.44035087719298244,0.5684210526315789,0.18421052631578946,0.3543859649122807,0.16842105263157894,0.16140350877192983,,0.16140350877192983,0.36491228070175435,,,0.2929824561403509,0.26842105263157895,0.1087719298245614,0.5368421052631579,,0.1631578947368421,,,0.3807017543859649,0.4508771929824561,0.20526315789473684,0.16842105263157894,0.08947368421052632,0.14035087719298245,0.08947368421052632,,0.5578947368421052,0.519298245614035,0.3333333333333333,0.10526315789473684,,0.1,0.7315789473684211,0.19473684210526315,,,,,,,0.05789473684210526,,,,,0.6543859649122807,0.35964912280701755,,0.2017543859649123,0.1368421052631579,45874.0
30,1045,30047,US:30047,11233.333333333334,0.4599406528189911,0.5519287833827893,0.14836795252225518,0.34124629080118696,0.13946587537091987,0.13353115727002968,,0.19584569732937684,0.35608308605341243,,,0.30267062314540055,0.2492581602373887,0.11275964391691395,0.48367952522255186,,0.10682492581602374,,,0.7121661721068249,0.3946587537091988,0.19584569732937684,0.20474777448071216,,0.13353115727002968,0.09792284866468842,,0.4183976261127596,0.37685459940652816,0.2166172106824926,0.11572700296735905,,,0.5548961424332344,0.1602373887240356,,,,,,,,,,,,0.5608308605341246,0.3086053412462908,,0.1691394658753709,0.12462908011869435,67897.0
31,1046,30052,US:30052,21000.0,0.4095238095238095,0.5873015873015873,0.23015873015873015,0.33174603174603173,0.1603174603174603,0.15555555555555556,,0.11746031746031746,0.44285714285714284,,,0.3174603174603175,0.24761904761904763,0.1,0.5079365079365079,,0.08095238095238096,,,0.25396825396825395,0.4523809523809524,0.08095238095238096,0.13333333333333333,0.05476190476190476,0.1,,,0.5555555555555556,0.4920634920634921,0.32222222222222224,0.08888888888888889,,0.06666666666666667,0.6984126984126984,0.15396825396825398,,,,,,,,,,,,0.5555555555555556,0.3333333333333333,,0.1523809523809524,0.0761904761904762,65993.0
32,1047,30054,US:30054,5500.0,0.43636363636363634,0.5575757575757575,0.2424242424242424,0.28484848484848485,,,,,0.3696969696969697,,,0.27878787878787875,0.3090909090909091,,0.5333333333333333,,,,,0.5454545454545454,0.44848484848484843,,0.2,,,,,0.5454545454545454,0.4727272727272727,0.3151515151515151,,,,0.6727272727272727,0.21818181818181817,,,,,,,,,,,,0.8,0.44848484848484843,,0.32727272727272727,,59929.0
33,1048,30055,US:30055,1300.0,,,,,,,,,,,,,,,,,,,,,,,,,,,,,,,,,,,,,,,,,,,,,,,,,,,,66848.0
34,1049,30056,US:30056,1100.0,,,,,,,,,,,,,,,,,,,,,,,,,,,,,,,,,,,,,,,,,,,,,,,,,,,,49844.0
35,1050,30058,US:30058,13033.333333333334,0.41432225063938616,0.5601023017902813,0.16879795396419436,0.32225063938618925,0.15601023017902813,0.1483375959079284,,0.21483375959079282,0.18414322250639387,,,0.2455242966751918,0.3324808184143222,0.10485933503836317,0.5294117647058824,,0.1534526854219949,,,0.4040920716112532,0.35805626598465473,0.13043478260869565,0.3836317135549872,0.13810741687979539,0.1227621483375959,,,0.4578005115089514,0.4040920716112532,0.27621483375959077,0.2455242966751918,,0.08439897698209718,0.618925831202046,0.3375959079283887,,,,,,,0.08439897698209718,,,,,0.8056265984654731,0.38107416879795397,,0.2710997442455243,0.09207161125319693,48811.0
36,1051,30060,US:30060,34666.666666666664,0.4105769230769231,0.5865384615384616,0.13942307692307693,0.39230769230769236,0.1528846153846154,0.14807692307692308,,0.12692307692307694,0.40384615384615385,,,0.29807692307692313,0.2057692307692308,0.10673076923076924,0.4903846153846154,,0.11826923076923078,,,0.29903846153846153,0.3942307692307692,0.11634615384615386,0.11442307692307693,0.0451923076923077,0.1423076923076923,0.041346153846153845,0.043269230769230775,0.5480769230769231,0.5096153846153847,0.2875,0.10576923076923077,0.031730769230769236,0.08076923076923077,0.7403846153846154,0.14134615384615384,0.04038461538461539,0.031730769230769236,,,,0.043269230769230775,0.049038461538461545,,,,,0.5961538461538463,0.326923076923077,,0.14615384615384616,0.07500000000000001,41130.0
37,1052,30062,US:30062,15666.666666666666,0.4021276595744681,0.5468085106382978,0.11063829787234042,0.4021276595744681,0.16595744680851066,0.16382978723404254,,0.09787234042553192,0.4191489361702128,,,0.32127659574468087,0.1829787234042553,0.1595744680851064,0.48297872340425535,,,,,0.1702127659574468,0.4319148936170213,0.11276595744680852,0.11170212765957448,,0.10425531914893617,,,0.4446808510638298,0.39361702127659576,0.2042553191489362,0.0872340425531915,,,0.5893617021276596,0.11914893617021277,,,,,,,,,,,,0.4340425531914894,0.25106382978723407,,0.1021276595744681,,94437.0
38,1053,30064,US:30064,11000.0,0.38787878787878793,0.6,0.1212121212121212,0.41818181818181815,0.14848484848484847,0.14848484848484847,,0.11818181818181818,0.43636363636363634,,,0.3333333333333333,0.16666666666666666,0.12727272727272726,0.4878787878787879,,,,,0.5,0.4303030303030303,,0.15454545454545454,,0.1212121212121212,,,0.5303030303030303,0.4787878787878788,0.26666666666666666,0.10909090909090909,,,0.7212121212121212,0.13636363636363635,,,,,,,,,,,,0.4787878787878788,0.27575757575757576,,0.10606060606060606,,83375.0
39,1054,30066,US:30066,9700.0,0.429553264604811,0.5567010309278351,0.140893470790378,0.36426116838487976,0.16494845360824742,0.16151202749140894,,0.1374570446735395,0.36082474226804123,,,0.3161512027491409,0.20962199312714777,0.13402061855670103,0.5051546391752577,,,,,0.5051546391752577,0.4329896907216495,0.13402061855670103,0.20618556701030927,,0.12371134020618557,,,0.4776632302405498,0.44329896907216493,0.24398625429553264,0.12371134020618557,,,0.6735395189003436,0.14776632302405499,,,,,,,,,,,,0.4982817869415807,0.281786941580756,,0.12371134020618557,,91364.0
40,1055,30067,US:30067,8300.0,0.4538152610441767,0.5301204819277109,0.14457831325301204,0.37349397590361444,0.17670682730923695,0.17269076305220882,,0.16465863453815263,0.30522088353413657,,,0.3132530120481928,0.2329317269076305,0.16265060240963855,0.5301204819277109,,,,,0.6024096385542169,0.429718875502008,0.21285140562248997,0.2289156626506024,,0.1686746987951807,,,0.4457831325301205,0.43775100401606426,0.23694779116465864,0.1686746987951807,,,0.6546184738955823,0.4939759036144578,,,,,,,,,,,,0.5742971887550201,0.3092369477911646,,0.1927710843373494,0.27710843373493976,55681.0
41,1056,30068,US:30068,6100.0,0.4098360655737705,0.5737704918032787,,0.42076502732240434,0.1885245901639344,0.1885245901639344,,,0.4371584699453552,,,0.3442622950819672,0.18032786885245902,0.18032786885245902,0.5027322404371585,,,,,0.4098360655737705,0.4426229508196721,,,,,,,0.4972677595628416,0.4371584699453552,0.21311475409836064,,,,0.6939890710382514,,,,,,,,,,,,,0.5027322404371585,0.29508196721311475,,,,108105.0
42,1057,30070,US:30070,,,,,,,,,,,,,,,,,,,,,,,,,,,,,,,,,,,,,,,,,,,,,,,,,,,,,26000.0
43,1058,30071,US:30071,19333.333333333332,0.5379310344827587,0.46034482758620693,0.14482758620689656,0.2793103448275862,0.13620689655172416,0.13275862068965516,,0.17413793103448277,0.19827586206896552,,,0.2793103448275862,0.34827586206896555,0.13275862068965516,0.5637931034482759,,0.08793103448275863,,,0.4,0.3724137931034483,0.36724137931034484,0.12068965517241381,0.06724137931034484,0.14482758620689656,0.08275862068965517,,0.4172413793103449,0.39655172413793105,0.23793103448275862,0.0956896551724138,,0.062068965517241385,0.6155172413793104,0.1810344827586207,,,,,,,,,,,,0.6206896551724138,0.3396551724137931,,0.19827586206896552,0.07241379310344828,43951.0
44,1059,30072,US:30072,,,,,,,,,,,,,,,,,,,,,,,,,,,,,,,,,,,,,,,,,,,,,,,,,,,,,48571.0
45,1060,30075,US:30075,23333.333333333332,0.4014285714285714,0.5714285714285715,0.08857142857142856,0.4542857142857143,0.15714285714285714,0.1542857142857143,,0.09857142857142857,0.45142857142857146,,,0.3514285714285714,0.14,0.13142857142857142,0.48571428571428577,,0.08142857142857143,,,0.20571428571428574,0.43428571428571433,0.09142857142857144,0.07857142857142857,,0.11857142857142858,,,0.48571428571428577,0.45714285714285713,0.22142857142857145,0.07428571428571429,,0.047142857142857146,0.7000000000000001,0.13142857142857142,0.055714285714285716,,,,,,,,,,,0.5285714285714286,0.2771428571428572,,0.09571428571428572,0.07714285714285715,109786.0
46,1061,30076,US:30076,33333.333333333336,0.45999999999999996,0.5199999999999999,0.106,0.39999999999999997,0.155,0.15099999999999997,,0.129,0.33999999999999997,,,0.32999999999999996,0.21099999999999997,0.128,0.51,,0.06,,,0.26399999999999996,0.42,0.177,0.091,,0.12,,0.032999999999999995,0.44999999999999996,0.41,0.22499999999999998,0.08399999999999999,,0.045,0.6399999999999999,0.147,0.045,,,,,0.039,0.041999999999999996,,,,,0.6,0.322,,0.141,0.08099999999999999,72719.0
47,1062,30078,US:30078,26666.666666666668,0.4175,0.5625,0.17625,0.34374999999999994,0.15874999999999997,0.15375,,0.14125,0.33875,,,0.3025,0.255,0.10749999999999998,0.5499999999999999,,0.1275,,,0.335,0.435,0.16,0.13749999999999998,0.06,0.11124999999999999,0.06375,0.045,0.5375,0.47624999999999995,0.3,0.09875,,0.09,0.7249999999999999,0.18499999999999997,,,,,,0.041249999999999995,0.06,,,,,0.6749999999999999,0.36,,0.18625,0.11624999999999999,72207.0
48,1063,30079,US:30079,,,,,,,,,,,,,,,,,,,,,,,,,,,,,,,,,,,,,,,,,,,,,,,,,,,,,44706.0
49,1064,30080,US:30080,20333.333333333332,0.4819672131147541,0.5114754098360657,0.14426229508196722,0.3442622950819672,0.15409836065573773,0.15081967213114755,,0.17049180327868851,0.2688524590163935,,,0.3016393442622951,0.2688524590163935,0.12622950819672132,0.5459016393442623,,0.1180327868852459,,,0.34262295081967215,0.4049180327868853,0.18852459016393444,0.12131147540983607,0.06885245901639345,0.119672131147541,,,0.49344262295081975,0.44098360655737706,0.2655737704918033,0.10655737704918032,,0.0639344262295082,0.6557377049180328,0.15901639344262297,,,,,,,,,,,,0.6065573770491804,0.32131147540983607,,0.16229508196721312,0.08360655737704918,65159.0
50,1065,30082,US:30082,8400.0,0.4484126984126984,0.5396825396825397,0.13690476190476192,0.38095238095238093,0.1626984126984127,0.17857142857142858,,0.16071428571428573,0.3373015873015873,,,0.31746031746031744,0.23809523809523808,0.1488095238095238,0.5238095238095238,,,,,0.5714285714285714,0.4484126984126984,0.1507936507936508,0.16666666666666666,,0.1468253968253968,,,0.5198412698412699,0.47619047619047616,0.2777777777777778,0.14285714285714285,,,0.6904761904761905,0.2261904761904762,,,,,,,,,,,,0.5714285714285714,0.30952380952380953,,0.14285714285714285,,74180.0
51,1066,30083,US:30083,15066.666666666666,0.4756637168141593,0.5199115044247787,0.19911504424778761,0.3230088495575222,0.14159292035398233,0.13495575221238937,,0.19911504424778761,0.1946902654867257,,,0.252212389380531,0.3230088495575222,0.09734513274336284,0.5287610619469026,,0.13938053097345132,,,0.41592920353982304,0.36283185840707965,0.20796460176991152,0.36504424778761063,0.11946902654867257,0.13938053097345132,0.07964601769911504,,0.4269911504424779,0.3893805309734514,0.25,0.2323008849557522,,0.09292035398230089,0.6061946902654868,0.17699115044247787,,,,,,,,,,,,0.6637168141592921,0.33185840707964603,,0.22123893805309736,0.11946902654867257,37871.0
52,1067,30084,US:30084,10633.333333333334,0.5141065830721003,0.4921630094043887,0.12539184952978055,0.3072100313479624,0.12852664576802508,0.12539184952978055,,0.13793103448275862,0.231974921630094,,,0.28840125391849525,0.31974921630094044,0.1457680250783699,0.5235109717868338,,,,,0.2946708463949843,0.4200626959247649,0.2915360501567398,0.1786833855799373,,0.11912225705329153,,,0.4200626959247649,0.3887147335423197,0.21630094043887146,0.1128526645768025,,,0.6144200626959248,0.15987460815047022,,,,,,,,,,,,0.6175548589341693,0.3510971786833856,,0.19435736677115986,,61938.0
53,1068,30087,US:30087,9100.0,0.44688644688644685,0.5384615384615384,0.1813186813186813,0.33699633699633696,0.22527472527472528,0.22527472527472528,,0.18681318681318682,0.35714285714285715,,,0.2893772893772894,0.3443223443223443,0.1813186813186813,0.5347985347985348,,,,,0.21978021978021978,0.44688644688644685,0.2087912087912088,0.14285714285714285,,0.12087912087912088,,,0.48717948717948717,0.3992673992673993,0.21245421245421245,0.13186813186813187,,,0.684981684981685,0.19230769230769232,,,,,,,,,,,,0.6776556776556777,0.45054945054945056,,0.2692307692307692,,71833.0
54,1069,30088,US:30088,2566.6666666666665,0.4545454545454546,0.5194805194805194,,,,,,,,,,,0.4285714285714286,,0.5194805194805194,,,,,0.5454545454545455,0.48701298701298706,,,,,,,,,,,,,0.49350649350649356,,,,,,,,,,,,,0.5844155844155845,,,,,48283.0
55,1070,30092,US:30092,8633.333333333334,0.4478764478764478,0.5405405405405406,,0.3938223938223938,0.1795366795366795,0.1795366795366795,,0.138996138996139,0.3359073359073359,,,0.3088803088803088,0.2277992277992278,0.16795366795366795,0.5173745173745173,,,,,0.498069498069498,0.42084942084942084,0.17760617760617758,0.15057915057915056,,0.1274131274131274,,,0.4401544401544401,0.42857142857142855,0.23938223938223935,,,,0.6525096525096524,0.17374517374517373,,,,,,,,,,,,0.555984555984556,0.3127413127413127,,0.14671814671814673,,63446.0
56,1071,30093,US:30093,8700.0,0.5747126436781609,0.421455938697318,0.12643678160919541,0.21455938697318008,0.12643678160919541,0.12643678160919541,,0.14367816091954022,0.15517241379310345,,,0.27586206896551724,0.421455938697318,0.1724137931034483,0.5363984674329503,,,,,0.3218390804597701,0.3716475095785441,0.4865900383141762,,,0.13793103448275862,,,0.3103448275862069,0.3256704980842912,0.18007662835249044,,,,0.5287356321839081,0.14942528735632185,,,,,,,,,,,,0.6436781609195402,0.3639846743295019,,0.21455938697318008,,37862.0
57,1072,30094,US:30094,7266.666666666667,0.4220183486238532,0.5779816513761468,0.21559633027522937,0.3348623853211009,0.17889908256880732,0.17889908256880732,,0.1513761467889908,0.3623853211009174,,,0.2844036697247706,0.29357798165137616,,0.5229357798165137,,,,,0.5642201834862385,0.45871559633027525,,0.23394495412844035,,,,,0.5412844036697247,0.4541284403669725,0.3073394495412844,,,,0.6880733944954128,0.19266055045871558,,,,,,,,,,,,0.5871559633027523,0.3623853211009174,,0.19266055045871558,,65269.0
58,1073,30096,US:30096,33666.666666666664,0.4851485148514852,0.5247524752475248,0.1316831683168317,0.32673267326732675,0.15841584158415842,0.15247524752475247,,0.15544554455445544,0.26633663366336635,,,0.31683168316831684,0.27920792079207923,0.13861386138613863,0.5544554455445545,,0.061386138613861385,,,0.3108910891089109,0.43564356435643564,0.2940594059405941,0.10990099009900992,0.04554455445544554,0.09801980198019802,0.04455445544554456,0.03564356435643565,0.4257425742574258,0.3960396039603961,0.23069306930693073,0.08316831683168317,,0.047524752475247525,0.613861386138614,0.16534653465346535,0.041584158415841586,,,,,,0.041584158415841586,,,,,0.6336633663366337,0.3346534653465347,,0.18811881188118812,0.08613861386138615,50771.0
59,1074,30097,US:30097,14333.333333333334,0.43488372093023253,0.5488372093023256,0.09069767441860464,0.37906976744186044,0.16511627906976742,0.16046511627906976,,0.10465116279069767,0.3813953488372093,,,0.3581395348837209,0.17209302325581394,0.17209302325581394,0.5209302325581395,,0.09069767441860464,,,0.46744186046511627,0.45581395348837206,0.23720930232558138,0.11860465116279069,,0.09069767441860464,,,0.4255813953488372,0.3813953488372093,0.19302325581395346,,,,0.6255813953488372,0.13488372093023254,,,,,,,,,,,,0.5348837209302325,0.2813953488372093,,0.12325581395348838,0.07674418604651162,99904.0
60,1075,30101,US:30101,20333.333333333332,0.42295081967213116,0.5721311475409837,0.18852459016393444,0.3737704918032787,0.1639344262295082,0.15901639344262297,,0.11475409836065575,0.4557377049180328,,,0.29672131147540987,0.22622950819672133,0.10163934426229508,0.5,,0.10327868852459017,,,0.27704918032786885,0.4295081967213115,0.07704918032786887,0.14754098360655737,0.06885245901639345,0.11475409836065575,,,0.5573770491803279,0.5098360655737705,0.3114754098360656,0.10327868852459017,,0.06885245901639345,0.7213114754098361,0.15901639344262297,,,,,,,,,,,,0.5491803278688525,0.3163934426229508,,0.15081967213114755,0.10327868852459017,83534.0
61,1076,30102,US:30102,8666.666666666666,0.44230769230769235,0.55,0.1807692307692308,0.35000000000000003,0.17692307692307693,0.20192307692307693,,0.1326923076923077,0.4115384615384616,,,0.30000000000000004,0.2653846153846154,0.15000000000000002,0.5346153846153846,,,,,0.5423076923076924,0.45,0.18461538461538463,0.21923076923076926,,0.16153846153846155,,,0.5615384615384617,0.5,0.29615384615384616,,,,0.7346153846153847,0.17884615384615385,,,,,,,,,,,,0.5230769230769231,0.3230769230769231,,0.15384615384615385,,62051.0
62,1077,30103,US:30103,10500.0,0.453968253968254,0.5333333333333333,0.24444444444444444,0.28253968253968254,0.11904761904761904,0.11904761904761904,,0.14285714285714285,0.38095238095238093,,,0.2888888888888889,0.2984126984126984,0.10952380952380952,0.5492063492063493,,,,,0.35555555555555557,0.3650793650793651,,0.15555555555555556,,0.10476190476190476,,,0.5523809523809524,0.4920634920634921,0.33015873015873015,0.11428571428571428,,,0.7047619047619048,0.17777777777777778,,,,,,,,,,,,0.6317460317460317,0.3492063492063492,,0.16507936507936508,,43093.0
63,1078,30104,US:30104,2100.0,0.5714285714285714,0.6190476190476191,,,,,,,,,,,,,0.6190476190476191,,,,,,0.5238095238095238,,,,,,,0.6031746031746033,0.5714285714285714,,,,,0.6984126984126985,,,,,,,,,,,,,0.7142857142857143,0.5714285714285714,,,,55833.0
64,1079,30106,US:30106,10133.333333333334,0.444078947368421,0.5394736842105263,0.2006578947368421,0.29276315789473684,0.15131578947368418,0.14802631578947367,,0.18421052631578946,0.2532894736842105,,,0.2664473684210526,0.3322368421052631,0.11842105263157894,0.5328947368421052,,,,,0.3289473684210526,0.4013157894736842,0.16118421052631576,0.28618421052631576,,0.1282894736842105,,,0.47368421052631576,0.4078947368421052,0.256578947368421,0.14802631578947367,,,0.6348684210526315,0.1644736842105263,,,,,,,,,,,,0.6085526315789473,0.35197368421052627,,0.1875,,47659.0
65,1080,30107,US:30107,8133.333333333333,0.43442622950819676,0.5614754098360656,0.22540983606557377,0.33606557377049184,0.14139344262295084,0.14139344262295084,,,0.4672131147540984,,,0.3073770491803279,0.23770491803278687,,0.5245901639344263,,,,,0.2581967213114754,0.4098360655737705,,0.20901639344262296,,,,,0.6106557377049181,0.5204918032786885,0.2991803278688525,,,,0.7418032786885246,0.16803278688524592,,,,,,,,,,,,0.5737704918032788,0.3442622950819672,,0.15163934426229508,,72695.0
66,1081,30108,US:30108,5133.333333333333,0.4285714285714286,0.5584415584415584,0.2597402597402597,0.28571428571428575,,,,,0.35714285714285715,,,0.27272727272727276,0.3116883116883117,,0.5844155844155845,,,,,0.40259740259740256,0.33116883116883117,,0.2532467532467533,,,,,0.6233766233766234,0.538961038961039,0.37012987012987014,,,,0.7272727272727273,0.2532467532467533,,,,,,,,,,,,0.6493506493506495,0.35714285714285715,,,,38676.0
67,1082,30110,US:30110,10666.666666666666,0.434375,0.575,0.24375000000000002,0.309375,0.12187500000000001,0.12187500000000001,,0.146875,0.4000000000000001,,,0.30000000000000004,0.28437500000000004,0.12187500000000001,0.571875,,,,,0.34687500000000004,0.375,,0.1625,,0.1125,,,0.603125,0.525,0.36562500000000003,0.10312500000000001,,,0.75,0.18125,,,,,,,,,,,,0.659375,0.36875,,0.17500000000000002,,43178.0
68,1083,30113,US:30113,3133.3333333333335,0.44680851063829785,0.5425531914893617,,,,,,,0.4042553191489362,,,,0.39893617021276595,,0.6063829787234042,,,,,0.6382978723404255,0.3829787234042553,,,,,,,0.5638297872340425,0.4787234042553191,0.4148936170212766,,,,0.6808510638297872,,,,,,,,,,,,,0.6382978723404255,0.44680851063829785,,,,42328.0
69,1084,30114,US:30114,28333.333333333332,0.4235294117647059,0.5764705882352942,0.19294117647058825,0.3764705882352941,0.14588235294117646,0.1423529411764706,,0.11411764705882355,0.45882352941176474,,,0.32,0.21058823529411766,0.1011764705882353,0.5176470588235295,,0.09176470588235294,,,0.2635294117647059,0.4470588235294118,0.08588235294117648,0.13411764705882354,0.05176470588235295,0.13529411764705884,0.04235294117647059,,0.5764705882352942,0.49411764705882355,0.3070588235294118,0.08941176470588236,,0.06705882352941177,0.7294117647058824,0.16,,,,,,,,,,,,0.5647058823529412,0.3258823529411765,,0.1388235294117647,0.07764705882352942,66756.0
70,1085,30115,US:30115,21000.0,0.4142857142857143,0.5714285714285714,0.1761904761904762,0.3603174603174603,0.15079365079365079,0.14761904761904762,,0.10952380952380952,0.43650793650793646,,,0.326984126984127,0.19523809523809524,0.1015873015873016,0.5079365079365079,,0.09523809523809523,,,0.2634920634920635,0.4301587301587302,0.06984126984126984,0.12222222222222222,0.05238095238095238,0.10952380952380952,,,0.5396825396825398,0.4634920634920635,0.28095238095238095,0.09682539682539683,,0.06190476190476191,0.7301587301587302,0.15396825396825398,,,,,,,,,,,,0.5714285714285714,0.3126984126984127,,0.13492063492063494,0.07142857142857142,82759.0
71,1086,30116,US:30116,7600.0,0.4298245614035088,0.5657894736842105,0.25,0.32894736842105265,0.15789473684210525,0.15789473684210525,,0.17105263157894737,0.3859649122807018,,,0.3026315789473684,0.29385964912280704,0.14473684210526316,0.5350877192982456,,,,,0.2324561403508772,0.4298245614035088,,0.1513157894736842,,0.14473684210526316,,,0.618421052631579,0.5394736842105263,0.3991228070175439,0.14473684210526316,,,0.7587719298245614,0.15789473684210525,,,,,,,,,,,,0.5833333333333333,0.48026315789473684,,0.17763157894736842,,49179.0
72,1087,30117,US:30117,23000.0,0.41449275362318844,0.5652173913043478,0.20144927536231882,0.3318840579710145,0.11159420289855072,0.10869565217391304,,0.17681159420289855,0.3521739130434783,,,0.30434782608695654,0.2623188405797101,0.09130434782608696,0.5362318840579711,,0.07391304347826087,,,0.3463768115942029,0.3840579710144928,0.06086956521739131,0.1565217391304348,0.06811594202898551,0.13043478260869565,0.05217391304347826,,0.5942028985507246,0.5362318840579711,0.41739130434782606,0.12173913043478261,0.04782608695652174,0.10434782608695652,0.7391304347826086,0.18115942028985507,,,,,,,,,,,,0.6086956521739131,0.3347826086956522,,0.14492753623188406,0.06086956521739131,40228.0
73,1088,30120,US:30120,29000.0,0.43678160919540227,0.5632183908045977,0.23908045977011494,0.3137931034482759,0.12873563218390804,0.1264367816091954,,0.1574712643678161,0.367816091954023,,,0.3057471264367816,0.28160919540229884,0.09655172413793103,0.5287356321839081,,0.056896551724137934,,,0.3160919540229885,0.3954022988505747,0.05172413793103448,0.15402298850574714,0.07586206896551724,0.0954022988505747,,,0.574712643678161,0.4942528735632184,0.33793103448275863,0.10574712643678161,0.041379310344827586,0.07931034482758621,0.7241379310344828,0.17586206896551723,,,,,,,0.039655172413793106,,,,,0.6206896551724138,0.3540229885057471,,0.14942528735632182,0.05517241379310345,54257.0
74,1089,30121,US:30121,9566.666666666666,0.4285714285714286,0.5714285714285715,0.24390243902439027,0.29965156794425085,0.14634146341463417,0.14634146341463417,,0.17421602787456447,0.34494773519163763,,,0.29268292682926833,0.29268292682926833,0.12020905923344949,0.5365853658536586,,,,,0.3170731707317074,0.397212543554007,,0.18118466898954705,,0.1358885017421603,,,0.5888501742160279,0.5087108013937283,0.3658536585365854,0.13066202090592335,,,0.7247386759581882,0.1672473867595819,,,,,,,,,,,,0.578397212543554,0.34494773519163763,,0.14634146341463417,,53614.0
75,1090,30122,US:30122,8366.666666666666,0.47410358565737054,0.5258964143426296,0.20717131474103587,0.302788844621514,0.16334661354581675,0.1593625498007968,,0.18326693227091634,0.2629482071713148,,,0.2669322709163347,0.3426294820717132,0.13745019920318727,0.5498007968127491,,,,,0.3227091633466136,0.41434262948207173,0.14342629482071714,0.17928286852589642,,,,,0.4860557768924303,0.41434262948207173,0.28286852589641437,0.14342629482071714,,,0.6454183266932272,0.17928286852589642,,,,,,,,,,,,0.6294820717131475,0.3705179282868526,,0.1952191235059761,,50905.0
76,1091,30126,US:30126,9500.0,0.48070175438596496,0.5157894736842106,0.16140350877192983,0.29824561403508776,0.14385964912280702,0.15263157894736842,,0.15087719298245614,0.25263157894736843,,,0.27017543859649124,0.3298245614035088,0.14736842105263157,0.5333333333333333,,,,,0.30526315789473685,0.4070175438596491,0.19298245614035087,0.2,,0.12631578947368421,,,0.4,0.3684210526315789,0.22807017543859648,0.11578947368421053,,,0.5684210526315789,0.1543859649122807,,,,,,,,,,,,0.631578947368421,0.35789473684210527,,0.19298245614035087,,71208.0
77,1092,30127,US:30127,18666.666666666668,0.40714285714285714,0.5732142857142857,0.19464285714285715,0.35892857142857143,0.1625,0.15892857142857142,,0.11249999999999999,0.40892857142857136,,,0.2964285714285714,0.2464285714285714,0.13124999999999998,0.4928571428571428,,0.06428571428571428,,,0.21249999999999997,0.43571428571428567,0.08214285714285713,0.12678571428571428,0.06428571428571428,0.09999999999999999,,,0.47678571428571426,0.41607142857142854,0.2517857142857143,0.08214285714285713,,,0.6232142857142857,0.14107142857142857,,,,,,,,,,,,0.5,0.3107142857142857,,0.14642857142857144,0.06964285714285715,76150.0
78,1093,30132,US:30132,20666.666666666668,0.4193548387096774,0.5758064516129032,0.25806451612903225,0.32419354838709674,0.15483870967741933,0.15322580645161288,,0.1193548387096774,0.4806451612903226,,,0.32419354838709674,0.25483870967741934,0.12338709677419354,0.5016129032258064,,0.058064516129032254,,,0.2306451612903226,0.41774193548387095,,0.12419354838709676,0.06048387096774193,0.09838709677419354,,,0.567741935483871,0.47580645161290325,0.2967741935483871,0.09354838709677418,,,0.6903225806451612,0.13709677419354838,,,,,,,,,,,,0.5967741935483871,0.3451612903225806,,0.15806451612903225,,65043.0
79,1094,30134,US:30134,16333.333333333334,0.42857142857142855,0.5714285714285714,0.236734693877551,0.30612244897959184,0.15306122448979592,0.14693877551020407,,0.16530612244897958,0.3387755102040816,,,0.27346938775510204,0.3040816326530612,0.09795918367346938,0.6,,0.12857142857142856,,,0.3775510204081633,0.4816326530612245,0.08163265306122448,0.1979591836734694,0.10408163265306122,0.1183673469387755,,,0.6163265306122448,0.5387755102040817,0.39999999999999997,0.12653061224489795,,0.11632653061224489,0.7959183673469388,0.19591836734693877,,,,,,,,,,,,0.7061224489795919,0.3979591836734694,,0.21428571428571427,0.11632653061224489,51295.0
80,1095,30135,US:30135,32000.0,0.415625,0.5729166666666666,0.228125,0.31145833333333334,0.165625,0.1625,,0.14895833333333333,0.3854166666666667,,,0.309375,0.284375,0.109375,0.50625,,0.040625,,,0.20104166666666665,0.4197916666666667,0.0625,0.11875,0.06458333333333333,0.08854166666666667,0.0359375,0.034375,0.5302083333333334,0.4322916666666667,0.2583333333333333,0.11041666666666668,0.0390625,0.0375,0.6770833333333334,0.13645833333333335,,,,,,,0.0390625,,,,,0.5822916666666667,0.3625,,0.16458333333333333,0.034375,70020.0
81,1096,30137,US:30137,,,,,,,,,,,,,,,,,,,,,,,,,,,,,,,,,,,,,,,,,,,,,,,,,,,,,47411.0
82,1097,30139,US:30139,1833.3333333333333,,,,,,,,,,,,,,,0.6,,,,,0.6,,,,,,,,0.6,,,,,,0.6363636363636365,,,,,,,,,,,,,0.6363636363636365,,,,,46331.0
83,1098,30141,US:30141,19666.666666666668,0.423728813559322,0.5745762711864406,0.2389830508474576,0.31525423728813556,0.13220338983050847,0.12542372881355932,,0.38644067796610165,0.3949152542372881,,0.06610169491525424,0.2966101694915254,0.19999999999999998,0.1271186440677966,0.6135593220338983,0.05593220338983051,0.2694915254237288,,,1.7288135593220337,0.4508474576271186,0.10169491525423728,0.6610169491525423,0.17288135593220338,0.30508474576271183,0.10169491525423728,0.09152542372881356,0.6728813559322033,0.6186440677966101,0.4491525423728814,0.3406779661016949,0.06610169491525424,0.20338983050847456,0.8644067796610169,0.711864406779661,0.06610169491525424,0.06610169491525424,,,,0.08644067796610169,0.12203389830508474,,,,,0.7406779661016948,0.31864406779661014,,0.49322033898305084,0.17288135593220338,60361.0
84,1099,30143,US:30143,17333.333333333332,0.4365384615384616,0.5634615384615385,0.22115384615384617,0.31346153846153846,0.10384615384615385,0.10192307692307694,,0.12884615384615386,0.3961538461538462,,,0.2923076923076923,0.25192307692307697,0.08653846153846155,0.55,0.06346153846153847,0.07500000000000001,,,0.31153846153846154,0.3653846153846154,,0.16730769230769232,0.08076923076923077,0.10384615384615385,,,0.5903846153846155,0.48846153846153845,0.31538461538461543,0.09423076923076923,,0.06923076923076923,0.7307692307692308,0.18846153846153846,,,,,,,,,,,,0.6230769230769231,0.34807692307692306,,0.16730769230769232,0.09230769230769231,64679.0
85,1100,30144,US:30144,31666.666666666668,0.4421052631578947,0.5473684210526315,0.14947368421052631,0.37894736842105264,0.18105263157894735,0.17684210526315788,,0.15894736842105261,0.37894736842105264,,,0.34105263157894733,0.2031578947368421,0.11578947368421051,0.5263157894736842,,0.06157894736842105,,,0.21789473684210525,0.45263157894736844,0.09684210526315788,0.12105263157894737,0.04736842105263158,0.11894736842105262,0.038947368421052626,0.034736842105263156,0.5684210526315789,0.5052631578947369,0.29157894736842105,0.1094736842105263,,0.05052631578947368,0.7578947368421053,0.14842105263157895,0.03789473684210526,,,,,,0.04421052631578947,,,,,0.5894736842105264,0.32842105263157895,,0.14526315789473684,0.07263157894736842,64754.0
86,1101,30145,US:30145,2533.3333333333335,0.4934210526315789,0.5394736842105263,,,,,,,0.4539473684210526,,,,,,0.5526315789473684,,,,,0.6710526315789473,,,,,,,,0.5394736842105263,0.48684210526315785,0.43421052631578944,,,,0.6973684210526315,,,,,,,,,,,,,0.618421052631579,,,,,64332.0
87,1102,30148,US:30148,,,,,,,,,,,,,,,,,,,,,,,,,,,,,,,,,,,,,,,,,,,,,,,,,,,,,41496.0
88,1103,30152,US:30152,8866.666666666666,0.4097744360902256,0.5827067669172933,0.14285714285714288,0.3759398496240602,0.16917293233082709,0.1917293233082707,,0.14097744360902256,0.387218045112782,,,0.33082706766917297,0.2067669172932331,0.14097744360902256,0.5112781954887218,,,,,0.518796992481203,0.4511278195488722,0.13533834586466167,0.1804511278195489,,0.13909774436090225,,,0.5413533834586467,0.46616541353383456,0.2669172932330827,,,,0.7105263157894738,0.2142857142857143,,,,,,,,,,,,0.5263157894736843,0.3007518796992481,,0.13533834586466167,,82674.0
89,1104,30153,US:30153,11933.333333333334,0.43016759776536306,0.5614525139664804,0.25139664804469275,0.27932960893854747,0.10893854748603352,0.10055865921787709,,0.15921787709497207,0.3435754189944134,,,0.2681564245810056,0.29608938547486036,,0.5335195530726257,,0.09217877094972067,,,0.3715083798882681,0.3687150837988827,,0.1983240223463687,0.1340782122905028,0.22625698324022345,,,0.6229050279329609,0.5418994413407822,0.39385474860335196,0.1759776536312849,,0.10893854748603352,0.723463687150838,0.19273743016759776,,,,,,,,,,,,0.6424581005586593,0.3407821229050279,,0.18156424581005584,,38179.0
90,1105,30157,US:30157,10833.333333333334,0.4246153846153846,0.5784615384615385,0.24,0.31384615384615383,0.18923076923076923,0.18923076923076923,,0.12,0.4461538461538461,,,0.3076923076923077,0.27999999999999997,0.13384615384615384,0.5292307692307692,,,,,0.24,0.4461538461538461,,0.15692307692307692,,0.1076923076923077,,,0.563076923076923,0.4738461538461538,0.31384615384615383,0.10615384615384615,,,0.7076923076923077,0.14769230769230768,,,,,,,,,,,,0.5692307692307692,0.34769230769230763,,0.16615384615384615,,61444.0
91,1106,30161,US:30161,17333.333333333332,0.4288461538461539,0.5615384615384617,0.19615384615384618,0.33076923076923076,0.10384615384615385,0.1,,0.1826923076923077,0.31153846153846154,,,0.2692307692307693,0.29807692307692313,0.11538461538461539,0.5288461538461539,,0.06923076923076923,,,0.31923076923076926,0.39038461538461544,0.06346153846153847,0.17115384615384616,0.07692307692307693,0.125,,,0.5403846153846154,0.49423076923076925,0.3403846153846154,0.11923076923076922,,0.08653846153846155,0.6730769230769231,0.17884615384615385,,,,,,,,,,,,0.5615384615384617,0.33653846153846156,,0.13653846153846155,,39554.0
92,1107,30168,US:30168,4600.0,0.48550724637681164,0.5,,0.2608695652173913,,,,,,,,0.25,0.3840579710144928,,0.5289855072463768,,,,,0.5217391304347826,0.39855072463768115,0.25,,,,,,0.427536231884058,0.391304347826087,0.34782608695652173,,,,0.6159420289855073,,,,,,,,,,,,,0.6159420289855073,0.44565217391304346,,,,41299.0
93,1108,30170,US:30170,1300.0,,,,,,,,,,,,,,,,,,,,,,,,,,,,,,,,,,,,,,,,,,,,,,,,,,,,49489.0
94,1109,30171,US:30171,1433.3333333333333,,,,,,,,,,,,,,,,,,,,,,,,,,,,,,,,,,,,,,,,,,,,,,,,,,,,61151.0
95,1110,30175,US:30175,2433.3333333333335,0.5136986301369862,0.636986301369863,,,,,,,0.4931506849315068,,,,,,0.636986301369863,,,,,,0.5547945205479452,,,,,,,0.6027397260273972,0.4931506849315068,,,,,0.6986301369863013,,,,,,,,,,,,,0.6164383561643835,0.4931506849315068,,,,44534.0
96,1111,30176,US:30176,5100.0,0.4575163398692811,0.5424836601307189,0.2679738562091503,0.2679738562091503,,,,,0.35947712418300654,,,0.2647058823529412,0.3464052287581699,,0.6013071895424836,,,,,0.4575163398692811,0.2679738562091503,,0.27450980392156865,,,,,0.5947712418300654,0.5359477124183006,0.38562091503267976,,,,0.7450980392156863,0.23529411764705882,,,,,,,,,,,,0.6601307189542484,0.38562091503267976,,0.21568627450980393,,43723.0
97,1112,30177,US:30177,,,,,,,,,,,,,,,,,,,,,,,,,,,,,,,,,,,,,,,,,,,,,,,,,,,,,57409.0
98,1113,30178,US:30178,1733.3333333333333,,0.6346153846153847,,,,,,,,,,,,,0.6346153846153847,,,,,0.6923076923076923,,,,,,,,0.6923076923076923,0.6923076923076923,,,,,0.75,,,,,,,,,,,,,0.75,,,,,44146.0
99,1114,30179,US:30179,12200.0,0.45081967213114754,0.5437158469945355,0.2650273224043716,0.28142076502732244,0.1174863387978142,0.11475409836065574,,0.15027322404371585,0.366120218579235,,,0.2486338797814208,0.30327868852459017,0.10655737704918032,0.5409836065573771,,0.09836065573770492,,,0.366120218579235,0.3879781420765027,,0.19672131147540983,0.11475409836065574,0.13934426229508196,,,0.5792349726775956,0.5109289617486339,0.38251366120218583,0.12295081967213115,,0.09836065573770492,0.7267759562841529,0.1830601092896175,,,,,,,,,,,,0.6612021857923498,0.3442622950819672,,0.20491803278688525,,50680.0
100,1115,30180,US:30180,14333.333333333334,0.4232558139534884,0.5697674418604651,0.2534883720930233,0.32558139534883723,0.14186046511627906,0.13953488372093023,,0.14651162790697675,0.427906976744186,,,0.29069767441860467,0.27906976744186046,0.11511627906976744,0.5302325581395348,,0.09069767441860464,,,0.2837209302325581,0.4511627906976744,,0.1697674418604651,0.09069767441860464,0.09999999999999999,,,0.5790697674418605,0.5279069767441861,0.35348837209302325,0.12325581395348838,,0.08372093023255814,0.7162790697674418,0.1697674418604651,,,,,,,,,,,,0.5953488372093023,0.3604651162790698,,0.1697674418604651,,58454.0
101,1116,30182,US:30182,,,,,,,,,,,,,,,,,,,,,,,,,,,,,,,,,,,,,,,,,,,,,,,,,,,,,45505.0
102,1117,30183,US:30183,3333.3333333333335,0.44999999999999996,0.5599999999999999,,0.33999999999999997,,,,,0.38999999999999996,,,0.32999999999999996,,,0.53,,,,,0.57,0.39999999999999997,,,,,,,0.5399999999999999,0.44999999999999996,0.36,,,,0.67,,,,,,,,,,,,,0.57,0.36,,,,63601.0
103,1118,30184,US:30184,2800.0,0.4523809523809524,0.5357142857142857,,,,,,,0.4523809523809524,,,,,,0.5357142857142857,,,,,0.6071428571428571,0.42857142857142855,,,,,,,0.5357142857142857,0.4642857142857143,0.42857142857142855,,,,0.6547619047619048,,,,,,,,,,,,,0.5833333333333333,0.39285714285714285,,,,69773.0
104,1119,30185,US:30185,1400.0,,,,,,,,,,,,,,,,,,,,0.7857142857142857,,,,,,,,0.8571428571428571,,,,,,1.0,,,,,,,,,,,,,0.7857142857142857,,,,,54767.0
105,1120,30187,US:30187,1200.0,,,,,,,,,,,,,,,,,,,,,,,,,,,,,,,,,,,,,,,,,,,,,,,,,,,,73779.0
106,1121,30188,US:30188,25333.333333333332,0.40263157894736845,0.5657894736842106,0.1592105263157895,0.40263157894736845,0.1618421052631579,0.15789473684210528,,0.11447368421052632,0.4605263157894737,,,0.31315789473684214,0.17105263157894737,0.09868421052631579,0.48684210526315796,,0.12236842105263158,,,0.26973684210526316,0.4197368421052632,0.06578947368421054,0.12631578947368421,0.05526315789473685,0.11842105263157895,0.05526315789473685,0.04342105263157895,0.5657894736842106,0.4855263157894737,0.29736842105263156,0.09605263157894738,,0.08289473684210527,0.7236842105263158,0.15394736842105264,0.04736842105263158,,,,,,0.04736842105263158,,,,,0.5263157894736843,0.29078947368421054,,0.12894736842105264,0.10657894736842105,75205.0
107,1122,30189,US:30189,12333.333333333334,0.4135135135135135,0.572972972972973,0.15675675675675674,0.40810810810810805,0.18378378378378377,0.1810810810810811,,0.11621621621621621,0.46486486486486484,,,0.33783783783783783,0.1891891891891892,0.14594594594594593,0.4945945945945946,,,,,0.3810810810810811,0.4486486486486486,,0.09999999999999999,,0.11621621621621621,,,0.5486486486486486,0.47027027027027024,0.27297297297297296,0.10135135135135134,,,0.7081081081081081,0.1324324324324324,,,,,,,,,,,,0.5054054054054054,0.2891891891891892,,0.12162162162162161,,84666.0
108,1123,30204,US:30204,9000.0,0.43333333333333335,0.562962962962963,0.21851851851851853,0.3074074074074074,0.12222222222222222,0.12222222222222222,,0.17037037037037037,0.3037037037037037,,,0.2518518518518518,0.3370370370370371,,0.5185185185185186,,,,,0.35555555555555557,0.34814814814814815,,0.15925925925925924,,,,,0.5740740740740741,0.5074074074074074,0.3148148148148148,0.12222222222222222,,,0.7,0.17407407407407408,,,,,,,,,,,,0.6444444444444445,0.3814814814814815,,0.1851851851851852,,39808.0
109,1124,30205,US:30205,1300.0,,,,,,,,,,,,,,,,,,,,,,,,,,,,0.8461538461538461,,,,,,1.0769230769230769,,,,,,,,,,,,,,,,,,90536.0
110,1125,30206,US:30206,1300.0,,,,,,,,,,,,,,,,,,,,,,,,,,,,,,,,,,,,,,,,,,,,,,,,,,,,59091.0
111,1126,30213,US:30213,7766.666666666667,0.44206008583690987,0.5493562231759657,0.1759656652360515,0.30901287553648066,0.15021459227467812,0.15450643776824033,,0.17167381974248924,0.24034334763948498,,,0.27467811158798283,0.3133047210300429,0.14163090128755365,0.5450643776824033,,,,,0.30472103004291845,0.41201716738197425,,0.2446351931330472,,,,,0.4463519313304721,0.3819742489270386,0.24892703862660942,,,,0.6351931330472103,0.2188841201716738,,,,,,,,,,,,0.6094420600858369,0.34763948497854075,,0.19313304721030042,,50863.0
112,1127,30214,US:30214,9000.0,0.40370370370370373,0.5703703703703703,0.1925925925925926,0.36296296296296293,0.14814814814814814,0.14444444444444443,,0.17777777777777778,0.4111111111111111,,,0.3037037037037037,0.20740740740740743,,0.5,,,,,0.7333333333333333,0.42962962962962964,,0.26666666666666666,,0.18888888888888888,,,0.5555555555555556,0.5037037037037037,0.3296296296296296,0.13333333333333333,,,0.7074074074074075,0.28888888888888886,,,,,,,,,,,,0.5666666666666667,0.34074074074074073,,0.16296296296296298,0.14444444444444443,70732.0
113,1128,30215,US:30215,8366.666666666666,0.39840637450199207,0.5936254980079682,0.1752988047808765,0.3864541832669323,0.20916334661354583,0.20916334661354583,,,0.4860557768924303,,,0.33067729083665337,0.250996015936255,0.1553784860557769,0.5059760956175299,,,,,0.39442231075697215,0.4621513944223108,,0.16733067729083667,,,,,0.5657370517928287,0.4980079681274901,0.3187250996015936,,,,0.7370517928286854,0.14342629482071714,,,,,,,,,,,,0.5298804780876494,0.33067729083665337,,0.14342629482071714,,92507.0
114,1129,30216,US:30216,,,,,,,,,,,,,,,,,,,,,,,,,,,,,,,,,,,,,,,,,,,,,,,,,,,,,36319.0
115,1130,30217,US:30217,5633.333333333333,0.4556213017751479,0.5384615384615385,0.25443786982248523,0.26627218934911245,,,,,0.3550295857988166,,,0.26627218934911245,0.33136094674556216,,0.5857988165680473,,,,,0.39644970414201186,0.31360946745562135,,0.21301775147928995,,,,,0.5562130177514794,0.5029585798816568,0.3550295857988166,,,,0.6923076923076923,0.23076923076923078,,,,,,,,,,,,0.6568047337278107,0.3668639053254438,,0.21301775147928995,,43528.0
116,1131,30218,US:30218,,,,,,,,,,,,,,,,,,,,,,,,,,,,,,,,,,,,,,,,,,,,,,,,,,,,,42230.0
117,1132,30220,US:30220,2000.0,,0.575,,,,,,,,,,,,,0.6,,,,,0.7,,,,,,,,0.575,0.55,,,,,0.6833333333333333,,,,,,,,,,,,,0.6333333333333334,,,,,48734.0
118,1133,30222,US:30222,1966.6666666666667,,0.5847457627118644,,,,,,,,,,,,,0.5932203389830508,,,,,0.6610169491525424,,,,,,,,0.6101694915254237,0.559322033898305,,,,,0.7796610169491525,,,,,,,,,,,,,0.6610169491525424,,,,,28125.0
119,1134,30223,US:30223,22000.0,0.4378787878787879,0.5757575757575757,0.2333333333333333,0.3,0.10151515151515152,0.1,,0.17727272727272728,0.2924242424242424,,,0.2393939393939394,0.3484848484848485,0.09242424242424242,0.5151515151515151,,0.05909090909090909,,,0.3181818181818182,0.38181818181818183,,0.1712121212121212,0.08636363636363636,0.08787878787878788,,,0.5606060606060607,0.4848484848484848,0.3196969696969697,0.11515151515151516,,0.07272727272727272,0.696969696969697,0.1606060606060606,,,,,,,,,,,,0.6212121212121212,0.38939393939393935,,0.1696969696969697,0.05454545454545454,39852.0
120,1135,30224,US:30224,11666.666666666666,0.40285714285714286,0.5914285714285714,0.22,0.34285714285714286,0.13285714285714287,0.13285714285714287,,0.1685714285714286,0.34,,,0.2885714285714286,0.26571428571428574,0.10714285714285715,0.49142857142857144,,,,,0.26857142857142857,0.42571428571428577,,0.16285714285714287,,0.10571428571428572,,,0.6114285714285714,0.5457142857142858,0.3514285714285714,0.12571428571428572,,,0.7314285714285715,0.1657142857142857,,,,,,,,,,,,0.5771428571428572,0.34,,0.14285714285714288,,46299.0
121,1136,30228,US:30228,15000.0,0.42444444444444446,0.548888888888889,0.21333333333333335,0.30444444444444446,0.15777777777777777,0.15333333333333332,,0.15333333333333332,0.32888888888888884,,,0.2711111111111111,0.3022222222222222,0.10444444444444445,0.5311111111111111,,0.09333333333333334,,,0.3088888888888889,0.4155555555555555,0.09111111111111111,0.15333333333333332,0.1,0.09666666666666666,,,0.5022222222222222,0.4377777777777778,0.2977777777777778,0.10666666666666667,,0.08,0.66,0.16222222222222224,,,,,,,,,,,,0.591111111111111,0.34444444444444444,,0.18666666666666668,0.08,59661.0
122,1137,30230,US:30230,4533.333333333333,0.45588235294117646,0.536764705882353,0.25,0.2794117647058824,,,,,0.3455882352941177,,,0.2647058823529412,0.3602941176470588,,0.5808823529411765,,,,,0.375,0.35294117647058826,,0.2647058823529412,,,,,0.5808823529411765,0.5147058823529412,0.3382352941176471,,,,0.7058823529411765,,,,,,,,,,,,,0.6764705882352942,0.40441176470588236,,0.24264705882352944,,45079.0
123,1138,30233,US:30233,10866.666666666666,0.4202453987730062,0.5736196319018405,0.2699386503067485,0.2822085889570552,0.1196319018404908,0.11042944785276074,,0.18404907975460125,0.3680981595092025,,,0.26073619631901845,0.2791411042944786,,0.5245398773006136,,0.10122699386503069,,,0.3987730061349693,0.36503067484662577,,0.37730061349693256,0.10122699386503069,0.15644171779141106,,,0.588957055214724,0.5276073619631901,0.3680981595092025,0.18404907975460125,,0.11042944785276074,0.6901840490797546,0.3680981595092025,,,,,,,,,,,,0.6226993865030676,0.3282208588957055,,0.18098159509202455,,42137.0
124,1139,30234,US:30234,,,,,,,,,,,,,,,,,,,,,,,,,,,,,,,,,,,,,,,,,,,,,,,,,,,,,41667.0
125,1140,30236,US:30236,14666.666666666666,0.4545454545454546,0.5613636363636364,0.1931818181818182,0.30454545454545456,0.14772727272727273,0.1431818181818182,,0.19090909090909092,0.25,,,0.2613636363636364,0.3386363636363637,0.1090909090909091,0.5409090909090909,,0.1090909090909091,,,0.375,0.38863636363636367,0.15,0.15,0.1090909090909091,0.10227272727272728,,,0.4636363636363637,0.3977272727272727,0.27954545454545454,0.12613636363636363,,0.08181818181818182,0.6340909090909091,0.16818181818181818,,,,,,,,,,,,0.6704545454545455,0.375,,0.21136363636363636,0.08863636363636364,47014.0
126,1141,30238,US:30238,6633.333333333333,0.44221105527638194,0.5477386934673367,0.2035175879396985,0.30150753768844224,0.21105527638190955,0.21105527638190955,,0.21105527638190955,0.271356783919598,,,0.30150753768844224,0.3819095477386935,0.1658291457286432,0.5276381909547739,,,,,0.24623115577889448,0.4321608040201005,0.17336683417085427,,,,,,0.46733668341708545,0.39698492462311563,0.2512562814070352,,,,0.6130653266331658,,,,,,,,,,,,,0.577889447236181,0.4824120603015076,,0.2185929648241206,,47161.0
127,1142,30248,US:30248,10700.0,0.4205607476635514,0.5700934579439252,0.2461059190031153,0.31152647975077885,0.14953271028037382,0.14953271028037382,,0.1370716510903427,0.4236760124610592,,,0.308411214953271,0.2616822429906542,0.12149532710280374,0.5327102803738317,,,,,0.35514018691588783,0.45794392523364486,,0.16822429906542055,,0.11214953271028037,,,0.6012461059190031,0.5482866043613708,0.3489096573208723,0.102803738317757,,,0.7570093457943925,0.1651090342679128,,,,,,,,,,,,0.6323987538940811,0.36760124610591904,,0.17445482866043616,,65076.0
128,1143,30251,US:30251,1200.0,,,,,,,,,,,,,,,,,,,,,,,,,,,,,,,,,,,,,,,,,,,,,,,,,,,,36680.0
129,1144,30252,US:30252,10300.0,0.41423948220064727,0.5922330097087378,0.20388349514563106,0.3365695792880259,0.16828478964401294,0.16828478964401294,,0.12297734627831716,0.42071197411003236,,,0.3300970873786408,0.23948220064724918,0.13592233009708737,0.5307443365695793,,,,,0.30097087378640774,0.459546925566343,,0.1650485436893204,,,,,0.5566343042071197,0.511326860841424,0.32038834951456313,,,,0.6990291262135923,0.14886731391585759,,,,,,,,,,,,0.56957928802589,0.3300970873786408,,0.1650485436893204,,77020.0
130,1145,30253,US:30253,32333.333333333332,0.4020618556701031,0.577319587628866,0.22268041237113403,0.3391752577319588,0.16701030927835053,0.16391752577319588,,0.14536082474226805,0.3917525773195876,,,0.32268041237113404,0.2525773195876289,0.10721649484536082,0.5154639175257733,,0.060309278350515465,,,0.2690721649484536,0.443298969072165,0.07010309278350516,0.14329896907216494,0.06288659793814433,0.09175257731958762,0.034020618556701035,,0.5876288659793815,0.5463917525773196,0.36082474226804123,0.0979381443298969,,0.08350515463917527,0.7628865979381444,0.1556701030927835,,,,,,,0.03505154639175258,,,,,0.5979381443298969,0.34845360824742266,,0.16391752577319588,0.06804123711340207,61306.0
131,1146,30256,US:30256,,,,,,,,,,,,,,,,,,,,,,,,,,,,,,,,,,,,,,,,,,,,,,,,,,,,,46151.0
132,1147,30257,US:30257,1566.6666666666667,,,,,,,,,,,,,,,,,,,,,,,,,,,,,,,,,,0.7659574468085106,,,,,,,,,,,,,0.7021276595744681,,,,,43915.0
133,1148,30258,US:30258,,,,,,,,,,,,,,,,,,,,,,,,,,,,,,,,,,,,,,,,,,,,,,,,,,,,,52716.0
134,1149,30259,US:30259,1433.3333333333333,,,,,,,,,,,,,,,,,,,,,,,,,,,,,,,,,,0.7906976744186046,,,,,,,,,,,,,,,,,,57500.0
135,1150,30260,US:30260,7033.333333333333,0.46919431279620855,0.5260663507109005,0.1990521327014218,0.24170616113744076,,,,0.19194312796208532,0.17772511848341233,,,0.31753554502369674,0.31753554502369674,0.15639810426540285,0.5308056872037915,,,,,0.31753554502369674,0.3981042654028436,0.26540284360189575,0.2132701421800948,,0.15639810426540285,,,0.3933649289099526,0.3412322274881517,0.3696682464454977,,,,0.5402843601895735,0.18483412322274884,,,,,,,,,,,,0.6303317535545023,0.3412322274881517,,0.18483412322274884,,45760.0
136,1151,30263,US:30263,32000.0,0.4270833333333333,0.5833333333333334,0.225,0.34375,0.13854166666666665,0.13541666666666666,,0.153125,0.3958333333333333,,,0.2989583333333333,0.265625,0.09583333333333333,0.5208333333333334,0.0375,0.0546875,,,0.284375,0.4104166666666667,0.04375,0.146875,0.06979166666666667,0.09583333333333333,0.034375,,0.6145833333333334,0.5208333333333334,0.3479166666666667,0.10104166666666667,0.0375,0.075,0.7604166666666666,0.17083333333333334,,,,,,,0.0375,,,,,0.6041666666666666,0.34270833333333334,,0.159375,0.065625,51290.0
137,1152,30265,US:30265,15333.333333333334,0.3847826086956522,0.5913043478260869,0.1847826086956522,0.3652173913043478,0.1608695652173913,0.1608695652173913,,0.13043478260869565,0.4282608695652174,,,0.3326086956521739,0.19999999999999998,0.12717391304347825,0.5021739130434782,,0.07173913043478261,,,0.2152173913043478,0.4217391304347826,,0.13043478260869565,,0.09565217391304348,,,0.5913043478260869,0.5108695652173912,0.3217391304347826,0.09565217391304348,,0.07173913043478261,0.7391304347826088,0.15217391304347827,,,,,,,,,,,,0.55,0.3108695652173913,,0.1326086956521739,,81532.0
138,1153,30268,US:30268,3166.6666666666665,0.45263157894736844,0.5368421052631579,,0.37894736842105264,,,,,0.37894736842105264,,,,0.3473684210526316,,0.5473684210526316,,,,,0.6947368421052632,0.4,,,,,,,0.4421052631578948,0.6,0.4105263157894737,,,,0.6,,,,,,,,,,,,,0.6210526315789474,0.39473684210526316,,,,50396.0
139,1154,30269,US:30269,31333.333333333332,0.40425531914893614,0.5851063829787234,0.13617021276595745,0.39361702127659576,0.16382978723404254,0.16063829787234044,,0.10425531914893617,0.4255319148936171,,,0.348936170212766,0.15531914893617021,0.12127659574468086,0.5106382978723405,,0.08617021276595745,,,0.2297872340425532,0.4255319148936171,0.09042553191489362,0.10425531914893617,0.03829787234042553,0.11702127659574468,0.041489361702127664,,0.5319148936170214,0.45744680851063835,0.27553191489361706,0.07765957446808511,,0.06382978723404256,0.723404255319149,0.15106382978723404,0.05106382978723405,,,,,0.03829787234042553,0.041489361702127664,,,,,0.5531914893617021,0.2968085106382979,,0.11063829787234042,0.08297872340425533,92989.0
140,1155,30273,US:30273,2666.6666666666665,0.46875,0.55,,,,,,,,,,,,,0.5125000000000001,,,,,0.675,0.46875,,,,,,,0.5625,0.525,,,,,0.5875,,,,,,,,,,,,,0.6250000000000001,,,,,56865.0
141,1156,30274,US:30274,11000.0,0.4818181818181818,0.5393939393939393,0.19090909090909092,0.28787878787878785,0.16363636363636364,0.15454545454545454,,0.22424242424242422,0.1787878787878788,,,0.26666666666666666,0.38484848484848483,0.11515151515151516,0.5575757575757575,,0.10909090909090909,,,0.37878787878787884,0.38787878787878793,0.1787878787878788,0.18181818181818182,0.1,0.1,,,0.4212121212121212,0.37575757575757573,0.26666666666666666,0.15454545454545454,,,0.6,0.16666666666666666,,,,,,,,,,,,0.6848484848484848,0.37575757575757573,,0.21818181818181817,,40681.0
142,1157,30276,US:30276,9100.0,0.42857142857142855,0.5604395604395604,0.22344322344322343,0.3516483516483517,0.16483516483516483,0.16483516483516483,,0.13186813186813187,0.4725274725274725,,,0.315018315018315,0.21245421245421245,,0.5274725274725275,,,,,0.6043956043956044,0.4358974358974359,,0.1978021978021978,,,,,0.5714285714285714,0.5164835164835165,0.31135531135531136,,,,0.7216117216117216,0.16483516483516483,,,,,,,,,,,,0.6007326007326008,0.33333333333333337,,0.1501831501831502,,76885.0
143,1158,30277,US:30277,8333.333333333334,0.436,0.5519999999999999,0.216,0.36799999999999994,0.16799999999999998,0.16799999999999998,,,0.484,,,0.312,0.19599999999999998,,0.504,,,,,0.576,0.432,,0.19199999999999998,,0.13199999999999998,,,0.5199999999999999,0.45599999999999996,0.296,,,,0.6719999999999999,0.22799999999999998,,,,,,,,,,,,0.5559999999999999,0.31999999999999995,,0.148,,83807.0
144,1159,30281,US:30281,36333.333333333336,0.4495412844036697,0.5412844036697247,0.218348623853211,0.2926605504587156,0.1458715596330275,0.14220183486238533,,0.16605504587155961,0.2862385321100917,,,0.2779816513761468,0.3275229357798165,0.1073394495412844,0.5504587155963302,,0.05412844036697247,,,0.30642201834862387,0.4128440366972477,0.08165137614678898,0.1440366972477064,0.06972477064220184,0.09082568807339449,0.03577981651376146,,0.5137614678899083,0.4311926605504587,0.28990825688073396,0.10458715596330274,0.030275229357798163,0.06605504587155962,0.6605504587155963,0.1568807339449541,,,,,,,0.03302752293577981,,,,,0.6422018348623852,0.38073394495412843,,0.19449541284403668,0.06605504587155962,54913.0
145,1160,30284,US:30284,,,,,,,,,,,,,,,,,,,,,,,,,,,,,,,,,,,,,,,,,,,,,,,,,,,,,56563.0
146,1161,30285,US:30285,,,,,,,,,,,,,,,,,,,,,,,,,,,,,,,,,,,,,,,,,,,,,,,,,,,,,32083.0
147,1162,30288,US:30288,1150.0,,,,,,,,,,,,,,,,,,,,,,,,,,,,,,,,,,,,,,,,,,,,,,,,,,,,51639.0
148,1163,30289,US:30289,,,,,,,,,,,,,,,,,,,,,,,,,,,,,,,,,,,,,,,,,,,,,,,,,,,,,22250.0
149,1164,30290,US:30290,3033.3333333333335,0.42857142857142855,0.5494505494505495,,0.3791208791208791,,,,,0.4175824175824176,,,,,,0.5274725274725275,,,,,0.5934065934065934,0.49450549450549447,,,,,,,0.49450549450549447,0.42857142857142855,0.3626373626373626,,,,0.6263736263736264,,,,,,,,,,,,,0.5604395604395604,0.3626373626373626,,,,87500.0
150,1165,30291,US:30291,4200.0,0.4523809523809524,0.5238095238095238,,0.38095238095238093,,,,0.2857142857142857,,,,0.2857142857142857,0.35714285714285715,,0.5396825396825397,,,,,0.6904761904761905,0.373015873015873,,0.30952380952380953,,,,,0.4444444444444445,0.38095238095238093,0.42857142857142855,,,,0.5873015873015872,,,,,,,,,,,,,0.626984126984127,0.3412698412698413,,0.2857142857142857,,36147.0
151,1166,30292,US:30292,2466.6666666666665,0.46621621621621623,0.5675675675675677,,,,,,,0.4864864864864865,,,,,,0.5405405405405406,,,,,0.6486486486486487,0.445945945945946,,,,,,,0.6216216216216216,0.5810810810810811,0.445945945945946,,,,0.7567567567567568,,,,,,,,,,,,,0.6081081081081081,,,,,55645.0
152,1167,30293,US:30293,1533.3333333333333,,,,,,,,,,,,,,,,,,,,,,,,,,,,,,,,,,0.75,,,,,,,,,,,,,0.7173913043478262,,,,,40238.0
153,1168,30294,US:30294,3433.3333333333335,0.4660194174757281,0.5242718446601942,,,,,,,,,,,0.35922330097087374,,0.5436893203883495,,,,,0.5242718446601942,0.4805825242718446,,,,,,,0.38834951456310673,0.34951456310679613,,,,,0.5631067961165048,,,,,,,,,,,,,0.5922330097087378,0.3932038834951456,,,,63411.0
154,1169,30295,US:30295,4066.6666666666665,0.4262295081967213,0.5655737704918034,0.27049180327868855,0.30327868852459017,,,,,0.4016393442622951,,,0.35655737704918034,0.2827868852459017,,0.5409836065573771,,,,,0.3770491803278688,0.3114754098360656,,,,,,,0.6065573770491803,0.5491803278688525,0.3442622950819672,,,,0.7295081967213115,,,,,,,,,,,,,0.639344262295082,0.36885245901639346,,,,45590.0
155,1170,30296,US:30296,3466.6666666666665,0.46153846153846156,0.5288461538461539,,0.3317307692307692,,,,,,,,0.3317307692307692,0.4759615384615385,,0.5480769230769231,,,,,0.375,0.5625,,,,,,,0.4759615384615385,0.375,,,,,0.5865384615384616,,,,,,,,,,,,,0.625,0.5048076923076923,,,,52598.0
156,1171,30297,US:30297,8166.666666666667,0.5469387755102041,0.4530612244897959,0.17142857142857143,0.2204081632653061,,,,0.17142857142857143,0.15918367346938775,,,0.22857142857142856,0.4408163265306122,0.14693877551020407,0.5306122448979591,,,,,0.36734693877551017,0.3469387755102041,0.29387755102040813,0.19591836734693877,,0.15918367346938775,,,0.3877551020408163,0.3387755102040816,0.2530612244897959,,,,0.5714285714285714,0.15918367346938775,,,,,,,,,,,,0.6653061224489796,0.39183673469387753,,0.20816326530612245,,33565.0
157,1172,30303,US:30303,121333.33333333333,0.4368131868131868,0.5604395604395604,0.135989010989011,0.39285714285714285,0.14972527472527475,0.1414835164835165,,0.21620879120879122,0.2692307692307693,,0.04697802197802198,0.2895604395604396,0.1989010989010989,0.06785714285714287,0.17032967032967034,,0.023076923076923078,,,0.11923076923076924,0.11538461538461539,0.04670329670329671,0.04697802197802198,0.01510989010989011,0.028846153846153848,0.02142857142857143,0.013186813186813187,0.1620879120879121,0.15934065934065933,0.09395604395604396,0.04807692307692308,0.014835164835164836,0.02142857142857143,0.23626373626373628,0.049450549450549455,0.02554945054945055,,,,,,,,,,,0.1510989010989011,0.08324175824175825,,0.03928571428571429,0.026373626373626374,22383.0
158,1173,30305,US:30305,33666.666666666664,0.4257425742574258,0.5643564356435644,0.09207920792079209,0.44554455445544555,0.18712871287128713,0.1831683168316832,,0.22871287128712872,0.2623762376237624,,,0.3663366336633664,0.15445544554455445,0.16930693069306932,0.5247524752475248,,0.06980198019801981,,,0.2702970297029703,0.3960396039603961,0.12673267326732676,0.09504950495049505,0.037128712871287134,0.09108910891089109,0.039603960396039604,,0.4851485148514852,0.46534653465346537,0.23861386138613863,0.11188118811881188,,0.03861386138613861,0.7524752475247525,0.12376237623762378,0.05742574257425743,0.0405940594059406,,,,,0.03564356435643565,,,,,0.5841584158415842,0.26831683168316833,,0.1,0.05643564356435644,98506.0
159,1174,30306,US:30306,17333.333333333332,0.44423076923076926,0.5307692307692308,0.07884615384615386,0.4192307692307693,0.17884615384615385,0.17500000000000002,,0.2057692307692308,0.2634615384615385,,,0.3403846153846154,0.15000000000000002,0.16153846153846155,0.5211538461538462,,0.11538461538461539,,,0.2673076923076923,0.40576923076923077,0.10576923076923077,0.12115384615384617,,0.09423076923076923,,,0.4865384615384616,0.4730769230769231,0.23846153846153845,0.17115384615384616,,,0.75,0.12884615384615386,0.11538461538461539,,,,,,,,,,,0.5403846153846154,0.25576923076923075,,0.09423076923076923,0.06923076923076923,100380.0
160,1175,30307,US:30307,17666.666666666668,0.4415094339622641,0.5433962264150943,0.09433962264150943,0.4245283018867924,0.17735849056603772,0.17547169811320754,,0.22264150943396227,0.2566037735849056,,,0.3264150943396226,0.17358490566037735,0.15283018867924528,0.5169811320754717,,0.10754716981132074,,,0.269811320754717,0.39999999999999997,0.09056603773584905,0.16981132075471697,,0.08679245283018867,0.06226415094339622,,0.49433962264150944,0.4735849056603773,0.24150943396226415,0.16981132075471697,,,0.7358490566037735,0.13018867924528302,0.10188679245283018,,,,,,,,,,,0.5679245283018868,0.2735849056603773,,0.10754716981132074,0.06792452830188679,87009.0
161,1176,30308,US:30308,39666.666666666664,0.4789915966386555,0.5042016806722689,0.1092436974789916,0.3949579831932773,0.18235294117647058,0.1781512605042017,,0.2697478991596639,0.19243697478991598,,,0.3109243697478992,0.2092436974789916,0.14789915966386558,0.49579831932773116,,0.061344537815126055,,,0.2983193277310925,0.35294117647058826,0.12436974789915967,0.11092436974789917,0.039495798319327736,0.07563025210084034,0.03613445378151261,0.03277310924369748,0.4705882352941177,0.45378151260504207,0.26218487394957984,0.15798319327731095,0.040336134453781515,0.04789915966386555,0.7058823529411765,0.12268907563025211,0.04873949579831933,0.030252100840336138,,,,,0.027731092436974792,,,,,0.5378151260504201,0.26638655462184874,,0.11764705882352942,0.05798319327731093,59945.0
162,1177,30309,US:30309,54000.0,0.45679012345679015,0.5308641975308642,0.10061728395061728,0.43209876543209874,0.18703703703703703,0.18333333333333332,,0.2469135802469136,0.24074074074074073,,0.023148148148148147,0.3333333333333333,0.16728395061728396,0.1530864197530864,0.5123456790123457,0.024074074074074074,0.06111111111111111,,,0.2796296296296296,0.3888888888888889,0.11358024691358024,0.10864197530864197,0.03580246913580247,0.08518518518518518,0.034567901234567905,0.025308641975308643,0.5,0.4691358024691358,0.25308641975308643,0.1648148148148148,0.040740740740740744,0.05,0.7283950617283951,0.12901234567901235,0.05246913580246914,0.03333333333333333,,,,0.025925925925925925,0.0308641975308642,,,,,0.5432098765432098,0.25925925925925924,,0.10679012345679013,0.06666666666666667,82514.0
163,1178,30310,US:30310,32000.0,0.46875,0.53125,0.15520833333333334,0.3541666666666667,0.15833333333333335,0.15520833333333334,,0.2729166666666667,0.16875,,,0.26666666666666666,0.35,0.12291666666666667,0.53125,,0.06979166666666667,,,0.378125,0.3302083333333333,0.11354166666666667,0.15104166666666666,0.05625,0.08333333333333333,0.040625,,0.5104166666666667,0.4791666666666667,0.2885416666666667,0.16145833333333334,0.0359375,0.046875,0.7395833333333334,0.13125,0.0375,,,,,,,,,,,0.6458333333333334,0.353125,,0.17604166666666665,0.046875,28333.0
164,1179,30311,US:30311,29333.333333333332,0.4431818181818182,0.5568181818181819,0.16931818181818184,0.3488636363636364,0.1465909090909091,0.14431818181818182,,0.27045454545454545,0.15909090909090912,,,0.26477272727272727,0.36704545454545456,0.1125,0.5454545454545455,,0.07386363636363637,,,0.38181818181818183,0.34659090909090906,0.10568181818181818,0.16022727272727275,0.06363636363636364,0.08181818181818182,,,0.5340909090909091,0.4772727272727273,0.30568181818181817,0.15227272727272728,,0.05113636363636364,0.7386363636363638,0.13863636363636364,,,,,,,,,,,,0.6931818181818181,0.3897727272727273,,0.19090909090909092,0.04090909090909091,27540.0
165,1180,30312,US:30312,28000.0,0.4523809523809524,0.511904761904762,0.11666666666666665,0.39285714285714285,0.17619047619047618,0.17261904761904762,,0.2630952380952381,0.1869047619047619,,,0.3059523809523809,0.24166666666666667,0.14166666666666666,0.5238095238095238,,0.0619047619047619,,,0.3119047619047619,0.3678571428571429,0.10714285714285714,0.11547619047619048,0.047619047619047616,0.08452380952380951,0.04047619047619047,,0.511904761904762,0.4761904761904762,0.28214285714285714,0.16428571428571428,0.039285714285714285,0.04285714285714286,0.7380952380952381,0.125,0.055357142857142855,,,,,,,,,,,0.6071428571428571,0.3130952380952381,,0.13690476190476192,0.04642857142857143,48802.0
166,1181,30313,US:30313,14333.333333333334,0.4883720930232558,0.4976744186046511,0.12790697674418602,0.4046511627906977,0.1744186046511628,0.17209302325581394,,0.26744186046511625,0.2186046511627907,,,0.3023255813953488,0.2116279069767442,0.12325581395348838,0.4790697674418605,,0.11860465116279069,,,0.3162790697674418,0.3325581395348837,0.11627906976744186,0.16046511627906976,,0.1255813953488372,,,0.4813953488372093,0.4767441860465116,0.26744186046511625,0.14186046511627906,,,0.6744186046511628,0.2441860465116279,,,,,,,,,,,,0.47441860465116276,0.24186046511627904,,0.11395348837209301,,50172.0
167,1182,30314,US:30314,18666.666666666668,0.49821428571428567,0.5142857142857142,0.16428571428571426,0.35,0.15892857142857142,0.15535714285714286,,0.28928571428571426,0.15357142857142855,,,0.2589285714285714,0.3678571428571428,0.11428571428571428,0.5446428571428571,,0.08303571428571428,,,0.4232142857142857,0.3214285714285714,0.12142857142857141,0.1607142857142857,0.075,0.0875,,,0.5,0.4714285714285714,0.30178571428571427,0.15714285714285714,,,0.7321428571428571,0.14285714285714285,,,,,,,,,,,,0.6249999999999999,0.35714285714285715,,0.17857142857142858,,25920.0
168,1183,30315,US:30315,38000.0,0.46491228070175444,0.5175438596491229,0.16228070175438597,0.3508771929824562,0.1482456140350877,0.14561403508771928,,0.2631578947368421,0.1719298245614035,,,0.2631578947368421,0.3508771929824562,0.11754385964912281,0.5087719298245613,,0.0692982456140351,,,0.37543859649122807,0.3298245614035088,0.12631578947368421,0.14298245614035088,0.06140350877192983,0.08070175438596491,0.030701754385964914,,0.5,0.46491228070175444,0.2894736842105263,0.14912280701754388,0.031578947368421054,0.04473684210526316,0.7192982456140351,0.13157894736842105,0.031578947368421054,,,,,,0.02894736842105263,,,,,0.6228070175438597,0.3508771929824562,,0.17017543859649123,0.03684210526315789,27525.0
169,1184,30316,US:30316,21000.0,0.4666666666666667,0.5206349206349207,0.10634920634920636,0.4,0.17142857142857143,0.16984126984126982,,0.22063492063492063,0.22539682539682537,,,0.30952380952380953,0.22222222222222224,0.14285714285714285,0.5396825396825398,,0.10952380952380952,,,0.3174603174603175,0.38571428571428573,0.1,0.10793650793650793,,0.08571428571428572,0.05238095238095238,,0.4888888888888889,0.4777777777777778,0.2634920634920635,0.1761904761904762,,,0.7301587301587302,0.13333333333333333,0.08571428571428572,,,,,,,,,,,0.5873015873015873,0.29523809523809524,,0.12380952380952381,0.06190476190476191,62299.0
170,1185,30317,US:30317,11666.666666666666,0.42571428571428577,0.5685714285714286,0.1,0.4114285714285715,0.1742857142857143,0.17142857142857143,,0.19428571428571428,0.28571428571428575,,,0.3142857142857143,0.21714285714285717,0.1757142857142857,0.5257142857142857,,0.11142857142857143,,,0.3028571428571429,0.40857142857142864,,0.19714285714285715,,0.09428571428571429,,,0.5371428571428571,0.4885714285714286,0.26,0.17714285714285713,,,0.7485714285714287,0.23142857142857143,0.10285714285714287,,,,,,,,,,,0.5742857142857143,0.2942857142857143,,0.11714285714285716,,65061.0
171,1186,30318,US:30318,833333.3333333334,0.432,0.528,0.12999999999999998,0.368,0.1828,0.1808,,0.19999999999999998,0.268,,0.01884,0.332,0.2608,0.146,0.58,0.0172,0.0648,,0.00294,0.296,0.464,0.21199999999999997,0.1288,0.0532,0.12159999999999999,0.046799999999999994,0.0288,0.568,0.516,0.3,0.132,0.0308,0.019799999999999998,0.808,0.156,0.031599999999999996,0.0272,,,,0.0236,0.0392,0.01,0.0072,0.013999999999999999,0.013999999999999999,0.708,0.384,,0.184,0.01908,44586.0
172,1187,30319,US:30319,11666.666666666666,0.5142857142857143,0.49714285714285716,0.10285714285714287,0.34285714285714286,0.14,0.13428571428571429,,0.17142857142857143,0.22,,,0.32571428571428573,0.24857142857142858,0.1542857142857143,0.54,,0.09428571428571429,,,0.3085714285714286,0.3828571428571429,0.2542857142857143,0.17142857142857143,,0.12000000000000001,,,0.40857142857142864,0.4,0.21714285714285717,0.11142857142857143,,,0.6428571428571429,0.13714285714285715,,,,,,,,,,,,0.6142857142857143,0.3,,0.14,,95670.0
173,1188,30324,US:30324,32666.666666666668,0.5,0.5,0.10510204081632653,0.4183673469387755,0.19693877551020406,0.19285714285714284,,0.2642857142857143,0.2030612244897959,,,0.35000000000000003,0.1979591836734694,0.15816326530612246,0.5408163265306123,,0.0653061224489796,,,0.30714285714285716,0.3877551020408163,0.16224489795918368,0.1183673469387755,0.04183673469387755,0.1010204081632653,0.04387755102040816,0.03673469387755102,0.5102040816326531,0.5,0.27040816326530615,0.1683673469387755,0.04795918367346939,0.05204081632653061,0.7653061224489796,0.13673469387755102,0.053061224489795916,0.03673469387755102,,,,,0.0336734693877551,,,,,0.5918367346938775,0.28877551020408165,,0.12244897959183673,0.06428571428571428,66748.0
174,1189,30326,US:30326,24666.666666666668,0.4594594594594595,0.527027027027027,0.10135135135135134,0.4405405405405405,0.1891891891891892,0.18378378378378377,,0.24594594594594596,0.25675675675675674,,,0.3513513513513513,0.15405405405405403,0.15135135135135136,0.5,,0.12972972972972974,,,0.28783783783783784,0.36486486486486486,0.13108108108108107,0.10675675675675676,,0.08648648648648649,,,0.48648648648648646,0.4581081081081081,0.24864864864864863,0.11621621621621621,,0.04459459459459459,0.7162162162162162,0.12162162162162161,0.08513513513513513,,,,,,,,,,,0.4729729729729729,0.22567567567567567,,0.09189189189189188,0.06081081081081081,82102.0
175,1190,30327,US:30327,17333.333333333332,0.38653846153846155,0.6076923076923078,0.08461538461538462,0.4365384615384616,0.16730769230769232,0.1634615384615385,,0.16730769230769232,0.35000000000000003,,,0.37115384615384617,0.13076923076923078,0.16538461538461538,0.5134615384615385,,0.09807692307692309,,,0.25192307692307697,0.4,0.10576923076923077,0.1730769230769231,,0.09807692307692309,,,0.4750000000000001,0.4461538461538462,0.22692307692307695,0.1,,,0.75,0.12692307692307694,0.09807692307692309,,,,,,,,,,,0.5365384615384616,0.25961538461538464,,0.08461538461538462,,148480.0
176,1191,30328,US:30328,11233.333333333334,0.48367952522255186,0.486646884272997,0.10682492581602374,0.3798219584569733,0.16320474777448069,0.1602373887240356,,0.16320474777448069,0.2492581602373887,,,0.32640949554896137,0.19287833827893172,0.15133531157270028,0.5252225519287833,,,,,0.2492581602373887,0.39762611275964393,0.19584569732937684,0.1602373887240356,,0.09792284866468842,,,0.3798219584569733,0.3323442136498516,0.18694362017804153,0.11572700296735905,,,0.5608308605341246,0.13649851632047477,,,,,,,,,,,,0.5192878338278931,0.26706231454005935,,0.11869436201780414,,82991.0
177,1192,30329,US:30329,3100.0,0.5591397849462365,0.44086021505376344,,,,,,,,,,,0.3870967741935484,,0.5376344086021506,,,,,0.41935483870967744,0.45161290322580644,0.3870967741935484,,,,,,,,,,,,0.4301075268817204,,,,,,,,,,,,,0.5806451612903226,0.3709677419354839,,,,51589.0
178,1193,30331,US:30331,41333.333333333336,0.4274193548387097,0.564516129032258,0.16451612903225807,0.3709677419354839,0.16048387096774192,0.15725806451612903,,0.27419354838709675,0.17741935483870966,,,0.29838709677419356,0.3137096774193548,0.11693548387096772,0.532258064516129,,0.06935483870967742,,,0.3443548387096774,0.37903225806451607,0.08870967741935483,0.1508064516129032,0.06451612903225806,0.07016129032258064,0.028225806451612902,,0.5241935483870968,0.47580645161290325,0.29838709677419356,0.1443548387096774,0.02983870967741935,0.050806451612903224,0.7338709677419354,0.13790322580645162,,,,,,,0.03306451612903226,,,,,0.6532258064516129,0.36290322580645157,,0.18306451612903227,0.043548387096774194,41303.0
179,1194,30337,US:30337,3866.6666666666665,0.5172413793103449,0.5818965517241379,0.3103448275862069,0.5948275862068966,,,,0.4396551724137931,,,,0.41379310344827586,0.4655172413793104,,0.689655172413793,,,,,1.2413793103448276,0.4267241379310345,0.28448275862068967,0.4913793103448276,,,,,0.5172413793103449,0.9310344827586208,0.6724137931034483,0.28448275862068967,,,0.75,0.4396551724137931,,,,,,,,,,,,0.5344827586206896,0.28448275862068967,,,,29106.0
180,1195,30338,US:30338,7333.333333333333,0.4681818181818182,0.5181818181818182,,0.4090909090909091,0.17727272727272728,0.17045454545454547,,0.15,0.3590909090909091,,,0.33636363636363636,0.1840909090909091,0.17045454545454547,0.5318181818181819,,,,,0.5318181818181819,0.44545454545454544,0.19090909090909092,,,,,,0.440909090909091,0.39545454545454545,0.23181818181818184,,,,0.65,0.20454545454545456,,,,,,,,,,,,0.5272727272727272,0.27272727272727276,,,,96506.0
181,1196,30339,US:30339,4300.0,0.496124031007752,0.5038759689922481,,0.3565891472868217,,,,,,,,0.34108527131782945,,,0.5348837209302325,,,,,0.46511627906976744,0.40310077519379844,,,,,,,0.37209302325581395,0.3488372093023256,0.2558139534883721,,,,0.5426356589147288,,,,,,,,,,,,,0.5038759689922481,0.26744186046511625,,,,77346.0
182,1197,30340,US:30340,6300.0,0.6031746031746031,0.3968253968253968,,0.2222222222222222,,,,,,,,0.25396825396825395,0.4338624338624339,0.1746031746031746,0.5291005291005291,,,,,0.36507936507936506,0.3333333333333333,0.4444444444444444,,,0.1746031746031746,,,0.32275132275132273,0.31746031746031744,0.21428571428571427,,,,0.5026455026455027,,,,,,,,,,,,,0.6455026455026455,0.36507936507936506,,0.2275132275132275,,44157.0
183,1198,30341,US:30341,6433.333333333333,0.616580310880829,0.378238341968912,,0.23834196891191708,,,,,,,,0.2435233160621762,0.41450777202072536,0.17098445595854922,0.5544041450777202,,,,,0.3937823834196892,0.32124352331606215,0.4352331606217617,,,0.20207253886010362,,,0.31088082901554404,0.305699481865285,0.26424870466321243,,,,0.5129533678756477,,,,,,,,,,,,,0.61139896373057,0.4352331606217617,,0.2124352331606218,,56643.0
184,1199,30342,US:30342,15000.0,0.43333333333333335,0.5555555555555556,0.09333333333333334,0.4422222222222222,0.1711111111111111,0.1688888888888889,,0.18666666666666668,0.3088888888888889,,,0.36444444444444446,0.15555555555555556,0.16222222222222224,0.5222222222222223,,0.12666666666666668,,,0.2866666666666667,0.4,0.14444444444444443,0.19333333333333333,,0.11666666666666667,,,0.4777777777777778,0.45111111111111113,0.2488888888888889,0.10888888888888888,,,0.7177777777777777,0.13555555555555554,0.1,,,,,,,,,,,0.5,0.23333333333333334,,0.08666666666666667,0.07333333333333333,76552.0
185,1200,30344,US:30344,5233.333333333333,0.49044585987261147,0.4968152866242039,,0.27388535031847133,,,,,,,,0.25477707006369427,0.356687898089172,,0.535031847133758,,,,,0.33121019108280253,0.33121019108280253,,,,,,,0.3439490445859873,0.30573248407643316,0.267515923566879,,,,0.4968152866242039,,,,,,,,,,,,,0.6305732484076434,0.33121019108280253,,0.22929936305732485,,39655.0
186,1201,30345,US:30345,3233.3333333333335,0.5567010309278351,0.43298969072164945,,,,,,,,,,0.34020618556701027,0.43298969072164945,,0.5360824742268041,,,,,0.37113402061855666,0.46391752577319584,0.41752577319587625,,,,,,,,,,,,0.41237113402061853,,,,,,,,,,,,,0.6185567010309279,0.46391752577319584,,,,71914.0
187,1202,30346,US:30346,1500.0,,,,,,,,,,,,,,,,,,,,,,,,,,,,,,,,,,,,,,,,,,,,,,,,,,,,82367.0
188,1203,30349,US:30349,9733.333333333334,0.49657534246575336,0.5068493150684931,0.15410958904109587,0.273972602739726,0.16952054794520546,0.16952054794520546,,0.17465753424657532,0.16952054794520546,,,0.26712328767123283,0.3664383561643835,0.18493150684931506,0.5582191780821917,,,,,0.2773972602739726,0.38013698630136983,0.23630136986301367,0.11301369863013698,,,,,0.3595890410958904,0.2910958904109589,0.16780821917808217,,,,0.5273972602739725,0.148972602739726,,,,,,,,,,,,0.7363013698630136,0.3835616438356164,,0.22602739726027396,,46998.0
189,1204,30350,US:30350,6500.0,0.4717948717948718,0.5282051282051282,,0.38974358974358975,0.2153846153846154,0.2153846153846154,,0.18974358974358974,0.23076923076923078,,,0.3282051282051282,0.25384615384615383,0.17692307692307693,0.5333333333333333,,,,,0.5230769230769231,0.441025641025641,0.18461538461538463,0.16923076923076924,,,,,0.46153846153846156,0.4205128205128205,0.2358974358974359,,,,0.6615384615384615,0.2153846153846154,,,,,,,,,,,,0.5743589743589744,0.3076923076923077,,,,61292.0
190,1205,30354,US:30354,14333.333333333334,0.4837209302325581,0.5162790697674419,0.1697674418604651,0.3581395348837209,0.1511627906976744,0.14883720930232558,,0.2534883720930233,0.19069767441860466,,,0.2697674418604651,0.3395348837209302,0.12325581395348838,0.5372093023255814,,0.10465116279069767,,,0.3837209302325581,0.35348837209302325,0.14186046511627906,0.14651162790697675,0.08372093023255814,0.10116279069767442,,,0.5,0.4697674418604651,0.3023255813953488,0.12790697674418602,,,0.7000000000000001,0.14186046511627906,,,,,,,,,,,,0.613953488372093,0.34186046511627904,,0.17906976744186046,,33283.0
191,1206,30360,US:30360,2666.6666666666665,0.5375,0.4625,,,,,,,,,,,0.41250000000000003,,0.5125000000000001,,,,,0.5625,0.43125,0.45,,,,,,,,,,,,0.5875,,,,,,,,,,,,,0.6375000000000001,0.43125,,,,62649.0
192,1207,30363,US:30363,4066.6666666666665,0.4836065573770492,0.5081967213114754,,0.4098360655737705,0.27049180327868855,0.27049180327868855,,0.319672131147541,,,,0.43032786885245905,0.27049180327868855,,0.5327868852459017,,,,,0.39344262295081966,0.4918032786885246,,,,,,,0.5327868852459017,0.5081967213114754,0.2827868852459017,,,,0.7540983606557377,,,,,,,,,,,,,0.6147540983606558,0.36885245901639346,,,,60278.0
193,1208,30506,US:30506,8966.666666666666,0.4721189591078067,0.5315985130111525,0.2174721189591078,0.3159851301115242,0.17286245353159851,0.17286245353159851,,0.14498141263940523,0.3717472118959108,,,0.3308550185873606,0.2676579925650558,0.15613382899628253,0.5427509293680298,,,,,0.21933085501858737,0.45353159851301117,,0.14498141263940523,,0.12267657992565056,,,0.5241635687732342,0.42750929368029744,0.2527881040892193,,,,0.6542750929368031,0.15613382899628253,,,,,,,,,,,,0.5873605947955391,0.3605947955390335,,0.16728624535315986,,72476.0
194,1209,30517,US:30517,8500.0,0.4235294117647059,0.5647058823529412,0.17647058823529413,0.3764705882352941,0.17058823529411765,0.17058823529411765,,0.1411764705882353,0.45098039215686275,,,0.33333333333333337,0.2,0.12941176470588237,0.5215686274509803,,,,,0.6470588235294118,0.4470588235294118,,0.21176470588235294,,0.15294117647058825,,,0.5215686274509803,0.47450980392156866,0.27843137254901956,,,,0.6666666666666667,0.25882352941176473,,,,,,,,,,,,0.5607843137254902,0.3058823529411765,,0.18823529411764706,,82371.0
195,1210,30518,US:30518,28000.0,0.4404761904761905,0.5476190476190477,0.16666666666666669,0.36190476190476195,0.16071428571428573,0.15476190476190474,,0.12142857142857143,0.42857142857142855,,,0.3190476190476191,0.225,0.11190476190476191,0.5238095238095238,,0.11428571428571428,,,0.29404761904761906,0.4404761904761905,0.15714285714285714,0.11666666666666665,0.05357142857142857,0.11547619047619048,0.04642857142857143,0.039285714285714285,0.5357142857142857,0.4761904761904762,0.275,0.08452380952380951,,0.060714285714285714,0.7142857142857143,0.15833333333333333,,,,,,,0.04285714285714286,,,,,0.5833333333333334,0.3142857142857143,,0.15833333333333333,0.08928571428571429,70504.0
196,1211,30519,US:30519,12000.0,0.4222222222222222,0.5722222222222223,0.1638888888888889,0.375,0.17777777777777778,0.175,,0.10555555555555556,0.4527777777777778,,,0.33888888888888885,0.21666666666666667,0.15,0.5222222222222223,,,,,0.2277777777777778,0.4583333333333333,0.14722222222222223,0.12916666666666668,,0.11944444444444444,,,0.5388888888888889,0.4583333333333333,0.25277777777777777,0.09166666666666666,,,0.6777777777777777,0.14166666666666666,,,,,,,,,,,,0.55,0.3138888888888889,,0.14722222222222223,,76982.0
197,1212,30533,US:30533,15333.333333333334,0.41739130434782606,0.5739130434782609,0.19999999999999998,0.3108695652173913,0.11304347826086955,0.10869565217391304,,0.15652173913043477,0.3565217391304348,,,0.2782608695652174,0.21956521739130433,0.08804347826086956,0.5260869565217391,,0.08478260869565217,,,0.30434782608695654,0.3978260869565217,,0.15217391304347827,0.07826086956521738,0.10434782608695652,,,0.5782608695652174,0.5130434782608696,0.33043478260869563,0.10869565217391304,,0.08478260869565217,0.7217391304347825,0.1826086956521739,,,,,,,,,,,,0.5891304347826087,0.30434782608695654,,0.14782608695652172,0.09782608695652173,44986.0
198,1213,30534,US:30534,15666.666666666666,0.4255319148936171,0.5595744680851064,0.22127659574468084,0.3170212765957447,0.11702127659574468,0.1148936170212766,,0.12127659574468086,0.4191489361702128,,,0.2936170212765958,0.2276595744680851,0.0851063829787234,0.548936170212766,,0.09574468085106383,,,0.32340425531914896,0.4063829787234043,,0.14468085106382977,0.08297872340425533,0.09787234042553192,,,0.548936170212766,0.45744680851063835,0.3127659574468085,0.12765957446808512,,0.07021276595744681,0.676595744680851,0.18085106382978725,,,,,,,,,,,,0.6106382978723404,0.3276595744680851,,0.16170212765957448,0.08936170212765958,59004.0
199,1214,30536,US:30536,3600.0,0.4305555555555556,0.5555555555555556,,0.3055555555555556,,,,,0.4027777777777778,,,0.3055555555555556,0.3333333333333333,,0.5138888888888888,,,,,,0.4861111111111111,,,,,,,0.5833333333333334,0.4861111111111111,0.3055555555555556,,,,0.6805555555555556,,,,,,,,,,,,,0.5694444444444444,0.4166666666666667,,,,45723.0
200,1215,30548,US:30548,11666.666666666666,0.4057142857142857,0.5771428571428572,0.18285714285714288,0.36000000000000004,0.14285714285714288,0.16714285714285715,,0.10285714285714287,0.4771428571428572,,,0.32285714285714284,0.19714285714285715,0.12428571428571429,0.5085714285714286,,,,,0.23714285714285716,0.44,,0.11714285714285716,,0.11142857142857143,,,0.5771428571428572,0.5028571428571429,0.3,,,,0.7285714285714286,0.14857142857142858,,,,,,,,,,,,0.562857142857143,0.32285714285714284,,0.1285714285714286,,84915.0
201,1216,30620,US:30620,7900.0,0.43881856540084385,0.5527426160337553,0.22784810126582278,0.3122362869198312,0.15822784810126583,0.15822784810126583,,0.13924050632911392,0.41350210970464135,,,0.3037974683544304,0.27004219409282704,,0.5189873417721519,,,,,0.5822784810126582,0.45569620253164556,,0.21518987341772153,,,,,0.5443037974683544,0.47257383966244726,0.3206751054852321,,,,0.679324894514768,0.24050632911392406,,,,,,,,,,,,0.6075949367088608,0.34177215189873417,,0.16455696202531644,,65824.0
202,1217,30621,US:30621,,,,,,,,,,,,,,,,,,,,,,,,,,,,,,,,,,,,,,,,,,,,,,,,,,,,,88341.0
203,1218,30622,US:30622,3200.0,0.4375,0.5520833333333334,,0.38541666666666663,,,,,0.45833333333333337,,,0.390625,,,0.5208333333333334,,,,,0.5625,0.45833333333333337,,,,,,,0.5416666666666666,0.47916666666666663,0.40625,,,,0.6875,,,,,,,,,,,,,0.5729166666666666,0.34375,,,,58212.0
204,1219,30625,US:30625,1100.0,,,,,,,,,,,,,,,,,,,,,,,,,,,,,,,,,,,,,,,,,,,,,,,,,,,,65893.0
205,1220,30641,US:30641,,,,,,,,,,,,,,,,,,,,,,,,,,,,,,,,,,,,,,,,,,,,,,,,,,,,,49250.0
206,1221,30650,US:30650,11233.333333333334,0.4094955489614243,0.5608308605341246,0.22255192878338279,0.3175074183976261,0.11572700296735905,0.11572700296735905,,0.15133531157270028,0.344213649851632,,,0.30267062314540055,0.2640949554896142,0.10237388724035608,0.5608308605341246,,,,,0.37091988130563797,0.34124629080118696,,0.13649851632047477,,0.09792284866468842,,,0.5786350148367952,0.5044510385756676,0.3204747774480712,0.10682492581602374,,0.09792284866468842,0.7240356083086052,0.1661721068249258,,,,,,,,,,,,0.6409495548961424,0.344213649851632,,0.15133531157270028,,55191.0
207,1222,30655,US:30655,15666.666666666666,0.42340425531914894,0.5765957446808512,0.24680851063829787,0.30638297872340425,0.10638297872340427,0.10425531914893617,,0.15531914893617021,0.37872340425531914,,,0.2914893617021277,0.274468085106383,0.1021276595744681,0.5276595744680851,,0.08936170212765958,,,0.3148936170212766,0.39787234042553193,,0.1574468085106383,0.07021276595744681,0.1021276595744681,,,0.5851063829787234,0.5319148936170214,0.3617021276595745,0.09361702127659575,,0.07659574468085106,0.7021276595744681,0.16595744680851066,,,,,,,,,,,,0.597872340425532,0.35106382978723405,,0.13829787234042554,0.07021276595744681,46391.0
208,1223,30656,US:30656,4900.0,0.4149659863945578,0.5714285714285714,0.2653061224489796,0.30612244897959184,,,,,0.4013605442176871,,,0.29931972789115646,0.336734693877551,,0.5306122448979592,,,,,0.5102040816326531,0.435374149659864,,,,,,,0.5782312925170068,0.5306122448979592,0.3469387755102041,,,,0.7142857142857143,,,,,,,,,,,,,0.6122448979591837,0.3673469387755102,,,,57823.0
209,1224,30663,US:30663,1300.0,,,,,,,,,,,,,,,,,,,,,,,,,,,,,,,,,,,,,,,,,,,,,,,,,,,,44940.0
210,1225,30666,US:30666,4600.0,0.4492753623188405,0.5507246376811594,0.2391304347826087,0.32608695652173914,,,,,0.41304347826086957,,,0.3115942028985507,0.31521739130434784,,0.5434782608695652,,,,,0.5434782608695652,0.44202898550724634,,,,,,,0.5434782608695652,0.47101449275362317,0.29710144927536236,,,,0.6811594202898551,,,,,,,,,,,,,0.6304347826086957,0.36231884057971014,,,,62500.0
211,1226,30680,US:30680,20666.666666666668,0.42903225806451606,0.5806451612903225,0.25161290322580643,0.30483870967741933,0.13870967741935483,0.13709677419354838,,0.14516129032258063,0.39999999999999997,,,0.27580645161290324,0.29354838709677417,0.1064516129032258,0.5161290322580645,,0.08225806451612903,,,0.2854838709677419,0.432258064516129,0.056451612903225805,0.1693548387096774,0.07096774193548387,0.11612903225806451,0.0532258064516129,,0.5806451612903225,0.5096774193548387,0.3532258064516129,0.09838709677419354,,0.06290322580645161,0.7096774193548386,0.16612903225806452,,,,,,,,,,,,0.6129032258064515,0.3532258064516129,,0.1725806451612903,0.06774193548387096,53263.0
212,1227,30734,US:30734,1300.0,,,,,,,,,,,,,,,,,,,,,,,,,,,,,,,,,,,,,,,,,,,,,,,,,,,,44145.0
213,1228,31016,US:31016,,,,,,,,,,,,,,,,,,,,,,,,,,,,,,,,,,,,,,,,,,,,,,,,,,,,,41548.0
214,1229,31029,US:31029,8266.666666666666,0.41935483870967744,0.5685483870967742,0.2338709677419355,0.3306451612903226,,,,0.17540322580645162,0.375,,,0.28225806451612906,0.26612903225806456,,0.5403225806451614,,,,,0.3790322580645162,0.3266129032258065,,0.2540322580645161,,,,,0.5766129032258065,0.5362903225806451,0.33870967741935487,0.13306451612903228,,,0.7258064516129032,0.2056451612903226,,,,,,,,,,,,0.6290322580645161,0.33870967741935487,,0.16935483870967744,,46044.0
215,1230,31038,US:31038,,,,,,,,,,,,,,,,,,,,,,,,,,,,,,,,,,,,,,,,,,,,,,,,,,,,,43852.0
216,1231,31064,US:31064,6766.666666666667,0.438423645320197,0.5665024630541872,0.25615763546798026,0.28078817733990147,,,,0.1625615763546798,0.3399014778325123,,,0.28078817733990147,0.3054187192118226,,0.5665024630541872,,,,,0.3842364532019704,0.3448275862068966,,0.2660098522167488,,,,,0.5862068965517241,0.48768472906403937,0.3004926108374384,,,,0.7192118226600985,0.20689655172413793,,,,,,,,,,,,0.6354679802955665,0.34975369458128075,,0.17733990147783252,,40597.0
217,1232,31085,US:31085,,,,,,,,,,,,,,,,,,,,,,,,,,,,,,,,,,,,,,,,,,,,,,,,,,,,,51029.0
218,1233,31097,US:31097,,,,,,,,,,,,,,,,,,,,,,,,,,,,,,,,,,,,,,,,,,,,,,,,,,,,,53864.0
219,1234,31816,US:31816,4033.3333333333335,0.42975206611570244,0.5619834710743801,,0.3099173553719008,,,,,0.28512396694214875,,,0.2975206611570248,0.40909090909090906,,0.5702479338842975,,,,,0.4958677685950413,0.4049586776859504,,,,,,,0.6694214876033058,0.5371900826446281,0.34710743801652894,,,,0.7851239669421487,,,,,,,,,,,,,0.6528925619834711,0.47107438016528924,,,,32910.0
220,1235,31822,US:31822,2533.3333333333335,0.47368421052631576,0.5657894736842105,,,,,,,,,,,,,0.5526315789473684,,,,,0.513157894736842,0.43421052631578944,,,,,,,0.618421052631579,0.5394736842105263,,,,,0.7236842105263157,,,,,,,,,,,,,0.631578947368421,0.4539473684210526,,,,54821.0
221,1236,31830,US:31830,,,,,,,,,,,,,,,,,,,,,,,,,,,,,,,,,,,,,,,,,,,,,,,,,,,,,40578.0
