,zip_id,median_income_zip,circle_id,x_coord,y_coord,overlap_wrt_circle,overlap_wrt_zip
0,30349,46998.0,9,-84.49711796894566,33.561296,0.12964949675998028,0.0034355574608169815
1,30349,46998.0,10,-84.47872996894566,33.561296,0.3255684011938061,0.008627175405071791
2,30349,46998.0,11,-84.46034196894566,33.561296,0.041226173265332705,0.0010924445576896884
3,30349,46998.0,33,-84.524489,33.578396619047616,0.03313331964299564,0.0008779935622261865
4,30349,46998.0,34,-84.506101,33.578396619047616,0.543469200147734,0.014401287409147279
5,30349,46998.0,35,-84.487713,33.578396619047616,0.9934966570297635,0.026326479760073487
6,30349,46998.0,36,-84.469325,33.578396619047616,0.7714704444110861,0.020443049200592225
7,30349,46998.0,37,-84.45093700000001,33.578396619047616,0.019524762088475,0.0005173829728619691
8,30349,46998.0,39,-84.41416100000001,33.578396619047616,0.00917503785302576,0.00024312759044176072
9,30297,33565.0,41,-84.377385,33.578396619047616,0.20172795809083308,0.022385249048071005
10,30297,33565.0,42,-84.358997,33.578396619047616,0.4057248904234008,0.04502228051621697
11,30349,46998.0,55,-84.57066996894567,33.595497238095234,0.02997762995637509,0.0007943715388645118
12,30349,46998.0,56,-84.55228196894566,33.595497238095234,0.2422055455842785,0.006418158882049501
13,30349,46998.0,57,-84.53389396894566,33.595497238095234,0.530014376645969,0.014044750589331923
14,30349,46998.0,58,-84.51550596894566,33.595497238095234,0.9436797744582343,0.025006391623440698
15,30349,46998.0,59,-84.49711796894566,33.595497238095234,1.0,0.026498810613798357
16,30349,46998.0,60,-84.47872996894566,33.595497238095234,1.0,0.026498810613798357
17,30349,46998.0,61,-84.46034196894566,33.595497238095234,0.8437513732345401,0.02235840784447437
18,30349,46998.0,62,-84.44195396894567,33.595497238095234,0.6364165206546162,0.016864280852319165
19,30349,46998.0,63,-84.42356596894567,33.595497238095234,0.8545906582089807,0.022645636004201063
20,30349,46998.0,64,-84.40517796894567,33.595497238095234,0.27534858227159525,0.007296409934392878
21,30297,33565.0,65,-84.38678996894566,33.595497238095234,0.5990087292917753,0.06647050668666965
22,30297,33565.0,66,-84.36840196894566,33.595497238095234,0.9930296169745185,0.11019402317092752
23,30297,33565.0,67,-84.35001396894566,33.595497238095234,0.2871106842193567,0.03185995749641422
24,30349,46998.0,79,-84.598041,33.61259785714286,0.06750207834859473,0.0017887247901971904
25,30349,46998.0,80,-84.57965300000001,33.61259785714286,0.8621097039976141,0.02284488177455054
26,30349,46998.0,81,-84.561265,33.61259785714286,0.9217135977276322,0.02442431406634725
27,30349,46998.0,82,-84.542877,33.61259785714286,1.0,0.026498810613798357
28,30349,46998.0,83,-84.524489,33.61259785714286,1.0,0.026498810613798357
29,30349,46998.0,84,-84.506101,33.61259785714286,1.0,0.026498810613798357
30,30337,29106.0,85,-84.487713,33.61259785714286,0.06417271728355095,0.006508881518793685
31,30349,46998.0,85,-84.487713,33.61259785714286,0.9358272827164481,0.02479830993192869
32,30337,29106.0,86,-84.469325,33.61259785714286,0.07249194197850638,0.007352680101116879
33,30349,46998.0,86,-84.469325,33.61259785714286,0.927508058021486,0.024577860372283256
34,30337,29106.0,87,-84.45093700000001,33.61259785714286,0.1985336688407463,0.02013678370928311
35,30349,46998.0,87,-84.45093700000001,33.61259785714286,0.8014663311592641,0.02123790452272514
36,30349,46998.0,88,-84.43254900000001,33.61259785714286,0.8786250233941126,0.023282518095464742
37,30337,29106.0,88,-84.43254900000001,33.61259785714286,0.12137497660589278,0.012310766561175551
38,30349,46998.0,89,-84.41416100000001,33.61259785714286,0.9444000194110853,0.025025477258041842
39,30297,33565.0,89,-84.41416100000001,33.61259785714286,0.05559998058892585,0.006169791358273689
40,30297,33565.0,90,-84.395773,33.61259785714286,0.8631197049914896,0.09577824381602196
41,30349,46998.0,90,-84.395773,33.61259785714286,0.058802831290277954,0.0015582050899162116
42,30297,33565.0,91,-84.377385,33.61259785714286,1.0,0.11096750921352948
43,30297,33565.0,92,-84.358997,33.61259785714286,0.6921242847383489,0.07680330794361022
44,30297,33565.0,93,-84.340609,33.61259785714286,0.03837626040572595,0.0042585180301532004
45,30349,46998.0,103,-84.60744596894565,33.62969847619048,0.27176974955051836,0.007201575123898597
46,30349,46998.0,104,-84.58905796894565,33.62969847619048,0.9652817702241038,0.02557881881812055
47,30349,46998.0,105,-84.57066996894567,33.62969847619048,1.0,0.026498810613798357
48,30349,46998.0,106,-84.55228196894566,33.62969847619048,1.0,0.026498810613798357
49,30349,46998.0,107,-84.53389396894566,33.62969847619048,1.0,0.026498810613798357
50,30349,46998.0,108,-84.51550596894566,33.62969847619048,1.0,0.026498810613798357
51,30344,39655.0,109,-84.49711796894566,33.62969847619048,0.17394179197103643,0.017565644212052478
52,30349,46998.0,109,-84.49711796894566,33.62969847619048,0.78895305897122,0.020906317692855246
53,30337,29106.0,109,-84.49711796894566,33.62969847619048,0.037105149057735216,0.003763484377431582
54,30337,29106.0,110,-84.47872996894566,33.62969847619048,0.9858088723828592,0.09998817912235027
55,30344,39655.0,110,-84.47872996894566,33.62969847619048,0.008017021015910822,0.0008096049673300253
56,30349,46998.0,110,-84.47872996894566,33.62969847619048,0.0061741066012170505,0.00016360648153505289
57,30337,29106.0,111,-84.46034196894566,33.62969847619048,1.0,0.10142755043445965
58,30337,29106.0,112,-84.44195396894567,33.62969847619048,1.0,0.10142755043445965
59,30337,29106.0,113,-84.42356596894567,33.62969847619048,0.7845039829703079,0.07957031729875538
60,30349,46998.0,113,-84.42356596894567,33.62969847619048,0.2154960170296823,0.005710388143297418
61,30354,33283.0,114,-84.40517796894567,33.62969847619048,0.07438727273211598,0.008449312094643197
62,30349,46998.0,114,-84.40517796894567,33.62969847619048,0.47272187627224305,0.012526567472337588
63,30337,29106.0,114,-84.40517796894567,33.62969847619048,0.26389223411153967,0.026765942884610427
64,30297,33565.0,114,-84.40517796894567,33.62969847619048,0.1889986168840864,0.020972705760429183
65,30297,33565.0,115,-84.38678996894566,33.62969847619048,0.7496720715221653,0.08318924250376161
66,30354,33283.0,115,-84.38678996894566,33.62969847619048,0.25032792847783736,0.028433611235240176
67,30297,33565.0,116,-84.36840196894566,33.62969847619048,1.0,0.11096750921352948
68,30288,51639.0,117,-84.35001396894566,33.62969847619048,0.13367660394535197,0.020810556913296488
69,30297,33565.0,117,-84.35001396894566,33.62969847619048,0.8450030250555146,0.09376788096830808
70,30288,51639.0,118,-84.33162596894566,33.62969847619048,0.29109345090036143,0.045316956357795646
71,30288,51639.0,119,-84.31323796894566,33.62969847619048,0.14773038482943374,0.022998426729728575
72,30331,41303.0,125,-84.671593,33.646799095238094,0.07804800861826768,0.0025371574265764998
73,30331,41303.0,126,-84.653205,33.646799095238094,0.018208238945411615,0.0005919070772347389
74,30349,46998.0,127,-84.634817,33.646799095238094,0.10346672495231127,0.002741745149341261
75,30349,46998.0,128,-84.616429,33.646799095238094,0.8036033246352056,0.021294532308127036
76,30349,46998.0,129,-84.598041,33.646799095238094,1.0,0.026498810613798357
77,30349,46998.0,130,-84.57965300000001,33.646799095238094,1.0,0.026498810613798357
78,30349,46998.0,131,-84.561265,33.646799095238094,1.0,0.026498810613798357
79,30331,41303.0,132,-84.542877,33.646799095238094,0.43809307694300853,0.014241376857340433
80,30349,46998.0,132,-84.542877,33.646799095238094,0.5619069230569841,0.014889865136669187
81,30349,46998.0,133,-84.524489,33.646799095238094,0.9975051829801956,0.02643270093007448
82,30331,41303.0,133,-84.524489,33.646799095238094,0.002494817019803672,8.110064102600072e-05
83,30349,46998.0,134,-84.506101,33.646799095238094,0.6994036451674092,0.018533364735891403
84,30344,39655.0,134,-84.506101,33.646799095238094,0.2732633382707134,0.02759570613748975
85,30331,41303.0,134,-84.506101,33.646799095238094,0.027333016561900198,0.000888532163580816
86,30349,46998.0,135,-84.487713,33.646799095238094,0.0014828470223922285,3.929368241560648e-05
87,30344,39655.0,135,-84.487713,33.646799095238094,0.5665144589960318,0.05720989369457968
88,30337,29106.0,135,-84.487713,33.646799095238094,0.43200269398155655,0.04381697503163677
89,30344,39655.0,136,-84.469325,33.646799095238094,0.012583198184111154,0.0012707238430005713
90,30337,29106.0,136,-84.469325,33.646799095238094,0.9874168018158785,0.10015126746601287
91,30354,33283.0,137,-84.45093700000001,33.646799095238094,0.014782661012558998,0.0016790952524127073
92,30337,29106.0,137,-84.45093700000001,33.646799095238094,0.985217338987443,0.09992818133905301
93,30354,33283.0,138,-84.43254900000001,33.646799095238094,0.3505007220485348,0.039811783403470094
94,30344,39655.0,138,-84.43254900000001,33.646799095238094,0.011879008431660551,0.0011996107050412919
95,30337,29106.0,138,-84.43254900000001,33.646799095238094,0.637620269519806,0.06467226204475389
96,30337,29106.0,139,-84.41416100000001,33.646799095238094,0.6140292133805114,0.06227947900838342
97,30354,33283.0,139,-84.41416100000001,33.646799095238094,0.3859707866194974,0.04384066676711326
98,30337,29106.0,140,-84.395773,33.646799095238094,0.1630346893966167,0.016536209181341806
99,30354,33283.0,140,-84.395773,33.646799095238094,0.8369653106033939,0.09506708421943372
100,30354,33283.0,141,-84.377385,33.646799095238094,0.6671539593078814,0.07577898490336049
101,30297,33565.0,141,-84.377385,33.646799095238094,0.332846040692118,0.03693509608718941
102,30288,51639.0,142,-84.358997,33.646799095238094,0.03246316882927855,0.005053813476469186
103,30297,33565.0,142,-84.358997,33.646799095238094,0.5425532305201065,0.06020578060657009
104,30354,33283.0,142,-84.358997,33.646799095238094,0.42498360065060364,0.0482719549341921
105,30354,33283.0,143,-84.340609,33.646799095238094,0.0005833898440073537,6.626459989485794e-05
106,30288,51639.0,143,-84.340609,33.646799095238094,0.958293606027759,0.14918559448175014
107,30297,33565.0,143,-84.340609,33.646799095238094,0.041123004128248396,0.004563317339489415
108,30288,51639.0,144,-84.322221,33.646799095238094,0.9330000199281511,0.14524793001742517
109,30288,51639.0,145,-84.303833,33.646799095238094,0.506825426970529,0.07890176053086907
110,30288,51639.0,146,-84.28544500000001,33.646799095238094,0.2567801187194185,0.03997511245122632
111,30331,41303.0,150,-84.66260996894566,33.66389971428571,0.11416986931463902,0.003711394268105724
112,30349,46998.0,151,-84.64422196894566,33.66389971428571,0.27533058827112405,0.007295933114782208
113,30331,41303.0,151,-84.64422196894566,33.66389971428571,0.43720659002540585,0.014212559249993664
114,30349,46998.0,152,-84.62583396894566,33.66389971428571,1.0,0.026498810613798357
115,30349,46998.0,153,-84.60744596894565,33.66389971428571,1.0,0.026498810613798357
116,30349,46998.0,154,-84.58905796894565,33.66389971428571,1.0,0.026498810613798357
117,30349,46998.0,155,-84.57066996894567,33.66389971428571,1.0,0.026498810613798357
118,30349,46998.0,156,-84.55228196894566,33.66389971428571,0.14703977013759392,0.0038963790215725447
119,30331,41303.0,156,-84.55228196894566,33.66389971428571,0.8529602298623996,0.02772773348202076
120,30331,41303.0,157,-84.53389396894566,33.66389971428571,0.9725116430792101,0.03161406910122005
121,30349,46998.0,157,-84.53389396894566,33.66389971428571,0.0274883569207885,0.0007284087641284678
122,30331,41303.0,158,-84.51550596894566,33.66389971428571,0.9483465950743857,0.030828520153919067
123,30344,39655.0,158,-84.51550596894566,33.66389971428571,0.028950356486501773,0.002923573777707504
124,30349,46998.0,158,-84.51550596894566,33.66389971428571,0.022703048439104034,0.0006016037809437083
125,30331,41303.0,159,-84.49711796894566,33.66389971428571,0.30098652668957,0.009784364969834357
126,30344,39655.0,159,-84.49711796894566,33.66389971428571,0.6990134733104437,0.07059040747175264
127,30344,39655.0,160,-84.47872996894566,33.66389971428571,0.9293774132781524,0.09385388523006608
128,30337,29106.0,160,-84.47872996894566,33.66389971428571,0.07062258672186023,0.007163075976543479
129,30337,29106.0,161,-84.46034196894566,33.66389971428571,0.6900541066652527,0.06999049770629592
130,30344,39655.0,161,-84.46034196894566,33.66389971428571,0.30994589333474276,0.03130012187186977
131,30337,29106.0,162,-84.44195396894567,33.66389971428571,0.5899868214898573,0.05984091809232905
132,30344,39655.0,162,-84.44195396894567,33.66389971428571,0.4100131785101469,0.04140549280509454
133,30354,33283.0,163,-84.42356596894567,33.66389971428571,0.5140628766969552,0.05839006488548683
134,30344,39655.0,163,-84.42356596894567,33.66389971428571,0.4859371233030367,0.049072730139463776
135,30315,27525.0,164,-84.40517796894567,33.66389971428571,0.009747036071949242,0.0010521101242092965
136,30354,33283.0,164,-84.40517796894567,33.66389971428571,0.9902529639280593,0.11247833181093722
137,30354,33283.0,165,-84.38678996894566,33.66389971428571,1.0,0.11358545332171169
138,30354,33283.0,166,-84.36840196894566,33.66389971428571,1.0,0.11358545332171169
139,30288,51639.0,167,-84.35001396894566,33.66389971428571,0.485871884478825,0.07563974701699311
140,30354,33283.0,167,-84.35001396894566,33.66389971428571,0.5141281155211848,0.05839747506691112
141,30288,51639.0,168,-84.33162596894566,33.66389971428571,0.9427485373990551,0.14676556340771874
142,30288,51639.0,169,-84.31323796894566,33.66389971428571,0.45105935651822543,0.0702201891210134
143,30288,51639.0,170,-84.29484996894566,33.66389971428571,0.5197599082919205,0.08091537960659624
144,30331,41303.0,176,-84.653205,33.68100033333333,0.371478082051699,0.01207587985104932
145,30331,41303.0,177,-84.634817,33.68100033333333,0.6455133823878924,0.020984123760162482
146,30349,46998.0,177,-84.634817,33.68100033333333,0.21257811225437315,0.005633067137267402
147,30331,41303.0,178,-84.616429,33.68100033333333,0.8105540314752679,0.026349207583980034
148,30349,46998.0,178,-84.616429,33.68100033333333,0.18944596852474038,0.0050200928414847
149,30349,46998.0,179,-84.598041,33.68100033333333,0.14092184097600288,0.00373426117537091
150,30331,41303.0,179,-84.598041,33.68100033333333,0.8590781590239929,0.027926612988140177
151,30331,41303.0,180,-84.57965300000001,33.68100033333333,0.7225091333980641,0.023487074763637143
152,30349,46998.0,180,-84.57965300000001,33.68100033333333,0.2774908666019269,0.007353177921143246
153,30331,41303.0,181,-84.561265,33.68100033333333,0.8708749215814748,0.02831009802846534
154,30349,46998.0,181,-84.561265,33.68100033333333,0.12912507841852516,0.0034216609985043603
155,30331,41303.0,182,-84.542877,33.68100033333333,1.0,0.03250765101497619
156,30331,41303.0,183,-84.524489,33.68100033333333,1.0,0.03250765101497619
157,30331,41303.0,184,-84.506101,33.68100033333333,1.0,0.03250765101497619
158,30331,41303.0,185,-84.487713,33.68100033333333,0.47364831419666126,0.015397194101736858
159,30344,39655.0,185,-84.487713,33.68100033333333,0.4715312203669648,0.0476179390702161
160,30311,27540.0,185,-84.487713,33.68100033333333,0.05482046543638264,0.005378220505052523
161,30344,39655.0,186,-84.469325,33.68100033333333,1.0,0.10098576088590248
162,30344,39655.0,187,-84.45093700000001,33.68100033333333,1.0,0.10098576088590248
163,30344,39655.0,188,-84.43254900000001,33.68100033333333,1.0,0.10098576088590248
164,30315,27525.0,189,-84.41416100000001,33.68100033333333,0.6260397563291943,0.06757569797930837
165,30354,33283.0,189,-84.41416100000001,33.68100033333333,0.05075209149975819,0.005764699320025025
166,30344,39655.0,189,-84.41416100000001,33.68100033333333,0.3232081521710516,0.0326394211715202
167,30354,33283.0,190,-84.395773,33.68100033333333,0.32794605649961256,0.03724990149257616
168,30315,27525.0,190,-84.395773,33.68100033333333,0.6720539435003957,0.07254254039404061
169,30315,27525.0,191,-84.377385,33.68100033333333,0.2735052666318339,0.029522580805466214
170,30354,33283.0,191,-84.377385,33.68100033333333,0.7264947333681653,0.08251923362545911
171,30288,51639.0,192,-84.358997,33.68100033333333,0.001139763590088119,0.00017743654730283608
172,30315,27525.0,192,-84.358997,33.68100033333333,0.5201619640169823,0.05614708558900559
173,30354,33283.0,192,-84.358997,33.68100033333333,0.4786982723929425,0.054373160274072595
174,30288,51639.0,193,-84.340609,33.68100033333333,0.3972224212668052,0.06183894235067237
175,30315,27525.0,193,-84.340609,33.68100033333333,0.06091110799266637,0.006574839050849448
176,30316,62299.0,193,-84.340609,33.68100033333333,0.533604422955056,0.05191947387212722
177,30354,33283.0,193,-84.340609,33.68100033333333,0.008262047785466815,0.0009384484430778923
178,30288,51639.0,194,-84.322221,33.68100033333333,0.2543085423570182,0.03959034145138616
179,30316,62299.0,194,-84.322221,33.68100033333333,0.4958959155395795,0.048250452812158146
180,30316,62299.0,195,-84.303833,33.68100033333333,0.44945978700596984,0.0437322380852788
181,30316,62299.0,196,-84.28544500000001,33.68100033333333,0.018131950226845574,0.0017642307214022317
182,30331,41303.0,202,-84.62583396894566,33.698100952380955,0.15663773472877698,0.005091924816339498
183,30336,0.0,202,-84.62583396894566,33.698100952380955,0.5041052360845054,0.057847988885852505
184,30331,41303.0,203,-84.60744596894565,33.698100952380955,0.4109996816240467,0.013360634217500833
185,30336,0.0,203,-84.60744596894565,33.698100952380955,0.5890003183759593,0.06759002174987201
186,30331,41303.0,204,-84.58905796894565,33.698100952380955,0.898225517452065,0.029199201654078133
187,30336,0.0,204,-84.58905796894565,33.698100952380955,0.10177448254794129,0.011679008099629733
188,30336,0.0,205,-84.57066996894567,33.698100952380955,0.054045110732606566,0.006201881554093598
189,30331,41303.0,205,-84.57066996894567,33.698100952380955,0.9459548892673912,0.030750771416214802
190,30331,41303.0,206,-84.55228196894566,33.698100952380955,1.0,0.03250765101497619
191,30331,41303.0,207,-84.53389396894566,33.698100952380955,1.0,0.03250765101497619
192,30331,41303.0,208,-84.51550596894566,33.698100952380955,1.0,0.03250765101497619
193,30331,41303.0,209,-84.49711796894566,33.698100952380955,0.435409760968684,0.01415414855808418
194,30311,27540.0,209,-84.49711796894566,33.698100952380955,0.5645902390313163,0.05538973039246591
195,30344,39655.0,210,-84.47872996894566,33.698100952380955,0.26834799423236605,0.027099326379761257
196,30311,27540.0,210,-84.47872996894566,33.698100952380955,0.7316520057676354,0.07177950403483395
197,30344,39655.0,211,-84.46034196894566,33.698100952380955,0.5136629840299088,0.05187264728118353
198,30311,27540.0,211,-84.46034196894566,33.698100952380955,0.4863370159700989,0.04771261409102395
199,30310,28333.0,212,-84.44195396894567,33.698100952380955,0.1928025431367191,0.026710400849204636
200,30344,39655.0,212,-84.44195396894567,33.698100952380955,0.7436738437005577,0.07510046895704454
201,30311,27540.0,212,-84.44195396894567,33.698100952380955,0.06352361316275659,0.00623205213869314
202,30310,28333.0,213,-84.42356596894567,33.698100952380955,0.5101055318421519,0.07066879414157323
203,30315,27525.0,213,-84.42356596894567,33.698100952380955,0.03813166336234155,0.004115990623233344
204,30344,39655.0,213,-84.42356596894567,33.698100952380955,0.4517628047955089,0.0456216105822239
205,30310,28333.0,214,-84.40517796894567,33.698100952380955,0.1334342995117026,0.018485667092384063
206,30315,27525.0,214,-84.40517796894567,33.698100952380955,0.8665657004882963,0.09353843979300348
207,30315,27525.0,215,-84.38678996894566,33.698100952380955,1.0,0.1079415441210009
208,30315,27525.0,216,-84.36840196894566,33.698100952380955,1.0,0.1079415441210009
209,30315,27525.0,217,-84.35001396894566,33.698100952380955,0.5455887035347776,0.05889168711451888
210,30316,62299.0,217,-84.35001396894566,33.698100952380955,0.45441129646521894,0.04421401776126684
211,30316,62299.0,218,-84.33162596894566,33.698100952380955,1.0,0.09729955682263948
212,30316,62299.0,219,-84.31323796894566,33.698100952380955,1.0,0.09729955682263948
213,30316,62299.0,220,-84.29484996894566,33.698100952380955,0.10068760244914397,0.009796859095835818
214,30336,0.0,228,-84.616429,33.71520157142857,0.15323447549391364,0.017584237577360516
215,30331,41303.0,229,-84.598041,33.71520157142857,0.0348648987156462,0.0011333759601207182
216,30336,0.0,229,-84.598041,33.71520157142857,0.8768613371770672,0.10062316607032731
217,30336,0.0,230,-84.57965300000001,33.71520157142857,0.653679993739231,0.07501225995278539
218,30331,41303.0,230,-84.57965300000001,33.71520157142857,0.34632000626076503,0.011258049903029319
219,30331,41303.0,231,-84.561265,33.71520157142857,1.0,0.03250765101497619
220,30331,41303.0,232,-84.542877,33.71520157142857,1.0,0.03250765101497619
221,30331,41303.0,233,-84.524489,33.71520157142857,1.0,0.03250765101497619
222,30331,41303.0,234,-84.506101,33.71520157142857,0.8200067005809253,0.02665649165242679
223,30311,27540.0,234,-84.506101,33.71520157142857,0.17999329941907535,0.0176584355131226
224,30311,27540.0,235,-84.487713,33.71520157142857,1.0,0.09810607155996827
225,30311,27540.0,236,-84.469325,33.71520157142857,1.0,0.09810607155996827
226,30344,39655.0,237,-84.45093700000001,33.71520157142857,0.00047725071622084985,4.819552671090445e-05
227,30311,27540.0,237,-84.45093700000001,33.71520157142857,0.999094094562989,0.0980171967363383
228,30310,28333.0,237,-84.45093700000001,33.71520157142857,0.0004286547207761477,5.9384794575638744e-05
229,30311,27540.0,238,-84.43254900000001,33.71520157142857,0.15256583210706343,0.01496763444230167
230,30310,28333.0,238,-84.43254900000001,33.71520157142857,0.8474341678929422,0.1174014924776259
231,30310,28333.0,239,-84.41416100000001,33.71520157142857,1.0,0.13853759610558614
232,30310,28333.0,240,-84.395773,33.71520157142857,0.2968555354338691,0.04112565226964487
233,30315,27525.0,240,-84.395773,33.71520157142857,0.7031444645661332,0.07589849924540283
234,30315,27525.0,241,-84.377385,33.71520157142857,1.0,0.1079415441210009
235,30312,48802.0,242,-84.358997,33.71520157142857,0.0988937471970948,0.03605435408437436
236,30315,27525.0,242,-84.358997,33.71520157142857,0.47279000173232855,0.051033682831958235
237,30316,62299.0,242,-84.358997,33.71520157142857,0.42831625107058124,0.04167498140910194
238,30316,62299.0,243,-84.340609,33.71520157142857,1.0,0.09729955682263948
239,30032,36660.0,244,-84.322221,33.71520157142857,0.004026199952499636,0.0003601836754094265
240,30316,62299.0,244,-84.322221,33.71520157142857,0.9959738000475082,0.09690780935158269
241,30032,36660.0,245,-84.303833,33.71520157142857,0.4452995633536172,0.03983647987659975
242,30316,62299.0,245,-84.303833,33.71520157142857,0.21108188084317267,0.020538173459329893
243,30032,36660.0,246,-84.28544500000001,33.71520157142857,0.6680720311963324,0.059765695314050064
244,30032,36660.0,247,-84.26705700000001,33.71520157142857,0.5321148003679205,0.04760296726377952
245,30032,36660.0,248,-84.248669,33.71520157142857,0.45774602907595685,0.040949940167350214
246,30032,36660.0,249,-84.230281,33.71520157142857,0.020940531920756164,0.001873339089272928
247,30336,0.0,253,-84.60744596894565,33.73230219047619,0.00044113994848822867,5.0622483185187e-05
248,30336,0.0,254,-84.58905796894565,33.73230219047619,0.4208051089633564,0.04828898318037211
249,30331,41303.0,254,-84.58905796894565,33.73230219047619,0.0006565817837221332,2.1343931488029683e-05
250,30331,41303.0,255,-84.57066996894567,33.73230219047619,0.2463310891331229,0.008007645079678553
251,30336,0.0,255,-84.57066996894567,33.73230219047619,0.7536689108668665,0.08648636764433545
252,30331,41303.0,256,-84.55228196894566,33.73230219047619,0.6481282678092102,0.021069127542882832
253,30336,0.0,256,-84.55228196894566,33.73230219047619,0.35187173219080115,0.0403786165982353
254,30336,0.0,257,-84.53389396894566,33.73230219047619,0.0002478704113873316,2.8444070358083662e-05
255,30331,41303.0,257,-84.53389396894566,33.73230219047619,0.9997521295886208,0.03249959333014614
256,30331,41303.0,258,-84.51550596894566,33.73230219047619,1.0,0.03250765101497619
257,30311,27540.0,259,-84.49711796894566,33.73230219047619,0.7867902066451975,0.07718889631581596
258,30331,41303.0,259,-84.49711796894566,33.73230219047619,0.21320979335480855,0.006930949555353306
259,30311,27540.0,260,-84.47872996894566,33.73230219047619,1.0,0.09810607155996827
260,30310,28333.0,261,-84.46034196894566,33.73230219047619,0.2542730279539461,0.03522637404722819
261,30311,27540.0,261,-84.46034196894566,33.73230219047619,0.7457269720460544,0.07316034368374867
262,30310,28333.0,262,-84.44195396894567,33.73230219047619,0.577574504888792,0.08001578347916734
263,30311,27540.0,262,-84.44195396894567,33.73230219047619,0.4224254951112038,0.041442505852134784
264,30310,28333.0,263,-84.42356596894567,33.73230219047619,1.0,0.13853759610558614
265,30315,27525.0,264,-84.40517796894567,33.73230219047619,0.0842330874698171,0.009092249527571391
266,30310,28333.0,264,-84.40517796894567,33.73230219047619,0.7807701357451416,0.10816601771716408
267,30303,22383.0,264,-84.40517796894567,33.73230219047619,0.004643796406204194,0.005440574140583091
268,30312,48802.0,264,-84.40517796894567,33.73230219047619,0.13035298037881815,0.04752365689172185
269,30310,28333.0,265,-84.38678996894566,33.73230219047619,0.0026079544569391935,0.0003612997412172052
270,30312,48802.0,265,-84.38678996894566,33.73230219047619,0.2174896359611115,0.07929164954176143
271,30315,27525.0,265,-84.38678996894566,33.73230219047619,0.7799024095819416,0.08418387035396407
272,30316,62299.0,266,-84.36840196894566,33.73230219047619,0.05557767025897549,0.005407682685433106
273,30315,27525.0,266,-84.36840196894566,33.73230219047619,0.443619355305385,0.04788495821362619
274,30312,48802.0,266,-84.36840196894566,33.73230219047619,0.5008029744356421,0.18258108605010928
275,30316,62299.0,267,-84.35001396894566,33.73230219047619,0.9996158342726726,0.09726217766762407
276,30312,48802.0,267,-84.35001396894566,33.73230219047619,0.0003841657273312725,0.00014005786566746465
277,30317,65061.0,268,-84.33162596894566,33.73230219047619,0.01723727033320659,0.005946780025051619
278,30316,62299.0,268,-84.33162596894566,33.73230219047619,0.9827627296668,0.09562237805838708
279,30032,36660.0,269,-84.31323796894566,33.73230219047619,0.5245056829409378,0.04692225594446937
280,30317,65061.0,269,-84.31323796894566,33.73230219047619,0.06264371434664567,0.02161179711001097
281,30316,62299.0,269,-84.31323796894566,33.73230219047619,0.4128506027124234,0.0401701806778784
282,30317,65061.0,270,-84.29484996894566,33.73230219047619,0.09394958138804198,0.03241217914208096
283,30032,36660.0,270,-84.29484996894566,33.73230219047619,0.9060504186119459,0.08105523166560359
284,30032,36660.0,271,-84.27646196894567,33.73230219047619,1.0,0.08945995719507403
285,30032,36660.0,272,-84.25807396894567,33.73230219047619,1.0,0.08945995719507403
286,30032,36660.0,273,-84.23968596894566,33.73230219047619,0.9544285145557458,0.08538313405791512
287,30032,36660.0,274,-84.22129796894566,33.73230219047619,0.001729661590462831,0.00015473545184476853
288,30336,0.0,280,-84.57965300000001,33.74940280952381,0.11763356237356583,0.013498897693751673
289,30336,0.0,281,-84.561265,33.74940280952381,0.8053146396270451,0.0924129110116012
290,30331,41303.0,282,-84.542877,33.74940280952381,0.14744944265575735,0.004793235024206104
291,30336,0.0,282,-84.542877,33.74940280952381,0.8525505573442442,0.09783341182675147
292,30336,0.0,283,-84.524489,33.74940280952381,0.013325780969880812,0.001529183936728135
293,30331,41303.0,283,-84.524489,33.74940280952381,0.9866742190301258,0.03207446117770551
294,30311,27540.0,284,-84.506101,33.74940280952381,0.05649250922238402,0.005542258152373374
295,30331,41303.0,284,-84.506101,33.74940280952381,0.9435074907776241,0.030671212240214872
296,30331,41303.0,285,-84.487713,33.74940280952381,0.01601629516609927,0.0005206521338124052
297,30311,27540.0,285,-84.487713,33.74940280952381,0.9839837048339038,0.09653477576027766
298,30314,25920.0,286,-84.469325,33.74940280952381,0.07515042844108699,0.019678362920696975
299,30310,28333.0,286,-84.469325,33.74940280952381,0.22821683240822527,0.031616611352666954
300,30311,27540.0,286,-84.469325,33.74940280952381,0.6295877714935411,0.06176638296342629
301,30318,44586.0,286,-84.469325,33.74940280952381,0.06704496765714447,0.003987571336178179
302,30314,25920.0,287,-84.45093700000001,33.74940280952381,0.39604261467299884,0.10370493509170862
303,30310,28333.0,287,-84.45093700000001,33.74940280952381,0.6039573853270029,0.08367080431341818
304,30314,25920.0,288,-84.43254900000001,33.74940280952381,0.6158267183536222,0.16125605550638344
305,30310,28333.0,288,-84.43254900000001,33.74940280952381,0.3841732816463751,0.05322244292728309
306,30303,22383.0,289,-84.41416100000001,33.74940280952381,1.1995553108089785e-05,1.4053737574427745e-05
307,30310,28333.0,289,-84.41416100000001,33.74940280952381,0.23675104122990942,0.03279892012748616
308,30313,50172.0,289,-84.41416100000001,33.74940280952381,0.027645956918327826,0.03039201740527505
309,30314,25920.0,289,-84.41416100000001,33.74940280952381,0.7355910062986559,0.19261669006309493
310,30334,0.0,290,-84.395773,33.74940280952381,0.03324166492317931,0.8314300144940389
311,30314,25920.0,290,-84.395773,33.74940280952381,0.0796245101683995,0.02084991451119701
312,30313,50172.0,290,-84.395773,33.74940280952381,0.21495601275166787,0.23630749697747713
313,30303,22383.0,290,-84.395773,33.74940280952381,0.45127448038710116,0.5287036841277006
314,30312,48802.0,290,-84.395773,33.74940280952381,0.22090333176967133,0.08053620342819538
315,30334,0.0,291,-84.377385,33.74940280952381,0.019168966746204764,0.47944813644155043
316,30316,62299.0,291,-84.377385,33.74940280952381,0.003275934471483331,0.00031874697225533577
317,30308,59945.0,291,-84.377385,33.74940280952381,0.0016570239228609444,0.0012702222303555845
318,30312,48802.0,291,-84.377385,33.74940280952381,0.7895648981791308,0.2878569496897338
319,30315,27525.0,291,-84.377385,33.74940280952381,0.005719140705404918,0.0006173328787866772
320,30303,22383.0,291,-84.377385,33.74940280952381,0.1806140359749258,0.2116036035168759
321,30317,65061.0,292,-84.358997,33.74940280952381,0.002318381231967603,0.0007998310019052059
322,30307,87009.0,292,-84.358997,33.74940280952381,0.21324510822346154,0.057038941786672355
323,30312,48802.0,292,-84.358997,33.74940280952381,0.20994565582347352,0.07654129030473297
324,30316,62299.0,292,-84.358997,33.74940280952381,0.574490854721102,0.05589770556302258
325,30317,65061.0,293,-84.340609,33.74940280952381,0.4230043229378751,0.14593457139854976
326,30316,62299.0,293,-84.340609,33.74940280952381,0.37510236639959343,0.03649729401380377
327,30307,87009.0,293,-84.340609,33.74940280952381,0.2018933106625294,0.05400255550964891
328,30316,62299.0,294,-84.322221,33.74940280952381,0.004579901089807786,0.0004456223463298211
329,30317,65061.0,294,-84.322221,33.74940280952381,0.9930391129199481,0.3425939865566156
330,30307,87009.0,294,-84.322221,33.74940280952381,0.00238098599023069,0.000636867698504649
331,30030,77789.0,295,-84.303833,33.74940280952381,0.23555979463038304,0.04410718887944823
332,30032,36660.0,295,-84.303833,33.74940280952381,0.001819727124006155,0.0001627927106203058
333,30317,65061.0,295,-84.303833,33.74940280952381,0.7626204782456144,0.2631006034632792
334,30030,77789.0,296,-84.28544500000001,33.74940280952381,0.40920853006463986,0.07662189532370409
335,30032,36660.0,296,-84.28544500000001,33.74940280952381,0.31119853290717087,0.02783980743304534
336,30317,65061.0,296,-84.28544500000001,33.74940280952381,0.27959293702818955,0.09645829420344484
337,30030,77789.0,297,-84.26705700000001,33.74940280952381,0.11631673346620269,0.021779625597332337
338,30032,36660.0,297,-84.26705700000001,33.74940280952381,0.865589878565265,0.07743563348493794
339,30032,36660.0,298,-84.248669,33.74940280952381,1.0,0.08945995719507403
340,30032,36660.0,299,-84.230281,33.74940280952381,0.43288102646141124,0.03872551809779756
341,30336,0.0,306,-84.55228196894566,33.766503428571426,0.28480822113398024,0.03268282420299248
342,30331,41303.0,307,-84.53389396894566,33.766503428571426,0.019511905511076948,0.0006342862149912801
343,30336,0.0,307,-84.53389396894566,33.766503428571426,0.8882726452902132,0.1019326569814506
344,30336,0.0,308,-84.51550596894566,33.766503428571426,0.41141167247511984,0.047211050695893056
345,30331,41303.0,308,-84.51550596894566,33.766503428571426,0.5885883275248801,0.019133623942667308
346,30311,27540.0,309,-84.49711796894566,33.766503428571426,0.05744118871389054,0.005635329370454588
347,30318,44586.0,309,-84.49711796894566,33.766503428571426,0.28854166785711594,0.017161325066542433
348,30331,41303.0,309,-84.49711796894566,33.766503428571426,0.6540171434289899,0.02126056105640123
349,30318,44586.0,310,-84.47872996894566,33.766503428571426,0.9180129011338279,0.05459980157679945
350,30311,27540.0,310,-84.47872996894566,33.766503428571426,0.08198709886617896,0.008043432188359545
351,30318,44586.0,311,-84.46034196894566,33.766503428571426,0.47576555679449556,0.02829666660018766
352,30314,25920.0,311,-84.46034196894566,33.766503428571426,0.5242344432054912,0.13727234618514902
353,30318,44586.0,312,-84.44195396894567,33.766503428571426,0.5419817402024283,0.03223494510453194
354,30314,25920.0,312,-84.44195396894567,33.766503428571426,0.4580182597975699,0.11993344186544849
355,30318,44586.0,313,-84.42356596894567,33.766503428571426,0.4551247009853879,0.02706902957007547
356,30314,25920.0,313,-84.42356596894567,33.766503428571426,0.5448752990146075,0.1426772155921676
357,30332,0.0,314,-84.40517796894567,33.766503428571426,0.004468362045590148,0.06487112443620957
358,30318,44586.0,314,-84.40517796894567,33.766503428571426,0.43479918812936474,0.025860147900204727
359,30314,25920.0,314,-84.40517796894567,33.766503428571426,0.32077732553644145,0.08399649555671049
360,30313,50172.0,314,-84.40517796894567,33.766503428571426,0.23995512428859328,0.26378975903811713
361,30312,48802.0,315,-84.38678996894566,33.766503428571426,0.01059587447273917,0.0038630087432357327
362,30313,50172.0,315,-84.38678996894566,33.766503428571426,0.24992388199178603,0.2747487089677378
363,30303,22383.0,315,-84.38678996894566,33.766503428571426,0.18459336048233954,0.21626569636468015
364,30308,59945.0,315,-84.38678996894566,33.766503428571426,0.554886883053138,0.4253587678866384
365,30306,100380.0,316,-84.36840196894566,33.766503428571426,0.10060234871658838,0.028035296248069174
366,30307,87009.0,316,-84.36840196894566,33.766503428571426,0.03940749758196946,0.010540743369273149
367,30308,59945.0,316,-84.36840196894566,33.766503428571426,0.41565034760991715,0.31862443523300266
368,30312,48802.0,316,-84.36840196894566,33.766503428571426,0.4443398060915212,0.16199593155952915
369,30306,100380.0,317,-84.35001396894566,33.766503428571426,0.25764173014574004,0.07179814708749341
370,30307,87009.0,317,-84.35001396894566,33.766503428571426,0.74159491035839,0.19836229432704436
371,30312,48802.0,317,-84.35001396894566,33.766503428571426,0.0007633594958847457,0.0002783030711076813
372,30306,100380.0,318,-84.33162596894566,33.766503428571426,0.012836799846240414,0.0035772871225935644
373,30307,87009.0,318,-84.33162596894566,33.766503428571426,0.9474839850125779,0.2534336394169666
374,30317,65061.0,318,-84.33162596894566,33.766503428571426,0.039679215141179516,0.01368914911989993
375,30030,77789.0,319,-84.31323796894566,33.766503428571426,0.5324188511231748,0.09969230473441643
376,30307,87009.0,319,-84.31323796894566,33.766503428571426,0.2883183868804127,0.07711959173321752
377,30317,65061.0,319,-84.31323796894566,33.766503428571426,0.17926276199641936,0.061844839215768006
378,30030,77789.0,320,-84.29484996894566,33.766503428571426,1.0,0.18724413030099996
379,30030,77789.0,321,-84.27646196894567,33.766503428571426,0.8224169061491937,0.15399273833674487
380,30032,36660.0,322,-84.25807396894567,33.766503428571426,0.4768124347504621,0.04265562000285537
381,30032,36660.0,323,-84.23968596894566,33.766503428571426,0.9131844050724646,0.08169343778899182
382,30126,71208.0,330,-84.57965300000001,33.78360404761904,0.036197543366626554,0.002118669846969466
383,30126,71208.0,331,-84.561265,33.78360404761904,0.2745986639017239,0.016072469430703933
384,30126,71208.0,332,-84.542877,33.78360404761904,0.7087849559203718,0.04148572456656259
385,30331,41303.0,333,-84.524489,33.78360404761904,0.0062938774036550025,0.00020459917016906124
386,30336,0.0,333,-84.524489,33.78360404761904,0.6039253583991221,0.06930272673204381
387,30126,71208.0,333,-84.524489,33.78360404761904,0.38978076419723245,0.022814165692658008
388,30331,41303.0,334,-84.506101,33.78360404761904,0.9020574479849782,0.02932376871455571
389,30336,0.0,334,-84.506101,33.78360404761904,0.09794255201500716,0.011239279529059256
390,30331,41303.0,335,-84.487713,33.78360404761904,0.14271020764708697,0.004639173626466289
391,30318,44586.0,335,-84.487713,33.78360404761904,0.8572897923529296,0.05098822957550344
392,30318,44586.0,336,-84.469325,33.78360404761904,1.0,0.059476072187399344
393,30318,44586.0,337,-84.45093700000001,33.78360404761904,1.0,0.059476072187399344
394,30318,44586.0,338,-84.43254900000001,33.78360404761904,1.0,0.059476072187399344
395,30363,60278.0,339,-84.41416100000001,33.78360404761904,0.022612721520090726,0.0864816579342454
396,30318,44586.0,339,-84.41416100000001,33.78360404761904,0.9610926211880478,0.057162014116557185
397,30332,0.0,339,-84.41416100000001,33.78360404761904,0.016294657291860897,0.23656380795484314
398,30363,60278.0,340,-84.395773,33.78360404761904,0.1603230168087866,0.6131504465893292
399,30332,0.0,340,-84.395773,33.78360404761904,0.025833533449709945,0.37504802563995965
400,30318,44586.0,340,-84.395773,33.78360404761904,0.45781558492349883,0.027229072777426474
401,30313,50172.0,340,-84.395773,33.78360404761904,0.16273107633183978,0.17889508107341584
402,30308,59945.0,340,-84.395773,33.78360404761904,0.042915139759823494,0.03289739139530769
403,30309,82514.0,340,-84.395773,33.78360404761904,0.15038164872632823,0.05319739330884316
404,30306,100380.0,341,-84.377385,33.78360404761904,0.0569352303704009,0.01586638951027847
405,30308,59945.0,341,-84.377385,33.78360404761904,0.20845502832294519,0.15979504420675064
406,30309,82514.0,341,-84.377385,33.78360404761904,0.7346097413066458,0.25986763456700496
407,30309,82514.0,342,-84.358997,33.78360404761904,0.00027475417140938435,9.719407815716667e-05
408,30306,100380.0,342,-84.358997,33.78360404761904,0.9788959395801003,0.27279321022089553
409,30308,59945.0,342,-84.358997,33.78360404761904,0.020829306248484614,0.01596708863081994
410,30306,100380.0,343,-84.340609,33.78360404761904,0.7451910625958569,0.20766565063150927
411,30307,87009.0,343,-84.340609,33.78360404761904,0.25480893740414007,0.06815646215006366
412,30307,87009.0,344,-84.322221,33.78360404761904,0.7627855403492049,0.2040303779728479
413,30322,0.0,344,-84.322221,33.78360404761904,0.12349661611384373,0.3488303053428747
414,30306,100380.0,344,-84.322221,33.78360404761904,0.008268062017062842,0.002304096981858475
415,30030,77789.0,344,-84.322221,33.78360404761904,0.10544978151988475,0.019744852631121277
416,30307,87009.0,345,-84.303833,33.78360404761904,0.08856507671991955,0.02368944496520868
417,30033,67462.0,345,-84.303833,33.78360404761904,0.07511599636976897,0.009896280267473297
418,30030,77789.0,345,-84.303833,33.78360404761904,0.8363189269103282,0.15659581012358995
419,30030,77789.0,346,-84.28544500000001,33.78360404761904,0.9280947888735203,0.17378030157951246
420,30033,67462.0,346,-84.28544500000001,33.78360404761904,0.07190521112647388,0.009473270094115553
421,30030,77789.0,347,-84.26705700000001,33.78360404761904,0.1871101685873062,0.03503528078760363
422,30033,67462.0,347,-84.26705700000001,33.78360404761904,0.21651188286401812,0.028524713477980353
423,30032,36660.0,348,-84.248669,33.78360404761904,0.22456958044710562,0.020089985054113805
424,30032,36660.0,349,-84.230281,33.78360404761904,0.22802596143960258,0.020399192749752448
425,30126,71208.0,353,-84.60744596894565,33.80070466666667,0.0029421968941145352,0.00017220903032759093
426,30126,71208.0,354,-84.58905796894565,33.80070466666667,0.4542559027868224,0.026587944775546976
427,30126,71208.0,355,-84.57066996894567,33.80070466666667,0.968871930406559,0.05670881373734451
428,30126,71208.0,356,-84.55228196894566,33.80070466666667,1.0,0.058530763414260854
429,30126,71208.0,357,-84.53389396894566,33.80070466666667,1.0,0.058530763414260854
430,30126,71208.0,358,-84.51550596894566,33.80070466666667,0.980099918300696,0.057365996440394425
431,30331,41303.0,358,-84.51550596894566,33.80070466666667,0.019900081699310603,0.0006469049110507034
432,30318,44586.0,359,-84.49711796894566,33.80070466666667,0.09995339095496229,0.005944835095812687
433,30126,71208.0,359,-84.49711796894566,33.80070466666667,0.2663473065207032,0.015589511183988896
434,30331,41303.0,359,-84.49711796894566,33.80070466666667,0.6336993025243531,0.020600075774895494
435,30318,44586.0,360,-84.47872996894566,33.80070466666667,0.992900455995737,0.05905381919570418
436,30331,41303.0,360,-84.47872996894566,33.80070466666667,0.0070995440042450125,0.0002307894988554635
437,30318,44586.0,361,-84.46034196894566,33.80070466666667,1.0,0.059476072187399344
438,30318,44586.0,362,-84.44195396894567,33.80070466666667,1.0,0.059476072187399344
439,30318,44586.0,363,-84.42356596894567,33.80070466666667,1.0,0.059476072187399344
440,30363,60278.0,364,-84.40517796894567,33.80070466666667,0.019020261592649152,0.07274240543819116
441,30309,82514.0,364,-84.40517796894567,33.80070466666667,0.35945586062355067,0.12715723598402012
442,30305,98506.0,364,-84.40517796894567,33.80070466666667,9.256388306473813e-05,1.748634288887179e-05
443,30318,44586.0,364,-84.40517796894567,33.80070466666667,0.6214313139007271,0.036960293685070075
444,30363,60278.0,365,-84.38678996894566,33.80070466666667,0.024028732879791435,0.09189714982591539
445,30318,44586.0,365,-84.38678996894566,33.80070466666667,0.00012181669742791438,7.2451786898532194e-06
446,30324,66748.0,365,-84.38678996894566,33.80070466666667,0.06642368011736266,0.015294212160678841
447,30309,82514.0,365,-84.38678996894566,33.80070466666667,0.9094257703054237,0.32170867122342744
448,30309,82514.0,366,-84.36840196894566,33.80070466666667,0.21292552799653156,0.07532224280196687
449,30324,66748.0,366,-84.36840196894566,33.80070466666667,0.6907293290059915,0.15904208988052707
450,30306,100380.0,366,-84.36840196894566,33.80070466666667,0.09634514299748366,0.026848922122149833
451,30306,100380.0,367,-84.35001396894566,33.80070466666667,0.8802569736751806,0.24530505844286815
452,30324,66748.0,367,-84.35001396894566,33.80070466666667,0.11974302632481319,0.027571119909912015
453,30306,100380.0,368,-84.33162596894566,33.80070466666667,0.3693807072666902,0.10293693625102633
454,30033,67462.0,368,-84.33162596894566,33.80070466666667,5.7899847242589084e-05,7.628110435171677e-06
455,30322,0.0,368,-84.33162596894566,33.80070466666667,0.1753145885607917,0.49519609025033084
456,30324,66748.0,368,-84.33162596894566,33.80070466666667,0.04157872758200329,0.009573602063099243
457,30329,51589.0,368,-84.33162596894566,33.80070466666667,0.4136680767432697,0.09254676371733565
458,30329,51589.0,369,-84.31323796894566,33.80070466666667,0.11636934853099372,0.026034415532436603
459,30307,87009.0,369,-84.31323796894566,33.80070466666667,0.12231302984074781,0.03271636966005843
460,30033,67462.0,369,-84.31323796894566,33.80070466666667,0.7275144911574767,0.09584759107369284
461,30322,0.0,369,-84.31323796894566,33.80070466666667,0.03380313047078873,0.09548080501898427
462,30030,77789.0,370,-84.29484996894566,33.80070466666667,0.03924038005680042,0.007347530836416296
463,30033,67462.0,370,-84.29484996894566,33.80070466666667,0.9607596199431987,0.126576853508337
464,30030,77789.0,371,-84.27646196894567,33.80070466666667,0.0043242875096455,0.0008096974539150485
465,30033,67462.0,371,-84.27646196894567,33.80070466666667,0.9870771087313295,0.13004409427688582
466,30033,67462.0,372,-84.25807396894567,33.80070466666667,0.2870147682127151,0.03781323186015871
467,30126,71208.0,379,-84.598041,33.817805285714286,0.5643893133094946,0.03303413737085517
468,30126,71208.0,380,-84.57965300000001,33.817805285714286,1.0,0.058530763414260854
469,30126,71208.0,381,-84.561265,33.817805285714286,1.0,0.058530763414260854
470,30126,71208.0,382,-84.542877,33.817805285714286,1.0,0.058530763414260854
471,30126,71208.0,383,-84.524489,33.817805285714286,1.0,0.058530763414260854
472,30082,74180.0,384,-84.506101,33.817805285714286,0.18307429227293195,0.021102745771589083
473,30126,71208.0,384,-84.506101,33.817805285714286,0.8169257077270605,0.047815285326000184
474,30318,44586.0,385,-84.487713,33.817805285714286,0.23847811357136073,0.01418374149788507
475,30126,71208.0,385,-84.487713,33.817805285714286,0.2666481096042554,0.015607117418106569
476,30080,65159.0,385,-84.487713,33.817805285714286,0.2047728362611771,0.018270654243656904
477,30082,74180.0,385,-84.487713,33.817805285714286,0.2901009405632013,0.03343957428865755
478,30318,44586.0,386,-84.469325,33.817805285714286,0.9184893463945367,0.05462813866951871
479,30080,65159.0,386,-84.469325,33.817805285714286,0.08151065360545497,0.007272707632472742
480,30327,148480.0,387,-84.45093700000001,33.817805285714286,0.04132258992545464,0.00295383919520682
481,30080,65159.0,387,-84.45093700000001,33.817805285714286,5.7066658247186364e-05,5.0917162681940595e-06
482,30318,44586.0,387,-84.45093700000001,33.817805285714286,0.9541065229313359,0.056746508432332726
483,30339,77346.0,387,-84.45093700000001,33.817805285714286,0.004513820484969591,0.0006413544383352
484,30318,44586.0,388,-84.43254900000001,33.817805285714286,0.55077694544811,0.032758049366627094
485,30327,148480.0,388,-84.43254900000001,33.817805285714286,0.4492230545518897,0.03211155613236418
486,30309,82514.0,389,-84.41416100000001,33.817805285714286,0.0007259747298703266,0.00025681300587065254
487,30318,44586.0,389,-84.41416100000001,33.817805285714286,0.5375680051113956,0.03197243347764162
488,30305,98506.0,389,-84.41416100000001,33.817805285714286,0.20521903193659444,0.038768148450036864
489,30327,148480.0,389,-84.41416100000001,33.817805285714286,0.256486988222127,0.018334313513209282
490,30318,44586.0,390,-84.395773,33.817805285714286,0.051416123370709915,0.003058029065192574
491,30305,98506.0,390,-84.395773,33.817805285714286,0.556171854089232,0.10506702424035128
492,30309,82514.0,390,-84.395773,33.817805285714286,0.3924120225400677,0.13881545307547785
493,30324,66748.0,391,-84.377385,33.817805285714286,0.40328282392199843,0.09285684049608221
494,30309,82514.0,391,-84.377385,33.817805285714286,0.037969093723983646,0.013431537887251918
495,30305,98506.0,391,-84.377385,33.817805285714286,0.5587480823540147,0.10555370229777987
496,30324,66748.0,392,-84.358997,33.817805285714286,0.9902461435567199,0.22800655706054007
497,30306,100380.0,392,-84.358997,33.817805285714286,0.009753856443275621,0.002718149808994277
498,30324,66748.0,393,-84.340609,33.817805285714286,0.7092807461919445,0.1633135983218226
499,30329,51589.0,393,-84.340609,33.817805285714286,0.29071925380806496,0.06504037319503617
500,30329,51589.0,394,-84.322221,33.817805285714286,0.9749370900823665,0.21811514493809087
501,30033,67462.0,394,-84.322221,33.817805285714286,0.02506290991764426,0.0033019542154840557
502,30033,67462.0,395,-84.303833,33.817805285714286,0.6028201194799786,0.07941952635333133
503,30329,51589.0,395,-84.303833,33.817805285714286,0.27309956935451374,0.06109845728328737
504,30033,67462.0,396,-84.28544500000001,33.817805285714286,1.0,0.1317466418039305
505,30033,67462.0,397,-84.26705700000001,33.817805285714286,0.9993303982987174,0.1316584240284403
506,30033,67462.0,398,-84.248669,33.817805285714286,0.2059484697868946,0.027133019279081606
507,30126,71208.0,403,-84.60744596894565,33.834905904761904,0.5720604324140931,0.03348313382828904
508,30126,71208.0,404,-84.58905796894565,33.834905904761904,1.0,0.058530763414260854
509,30126,71208.0,405,-84.57066996894567,33.834905904761904,0.9551992741157812,0.05590854272674449
510,30082,74180.0,405,-84.57066996894567,33.834905904761904,0.04480072588421419,0.005164123902813008
511,30126,71208.0,406,-84.55228196894566,33.834905904761904,1.0,0.058530763414260854
512,30126,71208.0,407,-84.53389396894566,33.834905904761904,0.8269895213619023,0.04840432802090632
513,30082,74180.0,407,-84.53389396894566,33.834905904761904,0.17301047863809152,0.01994270250176682
514,30126,71208.0,408,-84.51550596894566,33.834905904761904,0.27578486896257975,0.016141898918481685
515,30082,74180.0,408,-84.51550596894566,33.834905904761904,0.7242151310374264,0.08347937662070377
516,30082,74180.0,409,-84.49711796894566,33.834905904761904,0.6513219967094152,0.07507707576720624
517,30080,65159.0,409,-84.49711796894566,33.834905904761904,0.3486780032905872,0.03111045076489367
518,30080,65159.0,410,-84.47872996894566,33.834905904761904,0.9249946108988054,0.08253173136412795
519,30339,77346.0,410,-84.47872996894566,33.834905904761904,0.0750053891011956,0.010657277877862815
520,30080,65159.0,411,-84.46034196894566,33.834905904761904,0.22387039317458385,0.01997461491360816
521,30318,44586.0,411,-84.46034196894566,33.834905904761904,0.023378771007791392,0.0013904774721120797
522,30327,148480.0,411,-84.46034196894566,33.834905904761904,0.3598856438670539,0.025725500811165595
523,30339,77346.0,411,-84.46034196894566,33.834905904761904,0.39286519195058794,0.055820969257402195
524,30318,44586.0,412,-84.44195396894567,33.834905904761904,0.0818386669048857,0.004867442460555512
525,30327,148480.0,412,-84.44195396894567,33.834905904761904,0.9181613330951137,0.06563240440912059
526,30327,148480.0,413,-84.42356596894567,33.834905904761904,1.0,0.071482431293283
527,30327,148480.0,414,-84.40517796894567,33.834905904761904,0.3388231413408534,0.024219901921471866
528,30305,98506.0,414,-84.40517796894567,33.834905904761904,0.6611768586591388,0.12490363279827829
529,30305,98506.0,415,-84.38678996894566,33.834905904761904,1.0,0.1889110775165087
530,30326,82102.0,416,-84.36840196894566,33.834905904761904,0.0027073306973694577,0.004779468417402399
531,30305,98506.0,416,-84.36840196894566,33.834905904761904,0.8082088525100917,0.1526796051860625
532,30324,66748.0,416,-84.36840196894566,33.834905904761904,0.18908381679254813,0.043537003747256116
533,30319,95670.0,417,-84.35001396894566,33.834905904761904,0.05095725680505672,0.005923655353030184
534,30324,66748.0,417,-84.35001396894566,33.834905904761904,0.8510243755268231,0.1959504100076839
535,30329,51589.0,417,-84.35001396894566,33.834905904761904,0.0980183676681276,0.021928892323424196
536,30329,51589.0,418,-84.33162596894566,33.834905904761904,0.8210305507772208,0.18368282364377456
537,30319,95670.0,418,-84.33162596894566,33.834905904761904,0.1293796748162003,0.015040067918692121
538,30324,66748.0,418,-84.33162596894566,33.834905904761904,0.04958977440657853,0.011418164868829121
539,30329,51589.0,419,-84.31323796894566,33.834905904761904,0.8857875103655228,0.19817039804219988
540,30033,67462.0,420,-84.29484996894566,33.834905904761904,0.3062570039030125,0.04034833179315514
541,30033,67462.0,421,-84.27646196894567,33.834905904761904,0.6660259067383869,0.08774667656720027
542,30033,67462.0,422,-84.25807396894567,33.834905904761904,0.30057376045871725,0.03959958355481503
543,30126,71208.0,429,-84.598041,33.85200652380952,0.14986970457874435,0.008771988221663652
544,30082,74180.0,430,-84.57965300000001,33.85200652380952,0.18519917125581598,0.021347677926805857
545,30126,71208.0,430,-84.57965300000001,33.85200652380952,0.16620918226253018,0.009728350324285914
546,30126,71208.0,431,-84.561265,33.85200652380952,0.07605185910045525,0.004451373372223447
547,30082,74180.0,431,-84.561265,33.85200652380952,0.8699428633925052,0.10027723092115756
548,30126,71208.0,432,-84.542877,33.85200652380952,0.01715936355412948,0.0010043506485260428
549,30082,74180.0,432,-84.542877,33.85200652380952,0.9828406364458705,0.11329081668104081
550,30082,74180.0,433,-84.524489,33.85200652380952,1.0,0.11526875515721541
551,30082,74180.0,434,-84.506101,33.85200652380952,0.3231656819672254,0.03725090586989464
552,30080,65159.0,434,-84.506101,33.85200652380952,0.6768343180327913,0.060389874120051715
553,30339,77346.0,435,-84.487713,33.85200652380952,0.21895532735694143,0.031110668105902097
554,30080,65159.0,435,-84.487713,33.85200652380952,0.7810446726430542,0.06968794017440157
555,30327,148480.0,436,-84.469325,33.85200652380952,0.003927799691107123,0.00028076867155334313
556,30339,77346.0,436,-84.469325,33.85200652380952,0.9960722003088953,0.14152874016537723
557,30327,148480.0,437,-84.45093700000001,33.85200652380952,0.9078948553470978,0.06489853161887403
558,30339,77346.0,437,-84.45093700000001,33.85200652380952,0.09210514465291603,0.01308692791690657
559,30327,148480.0,438,-84.43254900000001,33.85200652380952,1.0,0.071482431293283
560,30327,148480.0,439,-84.41416100000001,33.85200652380952,0.8581106174275692,0.06133983325230286
561,30305,98506.0,439,-84.41416100000001,33.85200652380952,0.14188938257242947,0.026804476149909787
562,30342,76552.0,440,-84.395773,33.85200652380952,0.176461786809846,0.023906922450569818
563,30305,98506.0,440,-84.395773,33.85200652380952,0.8235382131901474,0.15557549122977102
564,30342,76552.0,441,-84.377385,33.85200652380952,0.4793914368273131,0.06494762470045633
565,30326,82102.0,441,-84.377385,33.85200652380952,0.1293456723744869,0.2283443085258138
566,30305,98506.0,441,-84.377385,33.85200652380952,0.39126289079819526,0.07391389429291115
567,30305,98506.0,442,-84.358997,33.85200652380952,0.010738588608880096,0.0020286383451100453
568,30342,76552.0,442,-84.358997,33.85200652380952,0.16312544648609048,0.022100124164899048
569,30324,66748.0,442,-84.358997,33.85200652380952,0.09688771868531132,0.022308630336637755
570,30319,95670.0,442,-84.358997,33.85200652380952,0.29027000569146066,0.03374317184334171
571,30326,82102.0,442,-84.358997,33.85200652380952,0.43897824052826045,0.7749635604436019
572,30324,66748.0,443,-84.340609,33.85200652380952,0.015433019613606238,0.003553489897478799
573,30319,95670.0,443,-84.340609,33.85200652380952,0.9845669803863927,0.11445348178954287
574,30329,51589.0,444,-84.322221,33.85200652380952,0.4807525393906966,0.1075550523979943
575,30319,95670.0,444,-84.322221,33.85200652380952,0.4816449766823527,0.05599003995249192
576,30329,51589.0,445,-84.303833,33.85200652380952,0.08439970117223289,0.018882093256250905
577,30033,67462.0,447,-84.26705700000001,33.85200652380952,0.026492580373486774,0.003490308496927601
578,30082,74180.0,455,-84.57066996894567,33.86910714285714,0.5021699325167865,0.05788450299859285
579,30082,74180.0,456,-84.55228196894566,33.86910714285714,0.877621832685401,0.10116237615244016
580,30082,74180.0,457,-84.53389396894566,33.86910714285714,0.8136914969020724,0.09379320592991308
581,30080,65159.0,457,-84.53389396894566,33.86910714285714,0.186308503097914,0.016623192337941108
582,30082,74180.0,458,-84.51550596894566,33.86910714285714,0.057972137566859684,0.006682376131134758
583,30080,65159.0,458,-84.51550596894566,33.86910714285714,0.9420278624331442,0.08405150642370768
584,30080,65159.0,459,-84.49711796894566,33.86910714285714,1.0,0.08922401319066381
585,30339,77346.0,460,-84.47872996894566,33.86910714285714,0.4390369908258274,0.06238137373807674
586,30080,65159.0,460,-84.47872996894566,33.86910714285714,0.5609630091741725,0.05005137093003083
587,30327,148480.0,461,-84.46034196894566,33.86910714285714,0.0920739725834736,0.006581671419097775
588,30339,77346.0,461,-84.46034196894566,33.86910714285714,0.9079260274165397,0.12900432999110886
589,30327,148480.0,462,-84.44195396894567,33.86910714285714,0.9387878955815167,0.0671068412448715
590,30339,77346.0,462,-84.44195396894567,33.86910714285714,0.06121210441847794,0.00869743379900785
591,30327,148480.0,463,-84.42356596894567,33.86910714285714,1.0,0.071482431293283
592,30342,76552.0,464,-84.40517796894567,33.86910714285714,0.421482000152031,0.05710209374001099
593,30327,148480.0,464,-84.40517796894567,33.86910714285714,0.5415815689822895,0.03871356729448491
594,30305,98506.0,464,-84.40517796894567,33.86910714285714,0.03693643086567059,0.006977700954447862
595,30327,148480.0,465,-84.38678996894566,33.86910714285714,0.01407784161183443,0.001006318345775675
596,30342,76552.0,465,-84.38678996894566,33.86910714285714,0.985922158388171,0.13357206117539588
597,30342,76552.0,466,-84.36840196894566,33.86910714285714,1.0,0.13547931754953696
598,30342,76552.0,467,-84.35001396894566,33.86910714285714,0.06177202235153973,0.008368831431841346
599,30319,95670.0,467,-84.35001396894566,33.86910714285714,0.9382279776484693,0.10906668707504912
600,30319,95670.0,468,-84.33162596894566,33.86910714285714,1.0,0.11624753223455216
601,30319,95670.0,469,-84.31323796894566,33.86910714285714,0.3947950414047929,0.045893949301745014
602,30082,74180.0,481,-84.561265,33.886207761904764,0.0412834618573713,0.004758693256879574
603,30080,65159.0,482,-84.542877,33.886207761904764,0.13754855425461524,0.012272634019170526
604,30082,74180.0,482,-84.542877,33.886207761904764,0.7614432828806021,0.08777061934047044
605,30080,65159.0,483,-84.524489,33.886207761904764,1.0,0.08922401319066381
606,30080,65159.0,484,-84.506101,33.886207761904764,0.9622638536254389,0.08585704276877515
607,30080,65159.0,485,-84.487713,33.886207761904764,1.0,0.08922401319066381
608,30080,65159.0,486,-84.469325,33.886207761904764,0.3200233917572928,0.02855377132747366
609,30339,77346.0,486,-84.469325,33.886207761904764,0.6799766082427143,0.09661571990130181
610,30339,77346.0,487,-84.45093700000001,33.886207761904764,1.0,0.14208682876752032
611,30327,148480.0,488,-84.43254900000001,33.886207761904764,0.47494423774634315,0.03395016884284364
612,30339,77346.0,488,-84.43254900000001,33.886207761904764,0.5250557622536672,0.07460350818473668
613,30327,148480.0,489,-84.41416100000001,33.886207761904764,1.0,0.071482431293283
614,30327,148480.0,490,-84.395773,33.886207761904764,0.9538862162558414,0.06818610591511787
615,30342,76552.0,490,-84.395773,33.886207761904764,0.04611378374417242,0.00624746395128741
616,30327,148480.0,491,-84.377385,33.886207761904764,2.8374338982215405e-05,2.028266736788534e-06
617,30342,76552.0,491,-84.377385,33.886207761904764,0.9999716256610087,0.13547547341345448
618,30319,95670.0,492,-84.358997,33.886207761904764,0.24278166808324503,0.02822276978646537
619,30342,76552.0,492,-84.358997,33.886207761904764,0.7572183319167558,0.10258742284408083
620,30342,76552.0,493,-84.340609,33.886207761904764,5.564101359010947e-07,7.538206548952542e-08
621,30319,95670.0,493,-84.340609,33.886207761904764,0.9999994435898618,0.11624746755324669
622,30319,95670.0,494,-84.322221,33.886207761904764,0.6716137214800129,0.07807343773691533
623,30080,65159.0,506,-84.55228196894566,33.90330838095238,0.0179029460103787,0.001597372690981771
624,30080,65159.0,507,-84.53389396894566,33.90330838095238,0.8454061530514044,0.07543052975132686
625,30082,74180.0,507,-84.53389396894566,33.90330838095238,0.011821425989542013,0.001362641057997661
626,30080,65159.0,508,-84.51550596894566,33.90330838095238,0.3211394233660017,0.028653348146450305
627,30080,65159.0,509,-84.49711796894566,33.90330838095238,0.19144243668533537,0.017081262496065182
628,30339,77346.0,510,-84.47872996894566,33.90330838095238,0.34451005087488196,0.04895034060734907
629,30080,65159.0,510,-84.47872996894566,33.90330838095238,0.20110604795299603,0.017943488675280388
630,30339,77346.0,511,-84.46034196894566,33.90330838095238,0.5928820837770434,0.08424073511695941
631,30339,77346.0,512,-84.44195396894567,33.90330838095238,0.37553076167651345,0.053357975031267255
632,30327,148480.0,512,-84.44195396894567,33.90330838095238,0.0734586664340266,0.005251004076266501
633,30339,77346.0,513,-84.42356596894567,33.90330838095238,0.11916836019481086,0.016932254389506275
634,30327,148480.0,513,-84.42356596894567,33.90330838095238,0.8228646455390292,0.05882036548841532
635,30327,148480.0,514,-84.40517796894567,33.90330838095238,1.0,0.071482431293283
636,30342,76552.0,515,-84.38678996894566,33.90330838095238,0.6248055612992932,0.08464823104598362
637,30327,148480.0,515,-84.38678996894566,33.90330838095238,0.36243000362258754,0.025907377832575924
638,30342,76552.0,516,-84.36840196894566,33.90330838095238,0.9240885342477685,0.12519488397523956
639,30319,95670.0,517,-84.35001396894566,33.90330838095238,0.4881067582875501,0.05674120611793474
640,30342,76552.0,517,-84.35001396894566,33.90330838095238,0.5118932417124568,0.0693509470454238
641,30319,95670.0,518,-84.33162596894566,33.90330838095238,0.993671404147226,0.11551184858415736
642,30319,95670.0,519,-84.31323796894566,33.90330838095238,0.1049238829611558,0.012197142466701338
643,30080,65159.0,533,-84.524489,33.920409,0.04819139040410924,0.0042998292530926725
644,30339,77346.0,536,-84.469325,33.920409,0.03092488388482548,0.0043940186811986465
645,30339,77346.0,539,-84.41416100000001,33.920409,0.015654507705936415,0.0022242993558532153
646,30327,148480.0,539,-84.41416100000001,33.920409,0.1873804556996003,0.013394410550250736
647,30342,76552.0,540,-84.395773,33.920409,0.00937410067919148,0.0012699967626575127
648,30327,148480.0,540,-84.395773,33.920409,0.10534488589838296,0.0075303085683298965
649,30342,76552.0,541,-84.377385,33.920409,0.03406572947865455,0.004615201781595262
650,30342,76552.0,542,-84.358997,33.920409,0.019979172732827583,0.002706764687047798
651,30319,95670.0,543,-84.340609,33.920409,0.30203249871030063,0.03511053262970801
652,30342,76552.0,543,-84.340609,33.920409,0.0017373993326080858,0.00023538167589276442
653,30319,95670.0,544,-84.322221,33.920409,0.34774776892923287,0.0404248199780946
