upz_id,latitude,longitude,radius,Users,Males,Females,High school grad,College grad,Away from hometown,Away from family,Recently moved,Single,Married,Civil union,Engaged,iOS,Android,Frequent international travelers,Frequent Travelers,Returned from travels 1 week ago,Technology early adopters,2G,3G,4G,WiFi,Expats,Gambling,Casino,Catholic Church,Buddhism,Atheism,Cooking,Restaurants,Fast food,LGBT community,Homosexuality,Same-sex marriage,Fitness and wellness,Older devices,Mac,iPhone X,Huawei,VIVO,Oppo,iPhone 8,iPhone 8 Plus,Galaxy S8,Galaxy S8+,Galaxy S9,Galaxy S9+,smartphone e tablet,tablet,Cherry Mobile,Samsung Android,Windows,circle_id,Unnamed: 0,x_coord,y_coord,zat_id,local_id,population,lat,lon,overlap_wrt_circle,overlap_wrt_upz,median_income
3,24.078,-370.242,5,44897.16568509427,0.49121573234999505,0.4976280896033004,0.1350989522133623,0.29199792116072276,0.064747554892398,0.06422562995986013,0.0,0.22898525748457435,0.09948483447832702,0.0,0.015777913941167634,0.07470146856663698,0.6836814587426282,0.20681301799316537,0.6182102537423555,0.08518240202468147,0.05212769597168335,0.0,0.06154709551893652,0.1289400491971949,0.5717168152567901,0.0721657267101763,0.16737086593218917,0.03633260785952944,0.17651786636734784,0.03905717295369126,0.03955445906471463,0.32852966194399935,0.3928717355559817,0.23064580840354904,0.09175548338550708,0.042841045166377975,0.0,0.6054424746637757,0.2575339225083703,0.0,0.0,0.19307995092959238,0.0,0.0,0.0,0.0,0.0,0.0,0.0,0.0,0.7359880085608826,0.41582132957237433,0.0,0.20012782549961858,0.058668104324419476,691,75,-370.22565999999995,24.0879,4800,55,124480,24.078,-370.242,1.322843884296635,0.8901835707986838,6.0
11,18.936,-296.1052,4,90055.80529530576,0.4955620116225689,0.5044215137833991,0.1372393852169255,0.31853558385380404,0.07189590236042802,0.07244733139388736,0.0,0.2458809818201915,0.11185645247578284,0.0,0.02833982278467105,0.07606544765614162,0.6925764134490608,0.22164324338784416,0.6211942476106016,0.08562065080242008,0.031280930785434896,0.0,0.036603063476007454,0.13280963413651037,0.5811557657310437,0.07113582986252844,0.18397449049799125,0.02791398775235681,0.19317906238250107,0.0349218739909202,0.042706514292755716,0.3644602009954116,0.44182625345625903,0.2627580939557051,0.09531290248201899,0.03244976838060586,0.0,0.6562400804602101,0.2584003318295675,0.016017127598565432,0.0,0.20407743611296067,0.0,0.0,0.0,0.0,0.0,0.0,0.0,0.0,0.7465546564970208,0.46227140863274846,0.0,0.20765786586914953,0.03939878751822907,613,118,-296.076636,18.970572,228,4,25664,18.936,-296.1052,0.8296529865458869,0.9191101868602293,2.2
12,18.968,-296.1759,4,123376.78649143357,0.48375300664673304,0.49309259767837665,0.1332891859328955,0.3148703894065269,0.07301596667004394,0.07301596667004394,0.0,0.24314185374747538,0.10969880014948835,0.0,0.027839434757379572,0.07732466575717216,0.6761757461536162,0.2196053230489067,0.6055169511678216,0.08431662780211355,0.029536514510626943,0.0,0.033868767518631854,0.12857237710037078,0.5695809063144037,0.0697612179782737,0.18338014278867937,0.02979450488445757,0.19320334477333082,0.03391294207369123,0.043387005357702284,0.3648622142578245,0.4435455885268254,0.26716813569735687,0.0930023925919432,0.031214438289023972,0.0,0.6507016731118382,0.2523778831739657,0.01635862269362511,0.0,0.20224422288320917,0.0,0.0,0.0,0.0,0.0,0.0,0.0,0.0,0.7343309155784267,0.45515835711692204,0.0,0.2023903256611901,0.03705961734199111,549,134,-296.172956,18.954396,204,4,34036,18.968,-296.1759,0.8999373920707485,0.963899945664837,3.4
13,28.3402,-444.19320000000005,6,132254.28504043067,0.4916877068594285,0.4934058962761926,0.12877071079714025,0.33133458491130385,0.07886692497980932,0.07920560455801944,0.0,0.24774830416329924,0.11452318032950572,0.0,0.02689551563130837,0.09500926397252411,0.6564189806955729,0.23650134808709863,0.618293846116413,0.08386012377239821,0.030559616370750067,0.0,0.03841587997705781,0.12497470325381442,0.5752122140155135,0.06845571971275798,0.18341550609882037,0.03008984817800074,0.20371096610340844,0.036489010659110435,0.044884544918619665,0.38602453680869286,0.46711583651658695,0.2862254557559905,0.09810365062943607,0.03128268165253293,0.0,0.670934220934941,0.24362898180755588,0.02127522507086779,0.0,0.19120648994275308,0.0,0.0,0.0,0.0,0.0,0.0,0.0,0.0,0.74467269069787,0.4545850626109955,0.0,0.20012605241158096,0.050767801405081275,884,231,-444.1475879999999,28.324188,498,6,63684,28.3402,-444.19320000000005,1.9080054723323192,0.8944039921208063,4.4375
14,28.1646,-444.2019,6,67016.579250688,0.49552908753546043,0.4929090577707147,0.1322146531228445,0.3159686071819702,0.07465094207450565,0.07702000595427239,0.0,0.2391284262202728,0.11017104107563465,0.0,0.02820623676178866,0.09313235028532718,0.6575473445670588,0.22894226415813734,0.6161264452303359,0.08695948287514249,0.04208852887958003,0.0,0.0517381418562068,0.13046335308430512,0.571455138129161,0.0711306267680903,0.1761750866704819,0.030056755441160564,0.19082814546889484,0.03472687779839701,0.041044991555724115,0.3686085007999748,0.43803044503931804,0.2680840878036861,0.09309247304216302,0.029785110802517722,0.0,0.6498100113887506,0.2477330825260273,0.0017757648565484188,0.0,0.19034764062740475,0.0,0.0,0.0,0.0,0.0,0.0,0.0,0.0,0.741937634660505,0.43176354313926313,0.0,0.20048933769258265,0.05094965770402899,858,267,-444.16162799999995,28.252361999999998,510,6,27756,28.1646,-444.2019,1.470553921220168,0.8864889599854511,5.125
15,14.1462,-222.1451,3,56734.17766797775,0.4876102785751893,0.4853345227564498,0.1263575433521099,0.3272862710053312,0.08020241115050766,0.07982985307498086,0.0,0.24258198742338113,0.115999381857557,0.0,0.02561242720105631,0.10363562586295108,0.6400904012313855,0.24120549707256175,0.6154521357854487,0.08400118565507601,0.029010575647823847,0.0,0.038491899568128984,0.12297294513307781,0.5719327455791008,0.06667123924206611,0.18064401208652012,0.029601542482010954,0.20677431485368195,0.037249400691035904,0.04384862753396608,0.39103926755015167,0.46810525976046063,0.2910290307189163,0.1002863165938799,0.0307340694600558,0.0,0.6719486575366665,0.23619338085879132,0.02481858813015994,0.0,0.18139277663099962,0.0,0.0,0.0,0.0,0.0,0.0,0.0,0.0,0.7334680573233359,0.44199272312709303,0.0,0.19403214735683555,0.05145242998398656,390,147,-222.12283499999998,14.129166000000001,261,3,116454,14.1462,-222.1451,0.8486969065789733,0.9383189317194244,5.5
16,23.4865,-370.23300000000006,5,69859.37009468,0.4925980897112963,0.48747514541226383,0.12791513809214566,0.3255325892970863,0.07892263929818968,0.0791743340074579,0.0,0.24286591013936829,0.11607127358117411,0.0,0.026378762411114694,0.1069989864843019,0.6385708052620461,0.2412873373405507,0.6145967660824266,0.0882778079943399,0.032866059740710024,0.0,0.04785953553165924,0.12880180963664448,0.5707304002279691,0.06838643920446658,0.1820196487827168,0.03005609916546055,0.19848179113825126,0.03635187801191981,0.04248005310228602,0.38340157950920156,0.45944621019252735,0.2830702182573244,0.0978842587834375,0.03012034191582222,0.0,0.6658650422255881,0.238507625587431,0.020863291767509368,0.0,0.18474145689056357,0.0,0.0,0.0,0.0,0.0,0.0,0.0,0.0,0.7404946096797466,0.4406574428615862,0.0,0.19752444941590597,0.051738539804565026,654,265,-370.23083500000007,23.504669999999997,4260,5,54120,23.4865,-370.23300000000006,1.3358237493044278,0.9087910351406294,5.777777777777778
17,23.838,-370.28599999999994,5,94482.68994727591,0.4960789424373494,0.49879798412857734,0.13662803393299477,0.32228194767040164,0.07359712990292286,0.07469938610108381,0.0,0.2511144734118378,0.11211403926432133,0.0,0.028804445059533883,0.0785963036815521,0.6901005648165301,0.2248785478597067,0.6252304742297429,0.08673588061564981,0.03297794653229857,0.0,0.04050635116324917,0.12974825331057016,0.5867654837634793,0.06988455846494367,0.18346540121127125,0.030852858273000987,0.1961648239769299,0.03576136509579352,0.04472382770604417,0.37029917637826554,0.44641324870703536,0.27119751426234573,0.09407311677639466,0.033595062779534224,0.0,0.6594183063214295,0.2581924673475534,0.015660409969690592,0.0,0.20300847105361278,0.0,0.0,0.0,0.0,0.0,0.0,0.0,0.0,0.7605103486744109,0.465365279406857,0.0,0.20295464143758454,0.05262713114765158,621,290,-370.329805,23.83257,4275,55,59785,23.838,-370.28599999999994,1.3115551066624251,0.8931072274261245,4.25
18,19.0,-296.2112,4,71510.86380948362,0.48732840875286165,0.49446893061654346,0.12912248530387688,0.3327541652654755,0.07731973503862291,0.07769694910055962,0.0,0.2507516117790889,0.12103260373707077,0.0,0.026432317888708087,0.0881506310552233,0.6684412174457381,0.23129889954129063,0.6150789684732291,0.08476766210405802,0.02916340428826117,0.0,0.03543767511496869,0.12459725899602721,0.5739373357466973,0.06597169719725218,0.18893132111346458,0.030175600510188392,0.20786704289707061,0.03545008635201302,0.04694311801040974,0.3853073125004718,0.4712527429710269,0.28827537431213474,0.09749307762073176,0.03172203721963923,0.0,0.6773369614834567,0.24277739255254438,0.020753839171123712,0.0,0.19391154148560896,0.0,0.0,0.0,0.0,0.0,0.0,0.0,0.0,0.7437817640853065,0.45651665232281274,0.0,0.19743730202573645,0.05255822267076272,516,250,-296.248912,18.99394,184,44,53988,19.0,-296.2112,0.9411673749218463,0.9018331269351372,3.2
19,23.6142,-370.3036,5,80537.09359113673,0.4922651936953005,0.4894290328615357,0.12836214589610528,0.33587818241556966,0.08025747883781258,0.07925493673038002,0.0,0.25195132450997043,0.11860874358319087,0.0,0.02601776182353099,0.09703209964363446,0.6543949676029328,0.24006274411365114,0.6204698055966413,0.08520859484053837,0.028826802171681078,0.0,0.04187994916660194,0.12319408595466708,0.5731317269336613,0.06449927323911983,0.18766398932336253,0.03068109578422357,0.20742500281302584,0.037424001003374056,0.04667354649547651,0.39209714485731223,0.47657562240852586,0.30001596207826575,0.10074860436806447,0.0312947434532305,0.0,0.6816320444964171,0.23716654007922533,0.022690832987212074,0.0,0.18881009034766943,0.0,0.0,0.0,0.0,0.0,0.0,0.0,0.0,0.7407324414841294,0.455657620213914,0.0,0.19785668383697394,0.052999106377689106,588,335,-370.28006,23.56731,445,55,86005,23.6142,-370.3036,1.382533061085152,0.8947983245380597,3.6666666666666665
20,18.7764,-296.2288,4,46553.77699210523,0.49213477754855095,0.4924366880809824,0.1286843667305074,0.33301163120065286,0.0788056953670882,0.07822637304010807,0.0,0.24672766271141397,0.11616565709004271,0.0,0.025887077159356866,0.10291690845075284,0.6460625399495017,0.2449041589748571,0.6250123813644864,0.0874267956253981,0.029368433035267292,0.0,0.04812058285228963,0.1261394519136863,0.5780951929563155,0.06703186459543396,0.17750438883950578,0.029367343472660477,0.19977784135277654,0.03593434529182257,0.04416635297259933,0.3802500059546632,0.4642445652243533,0.2910517334684534,0.09866184577943925,0.03094141659471544,0.0,0.6738972238098832,0.24311104897785296,0.02522649403267572,0.0,0.18676349156372762,0.0,0.0,0.0,0.0,0.0,0.0,0.0,0.0,0.7391790522834623,0.44578928625047765,0.0,0.19812679933904812,0.053446579677209144,483,286,-296.23918399999997,18.822464,560,44,38148,18.7764,-296.2288,0.8248827486381947,0.8980380981043217,5.0
21,14.0503,-222.198,3,39291.008068732466,0.49981246927803674,0.49218915147656045,0.1334927502077701,0.3282019178902814,0.07628216634716065,0.07661643292148888,0.0,0.2531080001885466,0.11086346436923562,0.0,0.027897240002212845,0.08719326920048202,0.6624866551054778,0.23218111424459334,0.6189642297081233,0.08766413928748212,0.03412196682350851,0.0,0.04703880187821234,0.1288920557260456,0.5747654867860174,0.06731849352316584,0.18709128169986117,0.03139335213030953,0.20145421346341819,0.036379976940533486,0.045903623209073284,0.37730093406844933,0.45831966186512657,0.2813905005153981,0.09963621128043107,0.032993027979390084,0.0,0.669848304116794,0.24604230852126724,0.0164215013742848,0.0,0.19006029779487826,0.0,0.0,0.0,0.0,0.0,0.0,0.0,0.0,0.7408561437198425,0.4583806496261713,0.0,0.2014234843924939,0.05162980145716304,326,225,-222.183549,14.04939,501,36,41505,14.0503,-222.198,0.7967199014937341,0.913084797522471,3.8
22,18.6804,-296.3524,4,64271.02619533006,0.4991882374257152,0.493083044585544,0.13688616799134073,0.3253303194090959,0.07342064588933724,0.07363759035805738,0.0,0.2560082487611112,0.10768526922548892,0.0,0.02835430913319702,0.07678487441714363,0.6734796382073451,0.22117782987362083,0.6186321135649191,0.08550737172419016,0.03115407506573495,0.0,0.04561139675873795,0.12923380053863717,0.5744560090445101,0.06675853498007239,0.18922839067411612,0.02984907479230952,0.20108468482366512,0.03520343522974685,0.04712434475000334,0.37323126764892484,0.4566019055812856,0.27619849010145886,0.09947690124094206,0.033084560745100695,0.0,0.6664854012624732,0.24418792150013063,0.02039584932035038,0.0,0.19668366422392672,0.0,0.0,0.0,0.0,0.0,0.0,0.0,0.0,0.7485194507475266,0.4660418115083091,0.0,0.20197145555194826,0.05079253043827553,336,314,-296.32547200000005,18.661036,872,48,38888,18.6804,-296.3524,1.1456854696374599,0.9028960990663094,3.5
24,37.7444,-592.5636,8,167725.13666204413,0.4925465990677161,0.4945467145103553,0.1367910405949549,0.3206782993519131,0.07506341725488085,0.0746283542901277,0.0,0.2526065844651217,0.11102007308937097,0.0,0.028002810246268734,0.08073847476803447,0.6947928641894541,0.22805996773080375,0.6366698606030968,0.08755341804525497,0.03175847961908985,0.0,0.040975709984407006,0.13019826520272296,0.583876871463508,0.06767311980675683,0.1888106870583289,0.029740574944439938,0.1995384330794261,0.036580621518710194,0.04381268002496221,0.378766561891361,0.45712019613736643,0.27747900849959745,0.09767313152308738,0.032430624321562455,0.0,0.6783990745214212,0.25324126661303703,0.01402656325262463,0.0,0.19793456914967908,0.0,0.0,0.0,0.0,0.0,0.0,0.0,0.0,0.7573967624062454,0.4806194451399915,0.0,0.20820643099146333,0.0447416221421591,858,716,-592.6288400000002,37.771848,776,88,199368,37.7444,-592.5636,2.0839879810885913,0.9192739793703995,4.888888888888889
25,18.7764,-296.29949999999997,4,43696.180251075195,0.4899608825270286,0.49484962571041413,0.13329701734835397,0.33118101490663976,0.07736526956410002,0.07737333724177771,0.0,0.2530837204897954,0.11400920430055943,0.0,0.027155579509472828,0.09018628784151929,0.6570967655744232,0.23371815531212212,0.6195506014822829,0.08742680159409814,0.031040355179811824,0.0,0.04162321517004575,0.12550699288669998,0.5764025244470334,0.06646690211906886,0.17977391665623815,0.030186996754711405,0.19893389173024886,0.035611004479165355,0.04649459577191597,0.3841729780885528,0.44986276309223716,0.2906444969785597,0.09961399914304647,0.03248432671555956,0.0,0.6759178276069335,0.24222660973162596,0.02247629511167373,0.0,0.19099471791849543,0.0,0.0,0.0,0.0,0.0,0.0,0.0,0.0,0.7377132743978148,0.45733336292070337,0.0,0.20168477748865754,0.051915771073676314,404,382,-296.310884,18.781604,540,44,41536,18.7764,-296.29949999999997,0.6725856128484003,0.8690155308130902,4.0
26,23.3905,-370.4625,5,105210.99256657487,0.4921325936094336,0.4908660201441954,0.13787043981434463,0.32734140814951185,0.07411750817265043,0.07382282440209724,0.0,0.25426487227803735,0.10605284716137976,0.0,0.027822693606766993,0.07423235065485538,0.6649823497655478,0.21916048254678505,0.6041990382207559,0.08164977446065047,0.03101888145138608,0.0,0.03438987224282327,0.12485390477301703,0.5717151792207826,0.06463661137223327,0.19195544050971863,0.03048785928003253,0.2048869277017453,0.034862398198401146,0.04700491231449429,0.3812660362554195,0.45196939534127145,0.28416903886071854,0.09992420056142512,0.03284067123495388,0.0,0.670884948772204,0.24029373369404755,0.01935718199425567,0.0,0.1980269039538982,0.0,0.0,0.0,0.0,0.0,0.0,0.0,0.0,0.7512496684589983,0.4640063854733503,0.0,0.20351823101911426,0.04960396954567152,391,500,-370.507595,23.368470000000002,1055,50,21520,23.3905,-370.4625,1.35273922135812,0.8871805976411853,3.0833333333333335
27,23.758,-370.4185,5,264879.12135640177,0.4901454809872658,0.48886699097541475,0.13900847569781183,0.31656878086665896,0.07096993870861133,0.07092075285707225,0.0,0.2452201926057568,0.10964655937812307,0.0,0.02853675473403415,0.0713186774240022,0.6963148075192267,0.21693364721591427,0.6071515288013,0.08544688251060881,0.03009776140001133,0.0,0.03347045437776698,0.12739463481072683,0.5707521808370799,0.06627014268013766,0.185682176049696,0.028448488406088664,0.19117894043219036,0.03405324693343457,0.04341348695318119,0.35921495205281034,0.4351532585085661,0.26106986539499266,0.09589780517414101,0.03197271651094433,0.0,0.6450614988432252,0.252540178091699,0.01603754226426591,0.0,0.20137131162622063,0.0,0.0,0.0016113680462549363,0.0016113680462549363,0.0,0.0,0.0,0.0,0.7378441388089726,0.4596886141421967,0.0,0.2007450907382941,0.03853663875757602,476,525,-370.51471,23.782315,190,55,28880,23.758,-370.4185,1.79152596526401,0.9194764597163473,2.5
28,42.55029999999999,-666.8149,9,479267.1438132869,0.4853147115546268,0.4881891882263131,0.14074386742771255,0.3130219363314302,0.07059672916308908,0.07062288480454791,0.0,0.24761117612214817,0.10733230029844897,0.0,0.029180511074241026,0.06787684697686107,0.7105258900431864,0.2175046597084829,0.621207174384769,0.0872625437557016,0.030440735115815295,0.0,0.033189846011874524,0.1296915218837213,0.5771661340532241,0.0673844363900194,0.18955893919520236,0.029193496128369703,0.19415516356614312,0.034514476167536175,0.04318597377199353,0.36246803048876886,0.43789491303165434,0.26309965128897206,0.09455672390482943,0.03248139541520383,0.0,0.6645232664140013,0.25765388484495066,0.016268289289672402,0.0007523157934589421,0.20468585892937313,0.0,0.0,0.002210834448918049,0.0022645712913079733,0.0,0.0,0.0,0.0,0.7486176417133674,0.4828210090202584,0.0,0.20679325648042707,0.03717164071268555,757,1008,-666.72738,42.64929,7524,99,91044,42.55029999999999,-666.8149,2.7793107846503196,0.9007998647568273,2.3846153846153846
29,23.534399999999998,-370.4891,5,144027.09163420007,0.4852291166611988,0.48421876496655514,0.1395506178882319,0.3171228567171117,0.0708538317201526,0.0709780777661559,0.0,0.2514744883064509,0.10741211975743827,0.0,0.029567448587061704,0.0680440797277663,0.7003215034452922,0.21795437473102167,0.6198138232545427,0.08722440364335256,0.030316331888284784,0.0,0.03293714467008754,0.12703287333052046,0.5762637829379116,0.06622055813734558,0.19231389073717645,0.03040551060182828,0.194767141871831,0.0350883160782925,0.04521056254596013,0.36560430928665066,0.4437883790436274,0.2682767201920093,0.09517278681167086,0.032622143797290275,0.0,0.6624018996683645,0.2533511549324048,0.017421941073735334,0.0,0.20277680056159764,0.0,0.0,0.0023165907557032234,0.0021235415260612883,0.0,0.0,0.0,0.0,0.7491961508899555,0.4785457171341221,0.0,0.20040384332407973,0.039427442484363515,379,595,-370.511045,23.569035,610,50,43335,23.534399999999998,-370.4891,1.0295539065323305,0.873103065435153,2.857142857142857
30,37.376799999999996,-592.9959,8,251594.3054685878,0.488517993480351,0.4976747642520274,0.14155834203558826,0.3181622709655334,0.06991092966733231,0.06990635568654371,0.0,0.2503664504519385,0.1079751829743246,0.0,0.029405716603903443,0.06768660002490591,0.6938833730912253,0.2169432031870775,0.6096754254716628,0.08706437423068489,0.030326621684411345,0.0,0.03219815471321259,0.1252184974261612,0.569509044690348,0.06563433998281593,0.188960437004369,0.030130136681635583,0.19204568468484562,0.034720512642417226,0.04441663149998846,0.360674997935981,0.43980163211205625,0.2621896251612816,0.09405259759866635,0.03178167302443777,0.0,0.6536337628291706,0.2505159742273071,0.01574293646465197,0.0,0.1990610240816671,0.0,0.0,0.00209601705233529,0.0011292095350362644,0.0,0.0,0.0,0.0,0.7378055382491532,0.4523966053982866,0.0,0.1964045873739449,0.03530040963445073,757,1004,-592.8506639999999,37.626008000000006,1480,80,64944,37.376799999999996,-592.9959,1.4533429485879,0.9209100002559751,2.9166666666666665
31,18.7124,-296.423,4,74157.44843168983,0.4891044851519438,0.49224601925845424,0.13496031496720848,0.31988625676655885,0.07179440293883904,0.07057803201650345,0.0,0.24477548676947877,0.10447975758072026,0.0,0.026712367187278672,0.07146343768014234,0.6559493067722003,0.21033834360152745,0.5806641833548576,0.07734635217829253,0.028888139865097202,0.0,0.03170399964726772,0.11927821281217292,0.5553196415378552,0.06184101676313639,0.1882139578638474,0.029502774137823085,0.1884634080952307,0.03359434263681166,0.04424672122808427,0.3547785382627069,0.43314824922050216,0.26061564734724607,0.09623978772035016,0.03137131528293023,0.0,0.6401466655788677,0.23235503235457766,0.015121054149961314,0.0,0.19444415598544038,0.0,0.0,0.0,0.0,0.0,0.0,0.0,0.0,0.7246767036422561,0.4241360829310259,0.0,0.1944241346094655,0.0490861025706038,254,526,-296.43406,18.733207999999998,816,40,49688,18.7124,-296.423,0.6964869148139462,0.9307017639684232,3.2
32,36.3688,-592.6872,8,106640.29166723606,0.4945081319981029,0.49572731518348817,0.14408839899467762,0.3160054602967072,0.06734273975586348,0.06719852481344699,0.0,0.250855977114454,0.10612801226293446,0.0,0.029925457100316348,0.06547561888214318,0.6884092533293142,0.21401614864505722,0.6204088247469451,0.087133153313583,0.032316484787717835,0.0,0.04355821555520778,0.12992774446257052,0.5843553512267626,0.06642779695208476,0.20264484708772726,0.03016600594835769,0.19773723755382622,0.03349683956688637,0.044202276061146316,0.3625052344543252,0.4450376393425883,0.26496615929356815,0.09689032416908208,0.03271633823841708,0.0,0.665283654006846,0.25548390400102083,0.012941446198100443,0.0,0.21117424510365856,0.0,0.0,0.0,0.0,0.0,0.0,0.0,0.0,0.7730537241149937,0.48723901235324346,0.0,0.21133709684190566,0.050316670160121,630,1100,-592.5734080000001,36.58536800000001,3944,32,46080,36.36880000000001,-592.6872,1.711620666044006,0.925051684849987,1.8
34,18.2644,-296.37,4,48255.04246318917,0.49762614236745684,0.49236928901197774,0.14434460992640402,0.3213608250317723,0.06766468594283818,0.06801152438107792,0.0,0.2582234455891863,0.10652800819290514,0.0,0.031062273550651526,0.0645147613156095,0.6898537228363237,0.2196891461567541,0.6325188561951792,0.08760075633433814,0.03283759485349905,0.0,0.03603276713279544,0.12959196754759014,0.5864132361520439,0.063605430355928,0.21573306455873142,0.031998929242404515,0.20640394605802947,0.0346389413640864,0.0473301751510915,0.37529181504232845,0.4612011576700872,0.27471238546484356,0.10346350284363501,0.03461111553569343,0.0,0.6890688565030054,0.25118052140672126,0.02020697691748287,0.0,0.21922215847162999,0.0,0.0,0.0,0.0,0.0,0.0,0.0,0.0,0.795487614508985,0.5157004565550035,0.0,0.22280374123980023,0.05342473480706166,289,586,-296.385008,18.281876,2372,16,43368,18.264400000000002,-296.37,0.7073830017562044,0.9046462730464859,2.4
35,13.7623,-222.28629999999998,3,34500.77224297324,0.49722965301615024,0.4624181383969041,0.14210461912130085,0.3244565899054799,0.0761340699227049,0.0766305262155344,0.0,0.2715308762682527,0.11203507950082646,0.0,0.032327731349158235,0.0693134277830165,0.7096520794996015,0.23573733992254517,0.6414857838212079,0.09423523364570975,0.031967532973471845,0.0,0.042348578704606926,0.1336691031487973,0.5929543113799703,0.06869914035449862,0.21416472255335162,0.03582645649359643,0.2111859847963746,0.03686387911193035,0.051793850737652816,0.3904610107531089,0.49159682514117703,0.29566662978306174,0.10743617058645456,0.035219948426154876,0.0,0.7109091495242622,0.25478147694590697,0.021081899091469927,0.0,0.20695135694963002,0.0,0.0,0.0,0.0,0.0,0.0,0.0,0.0,0.7600170168609994,0.5169219053825804,0.0,0.20701184714960918,0.043571873585935825,205,450,-222.25645199999997,13.758087,1389,45,9564,13.762300000000002,-222.28629999999998,0.5802693079626339,0.9179717329390812,2.8333333333333335
37,13.778299999999998,-222.2776,3,70400.67391028242,0.4935574171157593,0.48195046823113835,0.14156288278862666,0.3189931443797718,0.07160937332258109,0.07097819450835169,0.0,0.2505651303630245,0.10729917784627793,0.0,0.029759466870677858,0.061381455011285994,0.6812620851301026,0.21613080993829126,0.5984026187732063,0.09362615396154891,0.028616678822628715,0.0,0.03561868219919395,0.12409400449682036,0.5259596996340798,0.06376124827069032,0.18368452296635693,0.029381600610967628,0.1840547517987572,0.032003143700248815,0.04287198082515175,0.3415767275823706,0.42043476849688516,0.2500045200829978,0.08995252243740977,0.030819600480063294,0.0,0.6203499537698524,0.2385593811130815,0.017207073356136898,0.0,0.18085165185602586,0.0,0.0,0.0,0.0,0.0,0.0,0.0,0.0,0.6448422815903094,0.4496016665199305,0.0,0.17073853216771376,0.030634625987265476,227,468,-222.270684,13.784709,1338,42,24597,13.778300000000002,-222.2776,0.772747446126945,0.927949099389998,3.0
38,22.958499999999997,-370.595,5,71309.18193172906,0.49375195095139046,0.4919803960402859,0.1412290577256306,0.32172251773293836,0.07227305102160295,0.07202813432421924,0.0,0.2579714586767904,0.10769453266081884,0.0,0.030859309920479,0.06572452917374963,0.6911752716615956,0.22223327503760262,0.6145578785001155,0.0914890728535581,0.030518519123285393,0.0,0.03357334425717056,0.12697739592234117,0.5585412714999751,0.06396175855202217,0.19629221094824478,0.030615711227459045,0.1954326196337605,0.03402351126530183,0.04597564792132623,0.3638043596858501,0.44527011603074457,0.2702401221438076,0.09408215640624351,0.032166735050714414,0.0,0.6565989539516184,0.24050605058530924,0.01857985002804676,0.0,0.19018197665792505,0.0,0.0,0.0,0.0,0.0,0.0,0.0,0.0,0.6916185735152579,0.47402275171214864,0.0,0.1836305535259774,0.03348305192874489,221,800,-370.52124999999995,22.946655,2510,75,55205,22.9585,-370.595,0.7161097250164136,0.8615886407249818,3.0
39,13.7303,-222.3569,3,125859.9746258407,0.49606691245900686,0.5022948557569129,0.14645275817305314,0.3235546910729429,0.07267175233374916,0.07328534900107986,0.0,0.26325686939405096,0.11103615560341959,0.0,0.032195324993870233,0.06554610162576513,0.7131752643524412,0.2262509842712461,0.6376662930883443,0.09422673565802903,0.03144611128361251,0.0,0.032702737120507946,0.13202720956710173,0.592714519926485,0.06831771065796621,0.20936481225212142,0.033078929380301915,0.20929736278620756,0.0357535515166323,0.047838974217383576,0.3802755925039448,0.4679829159913526,0.28015530490433016,0.10241330380639792,0.03434904511038013,0.0,0.691349869998767,0.2571515615368183,0.0182571553211102,0.0,0.20506329392687084,0.0,0.0,0.0,0.0,0.0,0.0,0.0,0.0,0.7421606308592845,0.5044788149256929,0.0,0.19914193914245995,0.038793732028098105,121,492,-222.389418,13.736247,2961,54,6582,13.730300000000002,-222.3569,1.1653546200940401,0.9346248910149634,3.0
40,18.4244,-296.4583,4,119962.25989399297,0.4913440077515522,0.48948453687919613,0.14011879266787702,0.32107747455073976,0.07185098587620503,0.07160856288671416,0.0,0.2547600674148901,0.10580612145772614,0.0,0.029590850142098307,0.0681258687633396,0.6844139626952132,0.219684645572016,0.6152408276801731,0.0897947619050311,0.030709883796062574,0.0,0.03297539499652732,0.1264073171628285,0.5610858540690891,0.06320122131762274,0.19642117378613028,0.02979306149175684,0.19429211757282655,0.0342793632675764,0.04616224715865994,0.3658968770255574,0.4477291809950638,0.2708949011591845,0.09449905889806683,0.031913754629237394,0.0,0.6600475480740704,0.24183782870299142,0.01852372745134764,0.0,0.19478910129028967,0.0,0.0,0.0,0.0,0.0,0.0,0.0,0.0,0.7161389486146694,0.4731280500347135,0.0,0.1922443668087576,0.03910340494180354,196,670,-296.409452,18.428164000000002,1728,64,29452,18.4244,-296.4583,1.1901324291864857,0.9101891889246898,3.0
41,13.810299999999998,-222.38350000000003,3,86144.64285122673,0.4930252118593514,0.4961020099428113,0.14144136993758974,0.3174401689939942,0.07117636726510004,0.07132711365532726,0.0,0.2524612820048319,0.10729334781201826,0.0,0.030675367345809168,0.06600892808817696,0.7001629277885503,0.2203357378644087,0.62265519147591,0.09043272426929767,0.03132559113548119,0.0,0.032209356473847615,0.1309302810629651,0.5796084147906371,0.06710694107694831,0.19607513964081538,0.029723975193915824,0.19674090011391857,0.03425011118232816,0.04578467932295372,0.37074934531825365,0.45467660188066417,0.27515237809094045,0.09598716816278244,0.03240012009435955,0.0,0.6770096211643823,0.249998209952537,0.017708049332560368,0.0,0.19966260260934715,0.0,0.0,0.0,0.0,0.0,0.0,0.0,0.0,0.74845631479403,0.4858984043567058,0.0,0.19964192319760968,0.0339434317533096,107,513,-222.40084199999998,13.797597,1539,48,24654,13.8103,-222.38350000000003,0.6757415365110372,0.9428348633975537,3.0
44,27.716599999999996,-444.82000000000005,6,124271.02556955793,0.4770864993732794,0.49205163149334624,0.13855241884270922,0.32057284444683776,0.07105649038160027,0.07119333028881955,0.0,0.24759946058223173,0.10921991508392223,0.0,0.028833607727567375,0.0718008708862327,0.6910720286290534,0.22164059815632933,0.620817568594661,0.08984914459110666,0.030891376690061915,0.0,0.03308004851027195,0.13124552141876863,0.577837023110866,0.06635828034701655,0.19562007130620704,0.029165536777361632,0.19595393303092876,0.03445264515361832,0.045235864460621084,0.3691559072061279,0.4469676873888471,0.2689627821276596,0.09401101651674931,0.03222682086093636,0.0,0.6658924376299707,0.25337023967021605,0.01663133689237011,0.0,0.2018992656984562,0.0,0.0,0.0004134998850265111,0.0003498845180993556,0.0,0.0,0.0,0.0,0.746245651469976,0.4719575966383436,0.0,0.2024620442927567,0.0412137437748439,161,1113,-444.792642,27.765251999999997,2526,48,70428,27.716599999999996,-444.82000000000005,1.0446513069303789,0.8765761467879986,3.0
45,18.4244,-296.5642,4,175399.05895573884,0.48924430320506423,0.49190742054895265,0.14330555215395577,0.3150399425291652,0.0698988105639995,0.0700099254502116,0.0,0.24888508058547162,0.10808407940154731,0.0,0.030003866842884877,0.06589705985101922,0.7022175385308346,0.21746229058560243,0.6232058759693831,0.09155959014418116,0.030988942673465796,0.0,0.03272846124395824,0.13154714040259444,0.585245793736996,0.06803654412559174,0.19408062392572376,0.02938334367617527,0.19717813366245,0.03318086012037694,0.04490402054772179,0.36708081649410107,0.45101192801640916,0.2696410993447004,0.09580643943406902,0.03248976793398872,0.0,0.6703871859377654,0.2568107855832554,0.015735498701420568,0.0,0.20582161939035307,0.0,0.0,0.0,0.0,0.0,0.0,0.0,0.0,0.7644382278275078,0.4854583903399374,0.0,0.2058608662423904,0.03960383226836802,78,762,-296.577784,18.455648,2080,32,71320,18.4244,-296.5642,1.2922879080704646,0.9317042055703363,2.8333333333333335
46,27.860599999999998,-444.86390000000006,6,206525.3423238742,0.4823142900429415,0.484422655095093,0.1382087143974261,0.3150976065786065,0.07149702524543657,0.07154865692584121,0.0,0.24632737415383812,0.1113594393478575,0.0,0.028905228505976946,0.07156810180980254,0.6874204644792756,0.21990657136362898,0.6113052899208077,0.08942569201874466,0.030575810452591216,0.0,0.03375884547009309,0.1322853313598363,0.5820675176389107,0.06880306636192478,0.1924611102413179,0.02956977206888524,0.19843703240779412,0.03481897293916654,0.04419499899848246,0.3658981226729615,0.44345763614873335,0.2679700311971916,0.09563382725651756,0.03230101067918494,0.0,0.6586143384999963,0.25172157621455843,0.01652498028688935,5.540631290649403e-06,0.20459030797748853,0.0,0.0,0.001303228148888196,0.0011041663920345135,0.0,0.0,0.0,0.0,0.7527301472474573,0.46496078078571357,0.0,0.21377726155706767,0.038823070964675736,311,1173,-444.8098860000001,27.887226000000005,2346,48,64938,27.860599999999998,-444.86390000000006,1.3955794114012596,0.8770491467750725,2.7142857142857144
47,18.4724,-296.6435,4,251890.68047300476,0.47745176897533137,0.4878286709028736,0.14359815791891908,0.3099903668527235,0.06936306180738633,0.06938462209012336,0.0,0.2476505485131169,0.10758187863995403,0.0,0.029784946082331808,0.06475039996456834,0.7106043740897793,0.21490812388828442,0.6225462391475454,0.09294446687564924,0.030466019146494827,0.0,0.033143636159372804,0.132620642602889,0.5706453959723559,0.069135093529736,0.19287317244245378,0.029929732878298976,0.1942210938469947,0.03340794913672663,0.04343779161116273,0.3572959508420477,0.4354363799265968,0.2604126466511813,0.09563436608669817,0.03244210745195719,0.0,0.6638309471794882,0.2591352148235447,0.01573115675267517,0.0018458698553634409,0.20833847757813742,0.0,0.0,0.005083663010558404,0.004259675910867466,0.0,0.0,0.0,0.0,0.7577552551933043,0.47813920567217827,0.0,0.2067403576262577,0.03567611168740227,389,802,-296.613924,18.511932,1668,32,52664,18.4724,-296.6435,0.9953457387589061,0.920397122504043,3.0
48,23.0385,-370.81550000000004,5,291872.97802929825,0.47448243440334287,0.4900711171924832,0.14276421516473659,0.308309163961011,0.06843840512208324,0.06845894606631056,0.0,0.24828060516163697,0.10846304319076085,0.0,0.029733502009108057,0.06502598652803694,0.7082957521881261,0.21417982882950184,0.6257193643846255,0.09141452389038988,0.03056219026977841,0.0,0.033410647553905624,0.13271985807271627,0.5802389953446958,0.06863583731510768,0.19472458356276445,0.03002345511554901,0.19608786747188683,0.03332836398905394,0.04409786953033403,0.36013443193635025,0.44101464787751243,0.26336419691038826,0.09619646862831188,0.032573992222851914,0.0,0.6683909140257246,0.26317220020305987,0.015846612735122185,0.0022396310288838725,0.21035951214748336,0.0,0.0,0.004608874098769614,0.0038254888881578044,0.0,0.0,0.0,0.0,0.7690811557253421,0.4878990261582551,0.0,0.2102693579250547,0.03658020212668856,576,1025,-370.87901,23.027009999999997,2725,40,15665,23.0385,-370.81550000000004,1.190399282893539,0.8991312571622758,2.75
49,13.810299999999998,-222.4894,3,138813.1352831135,0.48292756069855003,0.4835455254431155,0.1415179194890027,0.3094067805803387,0.06753498457849665,0.06753498457849665,0.0,0.24825543995815993,0.10886368597676523,0.0,0.030137061191080096,0.06652078460797484,0.7125187832486801,0.2139795799699308,0.6350145112511361,0.09290850958540714,0.03157696935353922,0.0,0.03478833423452912,0.13532732229078343,0.596313735592544,0.0695684553744198,0.1987978751786687,0.03164079927518855,0.19943366449392705,0.03409798446878993,0.04452823449081895,0.3753070650163081,0.452592539452019,0.2669068525979671,0.0983513039541445,0.033342761167973724,0.0,0.6788503242397159,0.2697949102709817,0.01634434833180215,0.0001112336540218072,0.21487272241897928,0.0,0.0,0.004132118533082891,0.003494268880800488,0.0,0.0,0.0,0.0,0.795145018909676,0.49076302527526033,0.0,0.21646345065774267,0.037315514870496565,388,627,-222.49594199999999,13.800366,1629,21,40167,13.810300000000002,-222.4894,0.6881764097246555,0.9375823238237759,2.3333333333333335
51,40.8229,-667.0266,9,113440.92191347503,0.4907303110282633,0.497607542134493,0.14596318061505215,0.30998008064682314,0.06562329408591236,0.06555298249864032,0.0,0.24707855296265613,0.10418238227522796,0.0,0.029959081358023863,0.06384744451708853,0.6916885700566349,0.20892714384068473,0.6257288116643307,0.090239861067051,0.031827836147027076,0.0,0.04572244371117379,0.12866529136175986,0.5802670722650669,0.06790552683406613,0.18881364689331762,0.028752862096238372,0.1850954899695512,0.03322062867717904,0.04100430000522085,0.3487451624520806,0.423539716250848,0.24620825259752535,0.09475281365895016,0.03231925791657676,0.0,0.6548232851982487,0.2578517019549512,0.007867930980699907,0.0,0.2022904021886266,0.0,0.0,0.0,0.0,0.0,0.0,0.0,0.0,0.7512743672638807,0.47353016158113936,0.0,0.20142141531690272,0.04617326606902412,403,1980,-666.811368,40.69106099999999,6246,36,38889,40.822900000000004,-667.0266,1.8759432770802178,0.8894969243410829,1.5
52,18.040399999999998,-296.4229,4,12792.009712232204,0.4965347823926534,0.4966632959839792,0.14860198752048867,0.3113175324562352,0.06476444919366292,0.06476444919366292,0.0,0.24781052029034448,0.10555020800721955,0.0,0.03077050243353314,0.0625029465239431,0.6979889415304021,0.2071247834186142,0.625835047570098,0.09236444001937522,0.03240160254378676,0.0,0.05168736668511119,0.12962601257458536,0.5832243466602339,0.06822737687321766,0.1933032658180091,0.029476724747015324,0.18615615224419182,0.033667256718640654,0.041625618579811216,0.3475341335387171,0.4277023017905097,0.24998084147006583,0.09448530262215485,0.03319932537787533,0.0,0.6566299081007131,0.2587967690707789,0.007248230193188207,0.0,0.2076101274687668,0.0,0.0,0.0,0.0,0.0,0.0,0.0,0.0,0.7691398948994701,0.49088777282002277,0.0,0.20776950636094846,0.04619096557439623,213,906,-296.3692,18.072848,2800,20,10772,18.0404,-296.4229,0.247495877784635,0.9483617288898385,1.0
53,27.3966,-444.6255,6,62645.43952336234,0.48923657041282,0.5018085286309937,0.14613815918248974,0.319764065823998,0.06934892630521623,0.06934379998269928,0.0,0.25518747560345895,0.10901550165949696,0.0,0.03163539937378779,0.062399957569940497,0.6975860544881581,0.21656476040389197,0.6271662454352513,0.09161368913990728,0.03143919220208383,0.0,0.03486524867923547,0.12912908192718037,0.572647900248975,0.06535128174364489,0.1995655502446654,0.030768593485223723,0.19623372121819826,0.03458289259038411,0.044561142137786655,0.36422836656582447,0.44708604123577506,0.2661226800647656,0.09752952595510919,0.03344759009087406,0.0,0.6680140725487475,0.25129088620170165,0.018036300778863534,0.0,0.20505189598639767,0.0,0.0,0.0,0.0,0.0,0.0,0.0,0.0,0.7571401393136273,0.5101295356967359,0.0,0.20508258394110937,0.04372456114145622,341,1389,-444.67223399999995,27.416502,3822,108,34482,27.3966,-444.6255,0.6188614014745539,0.9169416934719888,2.4285714285714284
54,18.2324,-296.4583,4,120935.21146389833,0.49367637366589695,0.5021188936320664,0.14819760796064896,0.3200373195200158,0.0683050375781895,0.06834709751972662,0.0,0.2553745208573529,0.10844372144365824,0.0,0.031625021651828865,0.06213605074989457,0.6968592413840982,0.21465086212831075,0.6333148525601477,0.09228865527903614,0.032156937479386014,0.0,0.03511335964194708,0.13196334797175593,0.5771883879218891,0.06578301729379184,0.20011900407206923,0.030995765615154856,0.1952234149269302,0.034888788966053026,0.044033327818960556,0.36302457723365456,0.4447074998808995,0.26197370542949494,0.09967814738762493,0.0339336883550949,0.0,0.6718043255020245,0.2551686646904251,0.018458972439863594,0.0,0.20867813313846742,0.0,0.0,0.0,0.0,0.0,0.0,0.0,0.0,0.7680941094869301,0.5125150400094998,0.0,0.21173767669462001,0.048244128369511245,183,946,-296.492576,18.266264000000003,3916,72,25000,18.232400000000002,-296.4583,1.1100196408389578,0.903223095425397,2.0
56,13.618299999999998,-222.34820000000002,3,38373.62552932394,0.48644787283021557,0.4975787007371201,0.14562836956372033,0.30622852405693296,0.0655452063125257,0.06554523405936727,0.0,0.24241720661870222,0.10508143156929205,0.0,0.02966287674504133,0.06444843469927106,0.6810277433801828,0.21274534187969563,0.6268164600168876,0.09008479141786392,0.03174434050667586,0.0,0.04717444793998684,0.13093736098869604,0.5822898187682802,0.06762678106152652,0.1891584092515388,0.02902550976242687,0.18963340364173378,0.0344549324216822,0.04147323692022869,0.3461633387464647,0.4188104032173095,0.24878976657118376,0.09440939786251303,0.03285750653789104,0.0,0.6587641452874633,0.2600043701125934,0.0058117841551095775,0.0,0.20113840970893304,0.0,0.0,0.0,0.0,0.0,0.0,0.0,0.0,0.751294564000153,0.4738309215928305,0.0,0.2032285285024339,0.04812551484715924,134,744,-222.32803499999997,13.600470000000001,2106,15,39438,13.618300000000001,-222.34820000000002,0.7336146878390761,0.9520670658941685,1.3333333333333333
57,27.1086,-444.6788,6,81121.23660304335,0.49330410934053787,0.4754874500873729,0.15203816877198406,0.3160845165459743,0.06542602650393053,0.0653745529953123,0.0,0.25502572219696573,0.10658532033895099,0.0,0.03249269372195716,0.059294979794984895,0.686409521012192,0.20740104604004403,0.6141815491725785,0.09231126613583575,0.031566265922915504,0.0,0.047211556588303435,0.13027167100467885,0.5858677705273848,0.06537259117816778,0.20494134302586028,0.029846161793171264,0.19778623354860536,0.034951035377595224,0.04576241969861782,0.3627863332971047,0.43834645475284967,0.26277075706673114,0.09936036216527637,0.034793258087407734,0.0,0.6785136294487363,0.25624833540228725,0.018936195318187406,0.0,0.21490026993440753,0.0,0.0,0.0,0.0,0.0,0.0,0.0,0.0,0.7951787018632509,0.5349667979609601,0.0,0.22207731982405063,0.04757026006043574,280,1515,-444.66020399999996,27.136992000000003,4404,30,73224,27.108600000000003,-444.6788,1.2856524110404384,0.8708894325214089,1.75
58,26.9966,-444.72270000000003,6,74396.21603277804,0.5005731807605989,0.5008191384932363,0.1518747660575516,0.31759696165039575,0.0669230654503196,0.06682708301251924,0.0,0.25751078895051815,0.10819260668634631,0.0,0.03195546554016625,0.06257333096014964,0.6902804257728211,0.21112768452741543,0.6259238808338635,0.09250533784101707,0.03194490691928419,0.0,0.04803310442849791,0.13044447338188223,0.5874747586717416,0.06647293024697004,0.19526165951839777,0.0289642156798351,0.19352879667348835,0.035436297466906116,0.04506655262402773,0.3566818247602469,0.44363735232030255,0.2550430077666992,0.099712873752836,0.034634666384464156,0.0,0.6717989523391094,0.2590409415222274,0.01695597811172086,0.0,0.2139533302599966,0.0,0.0,0.0,0.0,0.0,0.0,0.0,0.0,0.7845519814674738,0.5156619672811809,0.0,0.2157219761482961,0.0477475451884998,212,1551,-444.70338000000004,26.964228,4536,30,19560,26.9966,-444.72270000000003,1.3317158449774154,0.9299304056136994,1.3333333333333333
61,31.322700000000005,-518.7975,7,99956.6956525868,0.48664058103959706,0.4898856529279194,0.14091017190624003,0.3032357863492567,0.06547707804058461,0.06565320232220251,0.0,0.23799521071312016,0.10204349978416506,0.0,0.029488616711542095,0.0699330216455726,0.6838528500819511,0.2064719256101054,0.6145317849561401,0.08698106291803798,0.03530819147496547,0.0,0.05558196762003256,0.12962825271836548,0.5720260900883362,0.06965667003706773,0.17168646464622203,0.027896746140060956,0.18287452209226168,0.03225222820733158,0.03971378284870281,0.34272822962531563,0.4147738214581929,0.2369374663114241,0.09181746845624114,0.03358287224243246,0.0,0.6229913517389117,0.2559164587106258,0.0,0.0,0.19732161258798583,0.0,0.0,0.0,0.0,0.0,0.0,0.0,0.0,0.7474998047494587,0.4399591563857998,0.0,0.20046182324307427,0.05114859810049501,284,1897,-518.8008,31.323586000000002,5341,35,128562,31.322700000000005,-518.7975,2.0975420723314318,0.8967414702833709,1.5
64,85.6519,-1408.8521,19,430552.1723396862,0.4887916036337059,0.49514158739959047,0.13946214821625283,0.29912506048373216,0.06563781371569373,0.0658916267366099,0.0,0.2351445773753611,0.10159740717413826,0.0,0.03156369766105665,0.07212297852134382,0.6874457674388129,0.20613804267858596,0.6176474839307056,0.08720546083145916,0.046406736888990156,0.0,0.05621423405018344,0.13038794543079488,0.5771645458221126,0.07120329195267476,0.16921594028353795,0.03253799223125756,0.1820469312797393,0.03569559514676779,0.03895595658476793,0.3372414241679872,0.4097695650630071,0.2351258051353473,0.09048787118329368,0.03772403254868996,0.0,0.6243252173075088,0.25792151898888444,0.0007984609566566293,0.0,0.19690001796151396,0.0,0.0,0.0,0.0,0.0,0.0,0.0,0.0,0.7447982739212732,0.43005288966795374,0.0,0.20231860714843822,0.05061231465661469,1269,5529,-1409.0171810000004,85.52394000000002,15143,361,3009638,85.6519,-1408.8521,10.430479335233262,0.75456121469365,1.0
69,27.524599999999996,-445.0318000000001,6,247729.8694648716,0.49119506590246076,0.49259352863036404,0.1450833905660467,0.3138592239606612,0.06808192982904517,0.06808192982904517,0.0,0.24906917992205424,0.10859432395748239,0.0,0.03086217025660317,0.06487514737182881,0.7191729447245471,0.2155348678079081,0.6305918577939086,0.09270759185082529,0.032059216398957646,0.0,0.03506540503560024,0.13375429888605445,0.5925850891178652,0.07019855680792372,0.1964107434958067,0.03162369468686734,0.19732406158685856,0.03383797392436096,0.043840826248467274,0.36940763596334625,0.4488066162702331,0.26294493835459803,0.09676958208823354,0.03354420411071837,0.0,0.683960444851949,0.27102585027075615,0.014168674820049375,0.0,0.2144904472774225,0.0,0.0,0.004736826992715834,0.0015898405040880742,0.0,0.0,0.0,0.0,0.7872935324047894,0.5139682461037897,0.0,0.21599288882991888,0.03810675813709009,926,1959,-445.03677,27.441461999999998,3996,114,34242,27.5246,-445.0318000000001,1.5765692753034517,0.8828543224678503,1.4285714285714286
71,28.451999999999998,-444.6788,6,405541.3324177879,0.48372101457921796,0.49146006755084826,0.14178286779851584,0.3093023468212737,0.06836253738062162,0.06829018638288815,0.0,0.24076922914879623,0.10608729721225668,0.0,0.02902579468905094,0.06485248162734109,0.6960947467916793,0.21123322127072544,0.6153533474027912,0.08488379448410316,0.029919722543029378,0.0,0.03322903417495193,0.12741076953629224,0.5782642732348331,0.06873536281918428,0.1854011190006844,0.02895961568387511,0.18917562410226174,0.03324989254696149,0.04219379874594919,0.3513670576315935,0.42872476107450785,0.2541282415378567,0.09399617732422254,0.03200078501236891,0.0,0.6468384622945413,0.2556639351178217,0.015417568411543469,0.0025348014559726873,0.20561424747530038,0.0,0.0,0.002715858702827879,0.0028969159496830712,0.0,0.0,0.0,0.0,0.752079589987346,0.47230992642556424,0.0,0.2089294858987455,0.038182569398197766,365,2025,-444.69282000000004,28.499706,222,66,91128,28.451999999999998,-444.6788,1.895470070836184,0.9204725024719694,2.0
72,23.6461,-370.5684,5,187239.70695177966,0.4841413907370224,0.49524829674670334,0.1378180417918815,0.31680530366665527,0.07100828713578534,0.0711194699473118,0.0,0.24989873390285802,0.10919200050548464,0.0,0.029084508034875917,0.06871399697562222,0.7016006651507047,0.2166966225511215,0.6203892490773091,0.0865235895129643,0.03027072412806133,0.0,0.033047249075071616,0.12522054341153116,0.578525104523361,0.06724988788651795,0.19083064405144087,0.029938415525107544,0.19284755531110875,0.03369903918368668,0.04488317365320455,0.3622579882771398,0.4414580817281635,0.26749417056661806,0.09638980225588999,0.03215508201588536,0.0,0.6608429202353691,0.2558154103864337,0.017146006613952016,6.127438853843935e-05,0.20354311618219795,0.0,0.0,0.0020161764016716362,0.0018580093711188682,0.0,0.0,0.0,0.0,0.7474927588014104,0.4767065528376524,0.0,0.20338622025580005,0.04205467683288181,283,1715,-370.585605,23.636725,595,50,312890,23.6461,-370.5684,1.4348946858740745,0.9180421446435322,3.0
73,33.0024,-518.9125,7,347114.58468706656,0.5008158834899803,0.49753692943378774,0.14034092672995702,0.3130627943657262,0.07012780973111254,0.07021667168210802,0.0,0.2498677938775773,0.10918393408125059,0.0,0.02888154382697371,0.0692785541521585,0.7052832965237692,0.21445707533370673,0.6258630938372435,0.0847546611892085,0.02999307192400771,0.0,0.03501343353617607,0.12801405371923263,0.5894503417838096,0.06860183386425676,0.18945412524835833,0.028825277221879206,0.19281823162527273,0.03265633160862815,0.04394171243890127,0.35810175944354933,0.43684594244181096,0.2603855978166677,0.09516347372467811,0.03144958517058802,0.0,0.6570173111965154,0.256291196816231,0.016069535783299508,0.0024492692818097236,0.2115983228351208,0.0,0.0,0.004348562051652836,0.003709703194011426,0.0,0.0,0.0,0.0,0.772065352491309,0.47080871758843457,0.0,0.21566715819180388,0.042563777554352485,273,2443,-518.9861109999999,33.051109000000004,1351,70,378161,33.0024,-518.9125,2.3090629881112115,0.90624127283272,2.5714285714285716
74,18.8403,-296.54650000000004,4,131132.64279607707,0.5025729922892156,0.4974929174857092,0.14149336836578344,0.3096630804989789,0.06932055127777957,0.06933290279988973,0.0,0.24793960165157117,0.10831394744620586,0.0,0.02952198417081124,0.06792779768487708,0.7039099117436832,0.21352760096697695,0.6254453720141322,0.08438267185772426,0.03066264337584031,0.0,0.035424060837590386,0.12885256090295455,0.5914360049718427,0.06876742758263248,0.18889357773053728,0.028923232523729386,0.19245519284053048,0.03316025708800566,0.04417857487015532,0.3567672763345233,0.43502141718676723,0.2575642425769346,0.09463321798479228,0.031754922235879335,0.0,0.6563002909433541,0.2565154022526968,0.01639370044760672,0.0035596201986372008,0.212879117376458,0.0,0.0,0.004830913126721916,0.004068137369871087,0.0,0.0,0.0,0.0,0.7746805546096928,0.4709317069891893,0.0,0.22011165715977593,0.04179109253994508,125,1418,-296.5543,18.861424,776,40,48716,18.8403,-296.54650000000004,0.7172100750956731,0.8840748436004779,2.0
75,32.7467,-519.0183000000001,7,90388.78728813211,0.5014480708824955,0.4902896880297793,0.14440981379339948,0.33096232867280223,0.07381638980343759,0.07377450700618761,0.0,0.2656404232423991,0.11110536202790769,0.0,0.031174512893315815,0.06850862991462148,0.6989887826026198,0.22605421182463165,0.6291377212491972,0.09223021604189353,0.03167646169654339,0.0,0.03542141851606763,0.12936992334576847,0.583280997483052,0.0652938520528592,0.20911591766410567,0.034566389356415234,0.20578028302902618,0.03498400231547827,0.04779102371256543,0.38496401772833694,0.4407289331854345,0.28119418614148106,0.09979898012164513,0.033351816663917996,0.0,0.6878404331200931,0.25072843941574974,0.02114021346163518,0.0,0.2022124193119488,0.0,0.0,0.0,0.0,0.0,0.0,0.0,0.0,0.743358244693583,0.49936805398608275,0.0,0.1912389638715961,0.043543368594583326,339,2520,-519.008686,32.668741,2779,63,41797,32.7467,-519.0183000000001,1.3291548151846098,0.8602851987406744,2.9
77,41.862899999999996,-667.1593,9,79464.8187611055,0.5109363657311418,0.5181477285072249,0.14887110894271677,0.3353845777273908,0.07473887175699385,0.07487769762914237,0.0,0.2653467046212464,0.1158394758383282,0.0,0.03042267261863011,0.0695305928079688,0.7191694245506396,0.23138199233604528,0.6504817634858034,0.09294198799463013,0.03173643448663712,0.0,0.03770172928742787,0.13353936376038564,0.599994501977441,0.07014693845388693,0.1963841097761547,0.032662994594212416,0.20450459267388144,0.0339602993320028,0.04574952849514254,0.3851361659009182,0.46171116771006354,0.27959896048154353,0.09850654331366678,0.033093412497057426,0.0,0.6906057891314661,0.2620964878408734,0.018876106893419915,0.0,0.21260714059784624,0.0,0.0,0.0,0.0,0.0,0.0,0.0,0.0,0.7696294938119742,0.49927539779433655,0.0,0.19996066637434745,0.04480049417536728,734,3348,-667.4590709999998,42.11975700000001,3645,81,188451,41.862899999999996,-667.1593,1.3274879440735265,0.8242017292093266,2.1666666666666665
78,23.2625,-370.78020000000004,5,406146.87841345154,0.4811380951377017,0.4956499110678616,0.14239001172154528,0.3120614107568329,0.07024560009058582,0.07028816280597598,0.0,0.2477463923409904,0.10996754074758452,0.0,0.029599500233280795,0.06760706529055625,0.6983285019277681,0.21590788594122023,0.6183299366504282,0.08805374507125983,0.03126790865258892,0.0,0.03526773958771136,0.12884918745205365,0.5830648634744554,0.0696281871025046,0.19090983838897202,0.030154551771829925,0.19678489984068462,0.034206860665695275,0.044391768378443136,0.36713054758391966,0.44282418867474205,0.262114842649811,0.0966491806552571,0.03272454748219951,0.0,0.6657830635510155,0.2578376181809627,0.016363728103496383,0.0032073427653312556,0.20788303148496623,0.0,0.0,0.0033142541908422972,0.0036349884673754227,0.0,0.0,0.0,0.0,0.7661225401686919,0.47333912281610196,0.0,0.20809212495673002,0.037042352914880027,430,1895,-370.84459000000004,23.243344999999998,2065,40,119805,23.2625,-370.78020000000004,2.0124132770213357,0.8415699824278584,2.0
80,13.906299999999998,-222.4894,3,53454.118782980484,0.4848907974543065,0.49208393186001326,0.14500982921183933,0.3133990030699996,0.06994252733062853,0.06994252733062853,0.0,0.24731235628040735,0.10716948462182214,0.0010748434816887104,0.030265251461041892,0.06471999947587899,0.7141101436729905,0.21609513343317213,0.6236655254583238,0.09527204643395733,0.031040230868560028,0.0,0.03360373469578007,0.13429320090778774,0.5746973483704911,0.07095360434284642,0.19170471177463316,0.03035091106891205,0.19366864182886526,0.03358108864568563,0.04303161583955543,0.3623876122517818,0.43266551890681115,0.2585785651534343,0.09590327574879517,0.032842333917989554,0.0,0.6651419665851579,0.2588744151438714,0.01579101715743422,0.0017161682850739177,0.20923847208894666,0.0,0.0,0.004873141979645392,0.004223119748257863,0.0,0.0,0.0,0.0,0.7627797192055316,0.4770144836565092,0.0,0.2073125750278235,0.034639431854156695,394,1149,-222.49536899999998,13.892942999999999,2967,24,12735,13.906299999999998,-222.4894,0.1832583949744497,0.914476020317757,2.0
81,18.4884,-296.67010000000005,4,175022.51718811595,0.4802392889664865,0.49931045932886037,0.14510193147515602,0.31241266337687146,0.06900443534824868,0.06900443534824868,0.0,0.24761706994724575,0.10787887886598854,0.0017970972673421052,0.030357220948452043,0.06423857524274022,0.7112169028000908,0.2154345279736541,0.625224795454903,0.09407178668994595,0.031018069629230847,0.0,0.033694946820728974,0.13438546580887684,0.5819785934587511,0.07088267898875489,0.1919398566342196,0.030048274871314548,0.19425383261985987,0.03339525674348951,0.04335949215909098,0.3622080330421077,0.43239144388737843,0.25997720939534663,0.09562207444149208,0.03292595709678437,0.0,0.6690040510399823,0.26211542844195423,0.015749664403388042,0.0029859657465641583,0.21049291092911304,0.0,0.0,0.004778402133075149,0.004085861605610833,0.0,0.0,0.0,0.0,0.7693661957312995,0.4896346990176956,0.0,0.20991376288899186,0.03500075249726175,570,1546,-296.65962,18.503324,2108,32,61696,18.4884,-296.67010000000005,0.5147275404715634,0.8323224715446426,2.0
82,18.5524,-296.6701,4,248390.76810617273,0.48373818208216907,0.49878511524550134,0.14576263788887028,0.31308957390392067,0.06957288970019002,0.06975488408948369,0.0,0.24741931096145642,0.1076618789661922,0.0013270113612239213,0.030357306417824012,0.06434956113408592,0.7107978416917421,0.21457485491286798,0.6253154383521176,0.09351716548187242,0.0312443788930789,0.0,0.03384935950032852,0.13333317948248147,0.5821082449458161,0.07117498426551272,0.191180969234748,0.030106318955834103,0.19452260819363595,0.033665131896091265,0.043222207224903796,0.3635129012653308,0.4351447842070018,0.25787340596963715,0.0958428260383089,0.03312057526530311,0.0,0.6666806763389723,0.26164346527849597,0.01578950147992945,0.0026872226064031195,0.20985717711604446,0.0,0.0,0.0036752108643023263,0.0033800820792744043,0.0,0.0,0.0,0.0,0.7703949146545684,0.48435029343975,0.0,0.20885497011930956,0.034944272919433264,574,1562,-296.706544,18.576688,2116,32,52380,18.5524,-296.6701,0.9249567519227391,0.9309115181719765,2.0
83,9.2762,-148.3527,2,132899.49687612892,0.4841753955149467,0.5017308261403962,0.14647655541383572,0.31381356768164015,0.06943872055842859,0.06966949737714809,0.0,0.24777054483894168,0.10755377855337306,0.0021350825514248324,0.03056127944157141,0.06394131455207423,0.7113656941629367,0.21460066772570158,0.6276271353632803,0.09444489978896578,0.03132366256348414,0.0,0.03389928295262169,0.13467402453560878,0.5854693849400526,0.0716681757194869,0.19122228468727523,0.030007005266575425,0.19431715291853166,0.03348306505878821,0.043093216159179944,0.36359514932399506,0.4338168718257931,0.2579823549082809,0.09561114234363761,0.03325228824006871,0.0,0.6680540596461116,0.26280804927993356,0.015784224957677243,0.003105574620254302,0.21071869945038368,0.0,0.0,0.003299673034020196,0.002911476206488408,0.0,0.0,0.0,0.0,0.7733866433988088,0.49122228468727525,0.0,0.2100717047378307,0.034899448159829344,371,787,-148.351454,9.26326,1060,16,32688,9.2762,-148.3527,0.4879817385781303,0.957684187926845,2.0
86,13.9223,-222.5687,3,196197.374626169,0.48469245157844754,0.49687400686879374,0.1472726601748593,0.3124253049936826,0.06761000173786634,0.0677794179958073,0.0,0.2487865071276775,0.1083052060397788,0.0,0.03036970829941268,0.06269528789978032,0.7096746518849814,0.21073219178442382,0.6221793498543084,0.09212099218173657,0.03184018245143864,0.0,0.03472705614345577,0.1306558427010781,0.5843693088994665,0.06859534108350099,0.19415402142831412,0.02941555954835403,0.19355383795239806,0.03523037991802884,0.043258577553437434,0.36082156257010645,0.44349670889016335,0.2556439237167601,0.09816784170719826,0.03354163463037957,0.0,0.6643393793077926,0.26521922700602074,0.01616004876173877,0.0024041341197511075,0.20794929695227457,0.0,0.0,0.0032055121596681435,0.0026044786297303667,0.0,0.0,0.0,0.0,0.7648659413438935,0.49235032289011355,0.0,0.20900683685171711,0.03752979921951616,533,1221,-222.56541900000002,13.921737,1659,21,96240,13.9223,-222.5687,1.2648230119886528,0.8800932058890393,1.3333333333333333
88,41.2869,-666.8235999999999,9,70376.6317904224,0.49106152155797,0.49318507025926056,0.13799564891290172,0.31450809163735105,0.07196559724933242,0.07213317563349649,0.0,0.24042783227392506,0.10995365832145611,0.0,0.028319544541967095,0.0794885933064949,0.6852714481614942,0.22281665145344726,0.6312043037839484,0.09514919679682064,0.031694372212847585,0.0,0.05061614829980009,0.13136198124755208,0.5701530613632855,0.07101477494294438,0.1783753006216495,0.02911015112037336,0.18544580928661433,0.03432157069668751,0.039945110104429846,0.35699081861474785,0.42892834970672666,0.2528453858154738,0.09289421655142016,0.03138871317819997,0.0,0.6443305739609455,0.2528390295727109,0.011759781697792047,0.0,0.1883189538011183,0.0,0.0,0.0,0.0,0.0,0.0,0.0,0.0,0.7149610994047653,0.437739808467164,0.0,0.18623445336292418,0.043847675500675504,857,3771,-666.449172,41.8896,2232,18,79677,41.2869,-666.8235999999999,1.384092508166614,0.9040783307203617,5.230769230769231
89,27.6846,-444.3257,6,31498.010213936734,0.49307315950379266,0.49204413275563397,0.14122876918320765,0.30207817655726843,0.06746608798166068,0.07103902852701324,0.0,0.2400456561508363,0.10329888513044098,0.0,0.023220878542476966,0.0722782701388486,0.6814035688465847,0.21045820499556572,0.6142718835072771,0.08778872473075654,0.03842925661058558,0.0,0.05411000867612716,0.13156719965191685,0.5775654350200068,0.07246472807573982,0.1790563805217769,0.025576154242601627,0.18222436673849712,0.028068748585293807,0.03227222812349973,0.34795212829011885,0.4164610347682923,0.24531865782607118,0.09259902026538702,0.0246896318088271,0.0,0.6326637579849935,0.2547398117470263,0.0030373865457089936,0.0,0.20206193937541647,0.0,0.0,0.0,0.0,0.0,0.0,0.0,0.0,0.7631475603196192,0.44549456061670883,0.0,0.20611191031801748,0.05298075508159688,703,2559,-444.1088040000001,28.038065999999997,954,12,49956,27.6846,-444.3257,0.8121684878092674,0.8939249471200459,1.6666666666666667
90,41.222899999999996,-666.7529,9,82777.68331415886,0.4960582857378222,0.49288553286508363,0.13854180424206886,0.3185322057083271,0.07265384709329219,0.07260946420006137,0.0,0.2496756598992567,0.10527704249969892,0.0,0.028915827858589743,0.07083992044068169,0.676235001107725,0.21615801029133175,0.6080126030570563,0.09294220939860855,0.029404688807693462,0.0,0.03419694703559392,0.12273035602955898,0.5472771119892027,0.06808875603895097,0.17722393639748743,0.027056907578762782,0.18484068476353377,0.03373036869969725,0.04410141925934233,0.3509744086499498,0.4265716113798282,0.2539892686016799,0.10035387762780143,0.0339637542366392,0.0,0.6338611777675729,0.24495128604123684,0.01909788262601581,0.0,0.179395701917389,0.0,0.0,0.0,0.0,0.0,0.0,0.0,0.0,0.6787730061640123,0.4406780667288615,0.0,0.17453366315830615,0.04079807716747154,730,3906,-666.459432,41.825169,2250,18,49608,41.222899999999996,-666.7529,0.9889533967708733,0.8940656918064852,3.875
92,22.958499999999997,-370.3832,5,25592.54609443328,0.49480355851203145,0.4915060313351028,0.13753189149034734,0.3120048933793302,0.06864887780457204,0.06865766300646184,0.0,0.24282336443805974,0.10378145010700418,0.0,0.03027749257730561,0.06924953296584156,0.6821090735890258,0.2157148197909111,0.6193399838662652,0.08933266957006684,0.035794397640859635,0.0,0.042324155620677366,0.1318729199731543,0.5734223377195051,0.07130140733532248,0.18519915197747763,0.03001656868814495,0.19169927211160573,0.03632586781747923,0.04365720787830496,0.352951017051645,0.43275641338260046,0.25446926050258944,0.09873113356038901,0.0327085884313351,0.0,0.6452900830912279,0.25834292070793985,0.010870957370205199,0.0,0.20065354723454698,0.0,0.0,0.0,0.0,0.0,0.0,0.0,0.0,0.753793004884016,0.45818073249020436,0.0,0.20260697430880767,0.047969673559866116,467,2220,-370.32328,23.0423,1750,15,23160,22.9585,-370.3832,0.41439337149238414,0.873637293101732,2.4
93,13.810299999999998,-222.22469999999998,3,60133.95570654215,0.48990579458329425,0.48662198868189155,0.13772228430727654,0.3097306339891605,0.06865177799766893,0.06865177799766893,0.0,0.24078499781496626,0.1047424735275463,0.0,0.02855023310265451,0.062100552348143406,0.6862633842530632,0.21298296388456656,0.6098109213627357,0.09480443764403287,0.028557177074072806,0.0,0.03372855202498601,0.12952881107752517,0.5484789082855297,0.07161788294701689,0.17926260799830745,0.027864479415735794,0.18302671570554455,0.03375772726401579,0.041350138270880896,0.3405745997704236,0.4227408672327429,0.24563247348305772,0.09358006721956402,0.03134218556869701,0.0,0.6283005847597739,0.25590544762808765,0.014291843040676221,0.0,0.1871287994950054,0.0,0.0,0.0,0.0,0.0,0.0,0.0,0.0,0.6964707204425916,0.44405886971893493,0.0,0.18519162430333722,0.034450358684871285,291,1344,-222.212382,13.807227,1368,9,9807,13.8103,-222.22469999999998,0.4752716151805985,0.878653541024085,3.0
94,18.3604,-296.2818,4,82839.98963940126,0.48971776061057826,0.485126422255091,0.13793195092818228,0.3058989475584602,0.0672616072744851,0.06728499053273485,0.0,0.23771588021866907,0.10542432357123557,0.0,0.028382996668427928,0.061179042401377164,0.6820328655005347,0.20948766604071098,0.6017064960249222,0.09372883401477441,0.028471296337142172,0.0,0.034261522829180775,0.1287252200902134,0.5410270188594305,0.07087981406379029,0.17445870965059218,0.027371854808714173,0.18213982014288127,0.032531039219407296,0.04063638940635173,0.3343477197318601,0.41280792860232396,0.23853955914463956,0.09132754759122468,0.030891029411404064,0.0,0.6178721009705952,0.2567037657888707,0.013773999260581867,0.0,0.18757618855927716,0.0,0.0,0.0,0.0,0.0,0.0,0.0,0.0,0.6924586249087259,0.4390640658300245,0.0,0.18344713549731356,0.03494118724745024,398,1806,-296.263932,18.360836,1924,68,14324,18.360400000000002,-296.2818,0.687850188305078,0.8930540961954914,2.2857142857142856
95,13.7623,-222.25099999999998,3,41218.82798835981,0.48831775462176813,0.48687880897876556,0.1407211955771667,0.31374965312841013,0.06923497094129057,0.06925660480929206,0.0,0.24615960940437237,0.10660195911602843,0.0,0.029542910330296077,0.06060142423589503,0.6809680611022468,0.2122250338082088,0.6031840989919025,0.09189440818845863,0.02876795974493292,0.0,0.03599257924402201,0.12504350968616126,0.5420313267386547,0.06812718943863859,0.1868371106823901,0.02888267792952145,0.1836345536375447,0.032334584161773046,0.04235806618163917,0.3382908707300694,0.41946002521025083,0.25055144234749394,0.09211580274204359,0.031267656497719704,0.0,0.6325169753980612,0.2476004733116109,0.015396046180256974,0.0,0.18772505840256945,0.0,0.0,0.0,0.0,0.0,0.0,0.0,0.0,0.6810926395466776,0.4526979157987038,0.0,0.1822168695722317,0.031498120434076564,247,1365,-222.233319,13.770843,1383,9,7935,13.762300000000002,-222.25099999999998,0.3840149710280293,0.9281949241135152,2.2
97,28.020599999999998,-444.31679999999994,6,60087.829495309525,0.49697685801671915,0.49211017502266746,0.13406545772178563,0.32153195861016565,0.07628770116803302,0.07649647709773699,0.0,0.2432358654054082,0.1113394650686027,0.0,0.027875710192049596,0.08680416195492197,0.6764672143425636,0.2311520371273762,0.6259585682692059,0.0928032203424618,0.03624610282093363,0.0,0.046685705463629254,0.13002505329250688,0.5681965775350452,0.07030698016782436,0.1805230678548146,0.03027962373697556,0.19137328913521273,0.0362027928020321,0.04278041655836668,0.36871341985747885,0.44460602287305834,0.26872530380473036,0.09753582144489273,0.032501085031261305,0.0,0.653387505218622,0.24598977406793124,0.010447718784069433,0.0,0.1872606447109031,0.0,0.0,0.0,0.0,0.0,0.0,0.0,0.0,0.7177794819522313,0.4422471414508742,0.0,0.18867421862509148,0.04607967834780798,744,2775,-444.327234,28.101384,5094,12,56862,28.020599999999998,-444.31679999999994,1.1789063788429404,0.8780298791191183,5.285714285714286
98,27.9726,-444.41369999999995,6,83032.64726444765,0.49496444765275377,0.4789850095030772,0.13515125239896345,0.3230122121072435,0.07589411257346115,0.0765530197619878,0.0,0.2535535531870731,0.11049934965930215,0.0,0.02829261474461258,0.0778763052476677,0.6909302282562817,0.22847128017625307,0.6340983808877778,0.09314103742402567,0.031937496529148936,0.0,0.0435067638345848,0.12724914242903024,0.5667772159071408,0.06953852614559197,0.1868501402091445,0.030398642141510394,0.1911315134488575,0.03618833089321917,0.04557125016452785,0.369641509385465,0.45369373468288526,0.2749086382408729,0.10093223196086612,0.03390579332133489,0.0,0.6601664003247173,0.2448000101555518,0.01994810791893617,0.0,0.1891118283859554,0.0,0.0,0.0,0.0,0.0,0.0,0.0,0.0,0.7027330569650325,0.45310961102609176,0.0,0.18228791859396198,0.04157266379860912,624,2811,-444.372894,28.036704,1008,72,74052,27.9726,-444.41369999999995,1.1721198334133867,0.8778953589800421,3.0625
99,18.5524,-296.2464,4,49047.07606872952,0.49749763623487303,0.4964805182983708,0.13567795990671067,0.3223335456265501,0.07509248086107574,0.07509354011417406,0.0,0.25098190338619514,0.10459723677676999,0.0,0.027951724015799696,0.07375794779369582,0.6771531572123806,0.2195638853090812,0.6078309716659864,0.09321230603185873,0.02876137905482255,0.0,0.032271441721635756,0.12246513405340188,0.5469189746311376,0.06916467183429284,0.17390613176641487,0.026662081686791312,0.18512394402307597,0.03403850432922998,0.04559913336542464,0.3522986605540603,0.4271595495721685,0.25648658440114486,0.10055400209667512,0.034178619593158065,0.0,0.6312508577162635,0.2440155612721435,0.0201132066997011,0.0,0.17715433538414657,0.0,0.0,0.0,0.0,0.0,0.0,0.0,0.0,0.6682343842268297,0.4280746439256548,0.0,0.17017882503826762,0.041020797036889614,450,1894,-296.24642,18.602235999999998,1020,8,21580,18.5524,-296.2464,0.5150662255115162,0.9120648362899144,3.6
100,18.5524,-296.2818,4,63635.41193377405,0.4928384442570111,0.44353002860376584,0.132373042393194,0.3172420451615168,0.0740367853405083,0.0740367853405083,0.0,0.24827862282769617,0.10525901222465345,0.0,0.02748250653477163,0.07195960490788415,0.6646200376650016,0.21549143855631214,0.5942733939016264,0.0888067683892427,0.02829634929047076,0.0,0.03133439629099329,0.12012311114010482,0.5325125202964371,0.066251353070473,0.17385339224257232,0.027067704467446416,0.18038276496284097,0.03416328463531098,0.04501732621229863,0.34340362464647656,0.41981219809310194,0.25654332026688165,0.09979894973288511,0.03320820100877395,0.0,0.6193952854465199,0.23779385611395748,0.020256375307512897,0.0,0.1725997062958678,0.0,0.0,0.0,0.0,0.0,0.0,0.0,0.0,0.6506451018772557,0.42014222941415424,0.0,0.16697471515014772,0.03166602463964162,410,1910,-296.2852,18.587604000000002,1128,52,36552,18.5524,-296.2818,0.564222820940716,0.9062424138790776,3.7142857142857144
101,18.5204,-296.29949999999997,4,65261.004323115194,0.49633533876819036,0.4837647884223251,0.1341842190459124,0.32037752873743147,0.07473541282326569,0.07473541282326569,0.0,0.2513783002632222,0.10388587932316834,0.0,0.027538235006134,0.07390913477971103,0.6782893463882917,0.22031885790099237,0.6134825226384236,0.09130479868315643,0.029703119223485293,0.0,0.03615610840811091,0.1264268553750811,0.5599413229636614,0.06972947026918833,0.18039741636376153,0.026964931498332487,0.18913592980106445,0.03533519995925777,0.046794009991256984,0.3554438916767371,0.4327954849698275,0.26254000557099083,0.09990843688147255,0.03384785323253641,0.0,0.641504439427956,0.2475966373590242,0.01950556511734757,0.0,0.1860247296405919,0.0,0.0,0.0,0.0,0.0,0.0,0.0,0.0,0.6998095121127963,0.43725161439403837,0.0,0.1823922189457915,0.042242293491835343,388,1926,-296.293952,18.554856,1148,52,25076,18.5204,-296.29949999999997,0.7356032346891641,0.9033110743980266,3.75
103,13.9543,-222.21569999999997,3,29252.232331757863,0.49647636807428897,0.48984106049063714,0.13571886446760664,0.3194901647822705,0.07291893961920057,0.07291893961920057,0.0,0.24770695810497437,0.10713254335487693,0.0,0.02803590197266607,0.0761832929660358,0.6752112267564242,0.21717980021196845,0.6133967984739789,0.08937779972143696,0.029604676905900133,0.0,0.04136185536856566,0.12589215922897665,0.5542906859763251,0.0681977417919642,0.17443606950637744,0.027088451277865154,0.1873388458447392,0.03363957997395716,0.04465500389760439,0.35496094947772017,0.4353481433176203,0.2596978487588402,0.09891454701811314,0.03267217448933213,0.0,0.6383306243570791,0.24104355841142225,0.01992562836949618,0.0,0.18513241732609545,0.0,0.0,0.0,0.0,0.0,0.0,0.0,0.0,0.7019667046662706,0.4418585096187306,0.0,0.1822397852816751,0.04403181595068285,300,1479,-222.166929,13.937247,753,36,15609,13.9543,-222.21569999999997,0.42414738035541283,0.9730971434618839,2.5
104,23.246499999999997,-370.4362,5,44511.941247690156,0.48945187686362246,0.48349216210455254,0.13155799415295222,0.3195710943359681,0.07426068080970677,0.07426068080970677,0.0,0.24849175032509183,0.10594567967683727,0.0,0.027841876555207697,0.08203457576674564,0.6666281859539672,0.22096320516473306,0.6143625432626779,0.08662811428167044,0.03535157331910478,0.0,0.04678172837759769,0.12802232856497964,0.562422372416909,0.06685405051897704,0.1793928766858225,0.027650495255715075,0.19636438916869692,0.035240837853487875,0.046615656630537926,0.36150592764680545,0.4377776938183159,0.2653988964638878,0.09885805519221715,0.0326708169374758,0.0,0.6473658926513283,0.24001497517985612,0.012160186796764436,0.0,0.19040168355979517,0.0,0.0,0.0,0.0,0.0,0.0,0.0,0.0,0.7244509842840838,0.4374692717773908,0.0,0.19219522199581165,0.04807090209440014,424,2485,-370.49378,23.26139,1490,65,50410,23.246499999999997,-370.4362,0.8838907637104242,0.8476758970000009,4.0
105,14.002299999999998,-222.3306,3,29376.811687718895,0.4739179807474356,0.4919625869359874,0.13041813970784047,0.3222887325410752,0.07250128451773165,0.07235100911562271,0.0,0.2465104141651954,0.10553859361074214,0.0,0.027323121120640177,0.08243180891588885,0.6605706252701224,0.2211343064172377,0.6089853668236092,0.08519565197135129,0.03960913369296621,0.0,0.046371354817233194,0.1278268155286436,0.5633702914914266,0.0655899031326748,0.18298086150015122,0.02838637231922844,0.20358093008632336,0.035262119172580396,0.045759963661832964,0.36903087338907486,0.4493845875441876,0.26553476603262516,0.10096472885683691,0.030734097192886705,0.0,0.6516654486404756,0.2350518167864296,0.0018859915896110913,0.0,0.19292211735450257,0.0,0.0,0.0,0.0,0.0,0.0,0.0,0.0,0.7326888738660797,0.43831597021020346,0.0,0.19788983079083416,0.050641827248783376,178,1503,-222.31942200000003,14.005170000000001,900,30,32088,14.002299999999998,-222.3306,0.6577766661335716,0.9398878635092593,3.5
106,13.9543,-222.25099999999998,3,45659.191015019554,0.4894240422332539,0.4676696131542456,0.13183179766030526,0.31620726445654684,0.07261766015337223,0.07261766015337223,0.0,0.24349979228386148,0.10718576406878573,0.0,0.02924007324402727,0.07942098852135122,0.6648801092961849,0.21814586020175186,0.6045542073127204,0.08623672885021577,0.03640163714288276,0.0,0.04199402677402171,0.12471945924028606,0.5480268375633665,0.06625588881572285,0.1743490904408461,0.027724189006957736,0.1889583514001908,0.03504054132847807,0.04359332265269408,0.35091213412586203,0.4280008697854464,0.2562166547463555,0.09662190752977719,0.03314480386799748,0.0,0.6344452061363146,0.23893336041765553,0.00941408215230078,0.0,0.18130872020395847,0.0,0.0,0.0,0.0,0.0,0.0,0.0,0.0,0.6943167004985781,0.4222875625901714,0.0,0.18387738032243006,0.041401053468255546,259,1512,-222.24715199999997,13.942785,870,39,28407,13.9543,-222.25099999999998,0.809693790578978,0.9500592128236083,4.2
107,13.906299999999998,-222.2776,3,24545.35418929677,0.4999953065156454,0.48618641750095554,0.131887043350579,0.31821999908140225,0.07681132714683173,0.07700558588711151,0.0,0.2543770470404873,0.10403890971147409,0.0,0.02735460756978453,0.08361483075185656,0.6699043123379965,0.22430806927921987,0.6254286501912649,0.08881553811752567,0.034330353498707784,0.0,0.04964447358909527,0.13177827997433444,0.5701618042368077,0.06748677339373285,0.18378363118722826,0.02805496508236029,0.19686953084018502,0.03577291106392321,0.04904743727593415,0.36463511964136197,0.43231990656285835,0.27141010306174335,0.10010563438667476,0.03389442840669312,0.0,0.6541434489517995,0.24542181044217945,0.017123804517695074,0.0,0.19475213081199838,0.0,0.0,0.0,0.0,0.0,0.0,0.0,0.0,0.7381250936667912,0.4437539707603849,0.0,0.19501487488324373,0.05100384897753556,235,1521,-222.26772,13.881324,2856,39,12549,13.906299999999998,-222.2776,0.5087617174469801,0.961321853322566,3.6666666666666665
109,18.5844,-296.4053,4,23514.567757120152,0.4909128196252114,0.49112840612031117,0.13210478602225517,0.3173741565297682,0.07196147422252751,0.0716629396855308,0.0,0.24039140431930658,0.1087842900342189,0.0,0.02837398491973518,0.08615229292454461,0.6695649306773475,0.22134761238312115,0.624539165533184,0.08942684604339901,0.0360201249476212,0.0,0.051491393778551824,0.13362996154715548,0.5727178131583294,0.0661689119007051,0.1820069787297207,0.028384984144178806,0.1920196111179584,0.035240488161042624,0.04193347220054792,0.36123916987491467,0.4391018204761261,0.2612132368283877,0.09596801743383744,0.03165767346543999,0.0,0.6467260433483102,0.24501278032315724,0.0129950892559888,0.0,0.19196106125314244,0.0,0.0,0.0,0.0,0.0,0.0,0.0,0.0,0.7364829388143781,0.4372774009126572,0.0,0.20183951972732886,0.0504729431132998,267,2058,-296.402744,18.581884,1308,52,55080,18.5844,-296.4053,0.49428114965905673,0.8535313977720046,4.0
110,27.844599999999996,-444.7314,6,105960.35435117295,0.48346337589922184,0.484454538623317,0.1336518237155054,0.32225286419913307,0.07269874899701316,0.07264857011980448,0.0,0.24683513070734323,0.11149224763405832,0.0,0.028130922509921906,0.0796039189108724,0.6806343162444675,0.224273737216541,0.6235725021344382,0.09001925163427658,0.030987037516360838,0.0,0.039827731255713754,0.1302560554979513,0.5734925194423681,0.065414252221939,0.1895927432244191,0.029246537286239598,0.1988337375131335,0.035071025594662,0.04450050749249839,0.3700555172465199,0.4495894386691608,0.27287449360167576,0.09586195115788448,0.03161501834704224,0.0,0.6622035698018204,0.2462234531268873,0.017714881581110765,0.0,0.19766188880802613,0.0,0.0,0.0,0.0,0.0,0.0,0.0,0.0,0.7375470585494233,0.4583513367886909,0.0,0.20068634497200727,0.04467678152885748,248,3117,-444.719796,27.887988000000004,1944,54,139374,27.844599999999996,-444.7314,1.2729824312962266,0.9204078962508427,3.5
111,13.906299999999998,-222.3306,3,43732.17464722128,0.4978417986214508,0.47940215722385926,0.1378176717700123,0.31706520190851983,0.07039775141109643,0.07037026050084211,0.0,0.244120713960318,0.10785282060562651,0.0,0.028734139012669545,0.0746170797970785,0.6915025844266206,0.22005958464559663,0.6314790389470043,0.08985919199227685,0.035058676478596756,0.0,0.03903397193583478,0.13400634481894155,0.5763322348686489,0.06788177648187911,0.19042766597007443,0.02846203186876193,0.19158408020202494,0.03370838211359651,0.043251046056903455,0.360039234775065,0.4300857145533992,0.26103346795985055,0.09329981664541734,0.03225828844048055,0.0,0.6563366297666439,0.2534968741149186,0.012103456360131359,0.0,0.2013066829645735,0.0,0.0,0.0,0.0,0.0,0.0,0.0,0.0,0.7469998372256523,0.46075420050457894,0.0,0.20515040493926187,0.03860963248030178,172,1572,-222.348168,13.894173000000002,1152,48,43911,13.906299999999998,-222.3306,0.5252746513505155,0.9778469224401487,3.0
112,23.246499999999997,-370.6127,5,57758.44741836056,0.493520447715028,0.46298426100977447,0.1320191735384447,0.3294986008979027,0.07564155364058833,0.0754257327522669,0.0,0.2537127898954508,0.11687101810765657,0.0,0.028305161032882855,0.08454102123288572,0.6825088132414538,0.23244671297399644,0.627864847652022,0.09073659648532262,0.030728855030949975,0.0,0.041234521806566296,0.12959350945769618,0.5742307443269696,0.06416702660526862,0.1933752497244769,0.03022869818849113,0.20300635995022467,0.036925528129024304,0.04670357510898408,0.3770581632580935,0.4581350420960697,0.28340943383857203,0.0965895318829931,0.03157103300223333,0.0,0.673839081220382,0.24009310119304939,0.02094436042684248,0.0,0.19811877122835517,0.0,0.0,0.0,0.0,0.0,0.0,0.0,0.0,0.7386955003142592,0.4628066635400901,0.0,0.20115715235605333,0.048837322059949465,218,2640,-370.67421,23.32378,1585,45,66425,23.246499999999997,-370.6127,0.9235706301360902,0.8996435321800504,4.0
113,13.906299999999998,-222.38350000000003,3,82843.0056435345,0.48718486234058117,0.471642277571115,0.135371587919562,0.32267864346019137,0.07212880181275591,0.07228516886054719,0.0,0.24653132494143695,0.11244151718300664,0.0,0.028766101737007985,0.0753407441407605,0.6947868146718852,0.22535778226009873,0.6283858625557839,0.0913179106687959,0.03116589783763436,0.0,0.0348314059429508,0.13270233773500506,0.5768858924713908,0.06614501857111241,0.1929175576111739,0.028834102162365646,0.19721893658805373,0.03458054890763008,0.04510186744044156,0.3679060528949545,0.44401001650072963,0.27045531420924235,0.09315845112981694,0.03187541588526699,0.0,0.66467678732709,0.24986251512134028,0.017782546444288803,0.0,0.20236081412960868,0.0,0.0,0.0,0.0,0.0,0.0,0.0,0.0,0.7414048494392805,0.4645902647544497,0.0,0.20506163038600572,0.044526904790913785,113,1596,-222.38424899999995,13.937229000000002,1164,24,14376,13.906299999999998,-222.38350000000003,0.8494007905408557,0.9273565775899357,3.25
114,18.6804,-296.4936,4,48569.394563552836,0.4936720402921628,0.4848704470275108,0.12861993617576134,0.3330430896777853,0.07641004042860534,0.0762976330896578,0.0,0.25078161586497183,0.11539072894312215,0.0,0.0269784010275573,0.09144942017292224,0.6661438836665069,0.23383319141226241,0.6189369466738005,0.08687169681107788,0.029182662310028914,0.0,0.04471968884842215,0.12459900897268651,0.5682915844086941,0.06267182296707755,0.19150143098769404,0.03127351915216369,0.21153943256597876,0.037708894664632835,0.046996670289593714,0.3850460509506019,0.4623569264340316,0.29196860674517305,0.1004154504159472,0.03202674468680095,0.0,0.6739716837142793,0.2340223963809634,0.021258775277510498,0.0,0.1912885234940524,0.0,0.0,0.0,0.0,0.0,0.0,0.0,0.0,0.7333127433961232,0.4548012595128056,0.0,0.19539370784245552,0.05168624035559765,172,2142,-296.483208,18.643852,1284,36,46056,18.6804,-296.4936,0.782039237381161,0.8719326264806047,3.8
115,14.0503,-222.3745,3,53277.80865715294,0.4985463941853078,0.46287125224499004,0.13924112635885139,0.3216504288458908,0.07405433792039216,0.07403711974760104,0.0,0.25515302147369273,0.10709169560808397,0.0,0.02927929284890078,0.07353180994717005,0.6774294038871485,0.21879521871372976,0.6160846779043575,0.08665048532672966,0.03126124702698769,0.0,0.044486967578724924,0.1275393758870358,0.5738248478787956,0.06611225832633703,0.1998246061941499,0.031097114970041802,0.19667246168830818,0.034683923951319855,0.04582589084696178,0.37064636254005673,0.452401286973139,0.27115852407362634,0.09994243489945942,0.03281713053546057,0.0,0.666849708126773,0.24494860241711827,0.018867046695977878,0.0,0.2002133754190926,0.0,0.0,0.0,0.0,0.0,0.0,0.0,0.0,0.7489934017847982,0.4702261233456436,0.0,0.19963757160795448,0.047966854238738824,122,1617,-222.38571599999997,14.017539,2994,27,14919,14.0503,-222.3745,0.786796241856116,0.9694503442534851,3.2
116,28.1166,-444.7404,6,146700.53009885634,0.49362359205841944,0.4957341113394321,0.1390626356196738,0.3128188200218024,0.06892696183121987,0.06872257137413774,0.0,0.24461217709688599,0.1058877971105241,0.0,0.028613422955921737,0.06781097933226644,0.6917284121500641,0.21170825012803646,0.6162863664545419,0.08387285873934727,0.03005675361060097,0.0,0.03370461379977747,0.12559627437942225,0.5666680422752031,0.06694531276885139,0.1852539211820135,0.028341951768271333,0.18948442044246624,0.033436943459654346,0.04286552691819104,0.35304608728724607,0.42954250531508437,0.2541639505219087,0.09363539335146262,0.031176563576845968,0.0,0.6444329412659975,0.251060222337419,0.015332620218986168,0.0005652858284546919,0.20084471008395205,0.0,0.0,0.005057897291470805,0.0006460409468053622,0.0,0.0,0.0,0.0,0.7390294131880145,0.44167508125630317,0.0,0.2000638896320344,0.03898899425088734,264,3261,-444.749598,28.190993999999996,1182,60,87084,28.1166,-444.7404,0.9161551807135301,0.8691900151389267,2.6666666666666665
