,upz_id,x_coord,y_coord,zat_id,upz_name,local_name,local_id,population,median_income,circle_id,lat,lon,overlap_wrt_circle,overlap_wrt_upz
0,1,-74.036631,4.796238,959,PASEO DE LOS LIBERTADORES,USAQUEN,1,0,0,156,4.774,-74.0218,0.15065259925167543,0.07576187752833093
1,1,-74.036631,4.796238,959,PASEO DE LOS LIBERTADORES,USAQUEN,1,0,0,140,4.774,-74.0395,0.5072613971811339,0.2550973301422126
2,1,-74.036631,4.796238,959,PASEO DE LOS LIBERTADORES,USAQUEN,1,0,0,159,4.822,-74.0308,0.21251290099529868,0.10687088346547116
3,1,-74.036631,4.796238,959,PASEO DE LOS LIBERTADORES,USAQUEN,1,0,0,142,4.806,-74.0395,0.2592592347660902,0.13037920679764758
4,1,-74.036631,4.796238,959,PASEO DE LOS LIBERTADORES,USAQUEN,1,0,0,141,4.79,-74.0485,0.00530043011146583,0.0026655400500691043
5,1,-74.036631,4.796238,959,PASEO DE LOS LIBERTADORES,USAQUEN,1,0,0,158,4.806,-74.0218,0.10929640447945839,0.05496420806272651
6,1,-74.036631,4.796238,959,PASEO DE LOS LIBERTADORES,USAQUEN,1,0,0,157,4.79,-74.0308,0.5842900034145109,0.2938343440445215
7,2,-74.052473,4.774961,8,LA ACADEMIA,SUBA,11,0,0,123,4.806,-74.0571,0.037412736403488314,0.01661437056301532
8,2,-74.052473,4.774961,8,LA ACADEMIA,SUBA,11,0,0,142,4.806,-74.0395,0.18874765887556808,0.08381967877569912
9,2,-74.052473,4.774961,8,LA ACADEMIA,SUBA,11,0,0,121,4.774,-74.0571,0.6060950212496273,0.26915666287647033
10,2,-74.052473,4.774961,8,LA ACADEMIA,SUBA,11,0,0,141,4.79,-74.0485,0.9404754496385679,0.4176494190961324
11,2,-74.052473,4.774961,8,LA ACADEMIA,SUBA,11,0,0,157,4.79,-74.0308,0.0014908370112458216,0.0006620557846067325
12,2,-74.052473,4.774961,8,LA ACADEMIA,SUBA,11,0,0,140,4.774,-74.0395,0.2673629917737488,0.11873143338831817
13,3,-74.045132,4.81758,960,GUAYMARAL,SUBA,11,24896,6,143,4.822,-74.0485,0.7736337516169562,0.5206026679942946
14,3,-74.045132,4.81758,960,GUAYMARAL,SUBA,11,24896,6,123,4.806,-74.0571,0.06376248483869731,0.04290779668750432
15,3,-74.045132,4.81758,960,GUAYMARAL,SUBA,11,24896,6,124,4.822,-74.0661,0.008830655809617274,0.005942428138660476
16,3,-74.045132,4.81758,960,GUAYMARAL,SUBA,11,24896,6,142,4.806,-74.0395,0.31447986542132933,0.21162346734051463
17,3,-74.045132,4.81758,960,GUAYMARAL,SUBA,11,24896,6,159,4.822,-74.0308,0.1621371266100348,0.10910721063770973
18,9,-74.035295,4.768271,956,VERBENAL,USAQUEN,1,0,0,169,4.758,-74.0131,0.03569672172723331,0.030157394492130344
19,9,-74.035295,4.768271,956,VERBENAL,USAQUEN,1,0,0,156,4.774,-74.0218,0.07534267272410405,0.06365118681749542
20,9,-74.035295,4.768271,956,VERBENAL,USAQUEN,1,0,0,140,4.774,-74.0395,0.21062522551761415,0.17794093430945757
21,9,-74.035295,4.768271,956,VERBENAL,USAQUEN,1,0,0,155,4.758,-74.0308,0.6111635347448329,0.5163247190411747
22,9,-74.035295,4.768271,956,VERBENAL,USAQUEN,1,0,0,139,4.758,-74.0485,0.11854905903006516,0.10015291508163976
23,10,-74.022023,4.749473,20,LA URIBE,USAQUEN,1,0,0,138,4.742,-74.0395,0.0503790738572427,0.046603899676517055
24,10,-74.022023,4.749473,20,LA URIBE,USAQUEN,1,0,0,139,4.758,-74.0485,0.1572482693206645,0.14546481319788346
25,10,-74.022023,4.749473,20,LA URIBE,USAQUEN,1,0,0,154,4.742,-74.0218,0.2977909623954329,0.2754758885678687
26,10,-74.022023,4.749473,20,LA URIBE,USAQUEN,1,0,0,155,4.758,-74.0308,0.38883646525517124,0.3596988636328081
27,10,-74.022023,4.749473,20,LA URIBE,USAQUEN,1,0,0,169,4.758,-74.0131,0.025769431130671556,0.023838389457849836
28,11,-74.019159,4.742643,57,SAN CRISTOBAL NORTE,USAQUEN,1,6416,1,153,4.726,-74.0308,0.1593762234379416,0.1765609391885463
29,11,-74.019159,4.742643,57,SAN CRISTOBAL NORTE,USAQUEN,1,6416,1,154,4.742,-74.0218,0.4995848511005188,0.5534525076070963
30,11,-74.019159,4.742643,57,SAN CRISTOBAL NORTE,USAQUEN,1,6416,1,168,4.726,-74.0131,0.14897815701417647,0.16504170291903003
31,11,-74.019159,4.742643,57,SAN CRISTOBAL NORTE,USAQUEN,1,6416,1,138,4.742,-74.0395,0.021713754993250067,0.024055037145556627
32,12,-74.043239,4.738599,51,TOBERIN,USAQUEN,1,8509,4,119,4.742,-74.0571,0.00044311613169069775,0.00047461036625789905
33,12,-74.043239,4.738599,51,TOBERIN,USAQUEN,1,8509,4,153,4.726,-74.0308,0.035672597353033034,0.03820800752727141
34,12,-74.043239,4.738599,51,TOBERIN,USAQUEN,1,8509,4,138,4.742,-74.0395,0.8461104414825438,0.9062472742630077
35,12,-74.043239,4.738599,51,TOBERIN,USAQUEN,1,8509,4,139,4.758,-74.0485,0.017711237103480947,0.018970053508300312
36,13,-74.024598,4.720698,83,LOS CEDROS,USAQUEN,1,10614,6,137,4.726,-74.0485,0.6265297643646992,0.29369450484086185
37,13,-74.024598,4.720698,83,LOS CEDROS,USAQUEN,1,10614,6,152,4.7101,-74.0218,0.16398261958801622,0.0768691241847781
38,13,-74.024598,4.720698,83,LOS CEDROS,USAQUEN,1,10614,6,138,4.742,-74.0395,0.07204232766315996,0.03377083891947181
39,13,-74.024598,4.720698,83,LOS CEDROS,USAQUEN,1,10614,6,153,4.726,-74.0308,0.8037074061306457,0.37674897843013466
40,13,-74.024598,4.720698,83,LOS CEDROS,USAQUEN,1,10614,6,136,4.7101,-74.0395,0.18935918795788834,0.08876474208811454
41,13,-74.024598,4.720698,83,LOS CEDROS,USAQUEN,1,10614,6,168,4.726,-74.0131,0.05238416662790976,0.024555803657445512
42,14,-74.026938,4.708727,85,USAQUEN,USAQUEN,1,4626,6,136,4.7101,-74.0395,0.05665761312020179,0.03415471395194488
43,14,-74.026938,4.708727,85,USAQUEN,USAQUEN,1,4626,6,134,4.6781,-74.0395,0.3718606920486519,0.22416750137265112
44,14,-74.026938,4.708727,85,USAQUEN,USAQUEN,1,4626,6,151,4.6941,-74.0308,0.6758467175224411,0.40741835105844393
45,14,-74.026938,4.708727,85,USAQUEN,USAQUEN,1,4626,6,150,4.6781,-74.0218,0.11745603028971761,0.07080561455995892
46,14,-74.026938,4.708727,85,USAQUEN,USAQUEN,1,4626,6,135,4.6941,-74.0485,0.015883890623288464,0.009575231126158405
47,14,-74.026938,4.708727,85,USAQUEN,USAQUEN,1,4626,6,152,4.7101,-74.0218,0.2328489776158672,0.1403675479162938
48,15,-74.040945,4.709722,87,COUNTRY CLUB,USAQUEN,1,38818,6,137,4.726,-74.0485,0.02499467258656637,0.02763409916814794
49,15,-74.040945,4.709722,87,COUNTRY CLUB,USAQUEN,1,38818,6,117,4.7101,-74.0571,0.1811723661306697,0.20030408939518354
50,15,-74.040945,4.709722,87,COUNTRY CLUB,USAQUEN,1,38818,6,136,4.7101,-74.0395,0.6425298678617373,0.7103807431560929
51,16,-74.046167,4.700934,852,SANTA BARBARA,USAQUEN,1,10824,6,117,4.7101,-74.0571,0.06391189926795929,0.04348070703472395
52,16,-74.046167,4.700934,852,SANTA BARBARA,USAQUEN,1,10824,6,135,4.6941,-74.0485,0.9383811461194165,0.6384018652029276
53,16,-74.046167,4.700934,852,SANTA BARBARA,USAQUEN,1,10824,6,115,4.6781,-74.0571,0.007452040626272445,0.00506979136894861
54,16,-74.046167,4.700934,852,SANTA BARBARA,USAQUEN,1,10824,6,136,4.7101,-74.0395,0.11145333106017927,0.07582421569970799
55,16,-74.046167,4.700934,852,SANTA BARBARA,USAQUEN,1,10824,6,151,4.6941,-74.0308,0.21462533223060037,0.14601445583432124
56,17,-74.065961,4.766514,855,SAN JOSE DE BAVARIA,SUBA,11,11957,5,120,4.758,-74.0661,0.37048061882536565,0.2522798444483511
57,17,-74.065961,4.766514,855,SAN JOSE DE BAVARIA,SUBA,11,11957,5,140,4.774,-74.0395,0.014698224846570589,0.01000879854313674
58,17,-74.065961,4.766514,855,SAN JOSE DE BAVARIA,SUBA,11,11957,5,121,4.774,-74.0571,0.27373357384961533,0.18639966552102952
59,17,-74.065961,4.766514,855,SAN JOSE DE BAVARIA,SUBA,11,11957,5,139,4.758,-74.0485,0.6189802208016073,0.42149636414325703
60,17,-74.065961,4.766514,855,SAN JOSE DE BAVARIA,SUBA,11,11957,5,101,4.774,-74.0748,0.03366246833926638,0.022922554770350163
61,18,-74.062228,4.748485,46,BRITALIA,SUBA,11,13497,3,120,4.758,-74.0661,0.20231177557633448,0.19385655096571536
62,18,-74.062228,4.748485,46,BRITALIA,SUBA,11,13497,3,119,4.742,-74.0571,0.6415899835975551,0.6147759862225287
63,18,-74.062228,4.748485,46,BRITALIA,SUBA,11,13497,3,139,4.758,-74.0485,0.08751121374416332,0.08385385387943504
64,18,-74.062228,4.748485,46,BRITALIA,SUBA,11,13497,3,138,4.742,-74.0395,0.009754402003793338,0.009346735867458001
65,19,-74.056012,4.713462,89,EL PRADO,SUBA,11,17201,3,97,4.7101,-74.0748,0.083006482490142,0.05372317201563271
66,19,-74.056012,4.713462,89,EL PRADO,SUBA,11,17201,3,117,4.7101,-74.0571,0.5055866286105392,0.3272240504935693
67,19,-74.056012,4.713462,89,EL PRADO,SUBA,11,17201,3,118,4.726,-74.0661,0.18648617883532687,0.12069694755826016
68,19,-74.056012,4.713462,89,EL PRADO,SUBA,11,17201,3,119,4.742,-74.0571,0.25921456829753214,0.16776796731821697
69,19,-74.056012,4.713462,89,EL PRADO,SUBA,11,17201,3,137,4.726,-74.0485,0.34823920285161186,0.2253861871523807
70,20,-74.059796,4.705616,140,LA ALHAMBRA,SUBA,11,9537,5,135,4.6941,-74.0485,0.04363681816746655,0.04750678233861813
71,20,-74.059796,4.705616,140,LA ALHAMBRA,SUBA,11,9537,5,115,4.6781,-74.0571,0.0009693973954552188,0.0010553691355033124
72,20,-74.059796,4.705616,140,LA ALHAMBRA,SUBA,11,9537,5,116,4.6941,-74.0661,0.5491081695028728,0.5978062421695702
73,20,-74.059796,4.705616,140,LA ALHAMBRA,SUBA,11,9537,5,117,4.7101,-74.0571,0.23116836357240017,0.25166970446063
74,21,-74.061183,4.68313,167,LOS ANDES,BARRIOS UNIDOS,12,13835,5,116,4.6941,-74.0661,0.14607324890997342,0.16740797192884171
75,21,-74.061183,4.68313,167,LOS ANDES,BARRIOS UNIDOS,12,13835,5,115,4.6781,-74.0571,0.2566365325126118,0.2941195718681192
76,21,-74.061183,4.68313,167,LOS ANDES,BARRIOS UNIDOS,12,13835,5,95,4.6781,-74.0748,0.3940101200711489,0.45155725372551003
77,22,-74.081368,4.665259,218,DOCE DE OCTUBRE,BARRIOS UNIDOS,12,9722,4,74,4.6781,-74.0924,0.11407019608711218,0.08989686767989977
78,22,-74.081368,4.665259,218,DOCE DE OCTUBRE,BARRIOS UNIDOS,12,9722,4,73,4.6621,-74.1014,0.0006576717237840638,0.0005183003971052816
79,22,-74.081368,4.665259,218,DOCE DE OCTUBRE,BARRIOS UNIDOS,12,9722,4,94,4.6621,-74.0838,0.49859009677810884,0.3929307522390951
80,22,-74.081368,4.665259,218,DOCE DE OCTUBRE,BARRIOS UNIDOS,12,9722,4,95,4.6781,-74.0748,0.532367505048455,0.4195501787502092
81,23,-74.070127,4.755217,30,CASA BLANCA SUBA,SUBA,11,0,0,99,4.742,-74.0748,0.37581709771175226,0.33373530062843443
82,23,-74.070127,4.755217,30,CASA BLANCA SUBA,SUBA,11,0,0,119,4.742,-74.0571,0.09875233197323237,0.0876946243252707
83,23,-74.070127,4.755217,30,CASA BLANCA SUBA,SUBA,11,0,0,120,4.758,-74.0661,0.34993140879489626,0.31074813951936997
84,23,-74.070127,4.755217,30,CASA BLANCA SUBA,SUBA,11,0,0,100,4.758,-74.0838,1.790224464468843e-06,1.5897656159862467e-06
85,23,-74.070127,4.755217,30,CASA BLANCA SUBA,SUBA,11,0,0,118,4.726,-74.0661,0.18111295735225286,0.16083298933892218
86,24,-74.078605,4.721481,97,NIZA,SUBA,11,24921,6,98,4.726,-74.0838,0.4481933679798848,0.19770387576567108
87,24,-74.078605,4.721481,97,NIZA,SUBA,11,24921,6,76,4.7101,-74.0924,0.0870899131155532,0.03841648402930668
88,24,-74.078605,4.721481,97,NIZA,SUBA,11,24921,6,99,4.742,-74.0748,0.0002890048192317068,0.0001274837535740376
89,24,-74.078605,4.721481,97,NIZA,SUBA,11,24921,6,118,4.726,-74.0661,0.6323163029821504,0.27892287735726173
90,24,-74.078605,4.721481,97,NIZA,SUBA,11,24921,6,117,4.7101,-74.0571,0.018032202649285567,0.007954237182098953
91,24,-74.078605,4.721481,97,NIZA,SUBA,11,24921,6,116,4.6941,-74.0661,0.0131120566762596,0.005783897329493751
92,24,-74.078605,4.721481,97,NIZA,SUBA,11,24921,6,97,4.7101,-74.0748,0.8847187726691019,0.3902608624212826
93,24,-74.078605,4.721481,97,NIZA,SUBA,11,24921,6,137,4.726,-74.0485,0.000236360197123852,0.00010426153171061827
94,25,-74.077721,4.695401,135,LA FLORESTA,SUBA,11,10384,4,97,4.7101,-74.0748,0.02811805971892401,0.03632999297828058
95,25,-74.077721,4.695401,135,LA FLORESTA,SUBA,11,10384,4,116,4.6941,-74.0661,0.2915462797394688,0.3766929297987864
96,25,-74.077721,4.695401,135,LA FLORESTA,SUBA,11,10384,4,95,4.6781,-74.0748,0.010575800940372764,0.013664483884883734
97,25,-74.077721,4.695401,135,LA FLORESTA,SUBA,11,10384,4,96,4.6941,-74.0838,0.34234547244963476,0.4423281241511396
98,26,-74.101519,4.673694,211,LAS FERIAS,ENGATIVA,10,4304,3,74,4.6781,-74.0924,0.8404659678727268,0.5512112666666025
99,26,-74.101519,4.673694,211,LAS FERIAS,ENGATIVA,10,4304,3,73,4.6621,-74.1014,0.039914153991896656,0.02617730190252136
100,26,-74.101519,4.673694,211,LAS FERIAS,ENGATIVA,10,4304,3,53,4.6781,-74.1101,0.03336753722294813,0.021883768244369252
101,26,-74.101519,4.673694,211,LAS FERIAS,ENGATIVA,10,4304,3,96,4.6941,-74.0838,0.3951746053008469,0.25917134431234945
102,26,-74.101519,4.673694,211,LAS FERIAS,ENGATIVA,10,4304,3,95,4.6781,-74.0748,0.04381695696970162,0.0287369165153427
103,27,-74.102942,4.756463,38,SUBA,SUBA,11,5776,3,78,4.742,-74.0924,0.3880161384307175,0.19914403262612396
104,27,-74.102942,4.756463,38,SUBA,SUBA,11,5776,3,120,4.758,-74.0661,0.03337662941195058,0.017130103411279508
105,27,-74.102942,4.756463,38,SUBA,SUBA,11,5776,3,100,4.758,-74.0838,0.524355671813118,0.26911845326219574
106,27,-74.102942,4.756463,38,SUBA,SUBA,11,5776,3,99,4.742,-74.0748,0.3868533020324908,0.19854722257960405
107,27,-74.102942,4.756463,38,SUBA,SUBA,11,5776,3,79,4.758,-74.1014,0.45892422357573326,0.235536647837144
108,28,-74.08082,4.73881,836,EL RINCON,SUBA,11,10116,2,96,4.6941,-74.0838,0.14376188176910246,0.04659453141045098
109,28,-74.08082,4.73881,836,EL RINCON,SUBA,11,10116,2,78,4.742,-74.0924,0.6120597883913798,0.19837413564939435
110,28,-74.08082,4.73881,836,EL RINCON,SUBA,11,10116,2,79,4.758,-74.1014,0.016014924677612345,0.005190582522601559
111,28,-74.08082,4.73881,836,EL RINCON,SUBA,11,10116,2,99,4.742,-74.0748,0.16657918633727675,0.05398982702929367
112,28,-74.08082,4.73881,836,EL RINCON,SUBA,11,10116,2,57,4.742,-74.1101,0.2575430296976385,0.08347203472240865
113,28,-74.08082,4.73881,836,EL RINCON,SUBA,11,10116,2,77,4.726,-74.1014,0.6513224693380973,0.21109952709612437
114,28,-74.08082,4.73881,836,EL RINCON,SUBA,11,10116,2,98,4.726,-74.0838,0.5518066320201146,0.17884554049905518
115,28,-74.08082,4.73881,836,EL RINCON,SUBA,11,10116,2,76,4.7101,-74.0924,0.37606618729728564,0.12188646643186823
116,28,-74.08082,4.73881,836,EL RINCON,SUBA,11,10116,2,97,4.7101,-74.0748,0.004156685121812164,0.0013472193956302046
117,29,-74.102209,4.713807,122,MINUTO DE DIOS,ENGATIVA,10,8667,2,77,4.726,-74.1014,0.08538109211509227,0.07240659550015248
118,29,-74.102209,4.713807,122,MINUTO DE DIOS,ENGATIVA,10,8667,2,75,4.6941,-74.1014,0.047737888761757254,0.04048364709301771
119,29,-74.102209,4.713807,122,MINUTO DE DIOS,ENGATIVA,10,8667,2,55,4.7101,-74.1101,0.2780431908755075,0.23579179364626474
120,29,-74.102209,4.713807,122,MINUTO DE DIOS,ENGATIVA,10,8667,2,76,4.7101,-74.0924,0.5368438995871636,0.4552651895308943
121,29,-74.102209,4.713807,122,MINUTO DE DIOS,ENGATIVA,10,8667,2,96,4.6941,-74.0838,0.08154783519280973,0.0691558396648238
122,30,-74.106333,4.703251,185,BOYACA REAL,ENGATIVA,10,8118,3,75,4.6941,-74.1014,0.9431973651011144,0.597656517741152
123,30,-74.106333,4.703251,185,BOYACA REAL,ENGATIVA,10,8118,3,53,4.6781,-74.1101,0.0001371042934582681,8.687606393688888e-05
124,30,-74.106333,4.703251,185,BOYACA REAL,ENGATIVA,10,8118,3,96,4.6941,-74.0838,0.03717020528761969,0.023552881165588294
125,30,-74.106333,4.703251,185,BOYACA REAL,ENGATIVA,10,8118,3,55,4.7101,-74.1101,0.1302820310883334,0.08255314094961508
126,30,-74.106333,4.703251,185,BOYACA REAL,ENGATIVA,10,8118,3,74,4.6781,-74.0924,0.033975208418156586,0.0215283730680784
127,30,-74.106333,4.703251,185,BOYACA REAL,ENGATIVA,10,8118,3,54,4.6941,-74.1191,0.18357276959416574,0.11632078956877305
128,30,-74.106333,4.703251,185,BOYACA REAL,ENGATIVA,10,8118,3,172,4.6141,-74.1983,0.0921746326727304,0.05840640784799918
129,30,-74.106333,4.703251,185,BOYACA REAL,ENGATIVA,10,8118,3,178,4.6141,-74.1807,0.03283363213232138,0.020805013850832273
130,31,-74.108515,4.683302,204,SANTA CECILIA,ENGATIVA,10,12422,3,74,4.6781,-74.0924,0.011101402920444,0.014834586351620785
131,31,-74.108515,4.683302,204,SANTA CECILIA,ENGATIVA,10,12422,3,53,4.6781,-74.1101,0.6737468788717051,0.9003147012483681
132,31,-74.108515,4.683302,204,SANTA CECILIA,ENGATIVA,10,12422,3,52,4.6621,-74.1191,0.002573886884663671,0.003439434414143427
133,31,-74.108515,4.683302,204,SANTA CECILIA,ENGATIVA,10,12422,3,75,4.6941,-74.1014,0.009064746137133345,0.012113041954290887
134,32,-74.071676,4.573171,493,SAN BLAS,SAN CRISTOBAL,4,5760,2,89,4.5821000000000005,-74.0748,0.07550446645751191,0.04080666662646207
135,32,-74.071676,4.573171,493,SAN BLAS,SAN CRISTOBAL,4,5760,2,88,4.5661000000000005,-74.0838,0.6225273099420362,0.33644717451209183
136,32,-74.071676,4.573171,493,SAN BLAS,SAN CRISTOBAL,4,5760,2,108,4.5661000000000005,-74.0661,0.26828325388178553,0.1449946713917521
137,32,-74.071676,4.573171,493,SAN BLAS,SAN CRISTOBAL,4,5760,2,87,4.5501000000000005,-74.0748,0.19309045178027012,0.10435644491288919
138,32,-74.071676,4.573171,493,SAN BLAS,SAN CRISTOBAL,4,5760,2,66,4.5501000000000005,-74.0924,0.258824863920077,0.13988284974597293
139,32,-74.071676,4.573171,493,SAN BLAS,SAN CRISTOBAL,4,5760,2,45,4.5501000000000005,-74.1101,0.0327112373622836,0.017678908554806097
140,32,-74.071676,4.573171,493,SAN BLAS,SAN CRISTOBAL,4,5760,2,63,4.5021,-74.1014,0.0010617704608593184,0.0005738377511016843
141,32,-74.071676,4.573171,493,SAN BLAS,SAN CRISTOBAL,4,5760,2,84,4.5021,-74.0838,0.2596173122391825,0.14031113135491108
142,33,-74.079163,4.579714,471,SOSIEGO,SAN CRISTOBAL,4,0,0,88,4.5661000000000005,-74.0838,0.17938077438834504,0.24585703064350337
143,33,-74.079163,4.579714,471,SOSIEGO,SAN CRISTOBAL,4,0,0,89,4.5821000000000005,-74.0748,0.20034375572226662,0.27458862889736846
144,33,-74.079163,4.579714,471,SOSIEGO,SAN CRISTOBAL,4,0,0,68,4.5821000000000005,-74.0924,0.2692878031170849,0.36908247212461853
145,34,-74.096252,4.570469,593,20 DE JULIO,SAN CRISTOBAL,4,10842,3,66,4.5501000000000005,-74.0924,0.07689003395991052,0.0983318548559408
146,34,-74.096252,4.570469,593,20 DE JULIO,SAN CRISTOBAL,4,10842,3,88,4.5661000000000005,-74.0838,0.1283918608425658,0.1641956593703398
147,34,-74.096252,4.570469,593,20 DE JULIO,SAN CRISTOBAL,4,10842,3,68,4.5821000000000005,-74.0924,0.02007939659660064,0.025678806602702966
148,34,-74.096252,4.570469,593,20 DE JULIO,SAN CRISTOBAL,4,10842,3,67,4.5661000000000005,-74.1014,0.48202171035712743,0.6164399522175025
149,35,-74.085484,4.586029,463,CIUDAD JARDIN,ANTONIO NARI?O,15,3188,3,47,4.5821000000000005,-74.1101,0.05286356101512948,0.08362884965391645
150,35,-74.085484,4.586029,463,CIUDAD JARDIN,ANTONIO NARI?O,15,3188,3,68,4.5821000000000005,-74.0924,0.5138437646250418,0.8128881617553437
151,35,-74.085484,4.586029,463,CIUDAD JARDIN,ANTONIO NARI?O,15,3188,3,90,4.5981000000000005,-74.0838,0.013561982322462675,0.02145472152982099
152,36,-74.105022,4.572471,975,SAN JOSE,RAFAEL URIBE URIBE,18,0,0,68,4.5821000000000005,-74.0924,0.059811027679109605,0.0986292322978778
153,36,-74.105022,4.572471,975,SAN JOSE,RAFAEL URIBE URIBE,18,0,0,47,4.5821000000000005,-74.1101,0.14564829163714196,0.24017609706923831
154,36,-74.105022,4.572471,975,SAN JOSE,RAFAEL URIBE URIBE,18,0,0,67,4.5661000000000005,-74.1014,0.31614677674903957,0.5213305153607507
155,37,-74.090228,4.594903,446,SANTA ISABEL,LOS MARTIRES,14,8199,3,69,4.5981000000000005,-74.1014,0.48109624795171396,0.5777215211053073
156,37,-74.090228,4.594903,446,SANTA ISABEL,LOS MARTIRES,14,8199,3,90,4.5981000000000005,-74.0838,0.18142487070935767,0.21786295927018653
157,37,-74.090228,4.594903,446,SANTA ISABEL,LOS MARTIRES,14,8199,3,68,4.5821000000000005,-74.0924,0.11022632746587338,0.13236461901450422
158,38,-74.10425,4.589331,502,RESTREPO,ANTONIO NARI?O,15,11041,3,28,4.5821000000000005,-74.1277,0.010178850983738687,0.012246701974366494
159,38,-74.10425,4.589331,502,RESTREPO,ANTONIO NARI?O,15,11041,3,48,4.5981000000000005,-74.1191,0.27563570795472997,0.33163157356442907
160,38,-74.10425,4.589331,502,RESTREPO,ANTONIO NARI?O,15,11041,3,47,4.5821000000000005,-74.1101,0.14633874789166362,0.1760677148721648
161,38,-74.10425,4.589331,502,RESTREPO,ANTONIO NARI?O,15,11041,3,29,4.5981000000000005,-74.1367,0.0038579542378569644,0.004641704241201553
162,38,-74.10425,4.589331,502,RESTREPO,ANTONIO NARI?O,15,11041,3,69,4.5981000000000005,-74.1014,0.2800984639484243,0.33700094607281983
163,39,-74.129806,4.578749,987,QUIROGA,RAFAEL URIBE URIBE,18,2194,3,47,4.5821000000000005,-74.1101,0.5606825985331484,0.4496724889679872
164,39,-74.129806,4.578749,987,QUIROGA,RAFAEL URIBE URIBE,18,2194,3,28,4.5821000000000005,-74.1277,0.57920445735556,0.46452718640068297
165,39,-74.129806,4.578749,987,QUIROGA,RAFAEL URIBE URIBE,18,2194,3,46,4.5661000000000005,-74.1191,0.025467564205331736,0.020425215646293113
166,40,-74.102363,4.607041,432,CIUDAD MONTES,PUENTE ARANDA,16,7363,3,48,4.5981000000000005,-74.1191,0.33338070297883515,0.2549628127139304
167,40,-74.102363,4.607041,432,CIUDAD MONTES,PUENTE ARANDA,16,7363,3,30,4.6141,-74.1277,0.11940183112760161,0.09131610328813698
168,40,-74.102363,4.607041,432,CIUDAD MONTES,PUENTE ARANDA,16,7363,3,69,4.5981000000000005,-74.1014,0.2342395489931392,0.17914166514888166
169,40,-74.102363,4.607041,432,CIUDAD MONTES,PUENTE ARANDA,16,7363,3,49,4.6141,-74.1101,0.5031103460869096,0.38476860777374083
170,41,-74.133614,4.599199,513,MUZU,PUENTE ARANDA,16,8218,3,30,4.6141,-74.1277,0.005344261615500018,0.007456632303863784
171,41,-74.133614,4.599199,513,MUZU,PUENTE ARANDA,16,8218,3,29,4.5981000000000005,-74.1367,0.2808174564784476,0.3918132509443292
172,41,-74.133614,4.599199,513,MUZU,PUENTE ARANDA,16,8218,3,48,4.5981000000000005,-74.1191,0.3895798184170896,0.5435649801493607
173,42,-74.14056,4.57134,630,VENECIA,TUNJUELITO,6,0,0,46,4.5661000000000005,-74.1191,0.00046691066183806494,0.0002450499500831055
174,42,-74.14056,4.57134,630,VENECIA,TUNJUELITO,6,0,0,29,4.5981000000000005,-74.1367,0.2518274749342103,0.1321672756823558
175,42,-74.14056,4.57134,630,VENECIA,TUNJUELITO,6,0,0,28,4.5821000000000005,-74.1277,0.4089916896341574,0.21465218364196392
176,42,-74.14056,4.57134,630,VENECIA,TUNJUELITO,6,0,0,26,4.5661000000000005,-74.1367,0.2818627449012019,0.14793076537687158
177,42,-74.14056,4.57134,630,VENECIA,TUNJUELITO,6,0,0,8,4.5821000000000005,-74.1454,0.7516340859883758,0.39448209327053785
178,43,-74.121241,4.625978,381,SAN RAFAEL,PUENTE ARANDA,16,0,0,48,4.5981000000000005,-74.1191,0.0014398015896214308,0.0013651919226876231
179,43,-74.121241,4.625978,381,SAN RAFAEL,PUENTE ARANDA,16,0,0,30,4.6141,-74.1277,0.2165778092518701,0.20535487525178717
180,43,-74.121241,4.625978,381,SAN RAFAEL,PUENTE ARANDA,16,0,0,49,4.6141,-74.1101,0.3500884457059864,0.33194706947763686
181,43,-74.121241,4.625978,381,SAN RAFAEL,PUENTE ARANDA,16,0,0,50,4.6301,-74.1191,0.3158667609833878,0.2994987322200443
182,43,-74.121241,4.625978,381,SAN RAFAEL,PUENTE ARANDA,16,0,0,71,4.6301,-74.1014,0.035640458920972416,0.03379359141601226
183,44,-74.132107,4.627542,421,AMERICAS,KENNEDY,8,11738,3,10,4.6141,-74.1454,0.06606530192462862,0.055435978889112905
184,44,-74.132107,4.627542,421,AMERICAS,KENNEDY,8,11738,3,29,4.5981000000000005,-74.1367,0.009437490207015752,0.007919081463961326
185,44,-74.132107,4.627542,421,AMERICAS,KENNEDY,8,11738,3,30,4.6141,-74.1277,0.3203770461007347,0.26883121164660473
186,44,-74.132107,4.627542,421,AMERICAS,KENNEDY,8,11738,3,50,4.6301,-74.1191,0.08257598395151489,0.069290238139022
187,44,-74.132107,4.627542,421,AMERICAS,KENNEDY,8,11738,3,11,4.6301,-74.1544,0.03952773445010679,0.033168071418344595
188,44,-74.132107,4.627542,421,AMERICAS,KENNEDY,8,11738,3,31,4.6301,-74.1367,0.5266677502963782,0.44193156523095295
189,45,-74.144446,4.613912,520,CARVAJAL,KENNEDY,8,17830,3,29,4.5981000000000005,-74.1367,0.4540596241424658,0.3273645592063793
190,45,-74.144446,4.613912,520,CARVAJAL,KENNEDY,8,17830,3,9,4.5981000000000005,-74.1544,0.13709823617184458,0.09884407524040517
191,45,-74.144446,4.613912,520,CARVAJAL,KENNEDY,8,17830,3,30,4.6141,-74.1277,0.11644665342888162,0.08395484941608275
192,45,-74.144446,4.613912,520,CARVAJAL,KENNEDY,8,17830,3,10,4.6141,-74.1454,0.5846833943272725,0.4215407217074691
193,46,-74.134981,4.647871,391,CASTILLA,KENNEDY,8,10823,3,32,4.6461,-74.1277,0.18215553456626432,0.11447528880588007
194,46,-74.134981,4.647871,391,CASTILLA,KENNEDY,8,10823,3,12,4.6461,-74.1454,0.7236408529707132,0.45477067623998396
195,46,-74.134981,4.647871,391,CASTILLA,KENNEDY,8,10823,3,31,4.6301,-74.1367,0.2103167608912785,0.13217315631432525
196,46,-74.134981,4.647871,391,CASTILLA,KENNEDY,8,10823,3,33,4.6621,-74.1367,0.07257478134768698,0.04560947914419688
197,46,-74.134981,4.647871,391,CASTILLA,KENNEDY,8,10823,3,192,4.6461,-74.163,0.0007628538493278246,0.000479414006971674
198,46,-74.134981,4.647871,391,CASTILLA,KENNEDY,8,10823,3,11,4.6301,-74.1544,0.2061286277759888,0.12954113226371455
199,47,-74.153481,4.627983,417,KENNEDY CENTRAL,KENNEDY,8,13166,3,190,4.6141,-74.163,0.38746451161008666,0.35828879119232293
200,47,-74.153481,4.627983,417,KENNEDY CENTRAL,KENNEDY,8,13166,3,10,4.6141,-74.1454,0.16292502869477485,0.1506569242779286
201,47,-74.153481,4.627983,417,KENNEDY CENTRAL,KENNEDY,8,13166,3,178,4.6141,-74.1807,0.02324078068293237,0.021490771329357942
202,47,-74.153481,4.627983,417,KENNEDY CENTRAL,KENNEDY,8,13166,3,11,4.6301,-74.1544,0.42171541777111227,0.38996063570443357
203,48,-74.175802,4.605402,545,TIMIZA,KENNEDY,8,3133,2,189,4.5981000000000005,-74.172,0.1284633074043569,0.09703078349051165
204,48,-74.175802,4.605402,545,TIMIZA,KENNEDY,8,3133,2,190,4.6141,-74.163,0.5447398150726309,0.4114523603895718
205,48,-74.175802,4.605402,545,TIMIZA,KENNEDY,8,3133,2,178,4.6141,-74.1807,0.13178122787572372,0.09953687203362051
206,48,-74.175802,4.605402,545,TIMIZA,KENNEDY,8,3133,2,10,4.6141,-74.1454,0.1798603968947831,0.13585198436999993
207,48,-74.175802,4.605402,545,TIMIZA,KENNEDY,8,3133,2,9,4.5981000000000005,-74.1544,0.20555453564604445,0.15525925687857192
208,49,-74.165314,4.600122,543,APOGEO,BOSA,7,13389,2,9,4.5981000000000005,-74.1544,0.25190048113840374,0.34319316259702676
209,49,-74.165314,4.600122,543,APOGEO,BOSA,7,13389,2,189,4.5981000000000005,-74.172,0.423408685033115,0.5768586269897743
210,49,-74.165314,4.600122,543,APOGEO,BOSA,7,13389,2,190,4.6141,-74.163,0.012867243553136802,0.017530534236974843
211,50,-74.080721,4.537312,698,LA GLORIA,SAN CRISTOBAL,4,0,0,86,4.5341000000000005,-74.0838,0.30679542642219926,0.28876970964119525
212,50,-74.080721,4.537312,698,LA GLORIA,SAN CRISTOBAL,4,0,0,67,4.5661000000000005,-74.1014,0.04480882265221041,0.042176087360689334
213,50,-74.080721,4.537312,698,LA GLORIA,SAN CRISTOBAL,4,0,0,87,4.5501000000000005,-74.0748,0.1351912997241134,0.12724815627995686
214,50,-74.080721,4.537312,698,LA GLORIA,SAN CRISTOBAL,4,0,0,45,4.5501000000000005,-74.1101,2.048286800899181e-05,1.9279400337069376e-05
215,50,-74.080721,4.537312,698,LA GLORIA,SAN CRISTOBAL,4,0,0,66,4.5501000000000005,-74.0924,0.48281487897137365,0.45444716708111915
216,51,-74.090152,4.521229,694,LOS LIBERTADORES,SAN CRISTOBAL,4,4321,1,64,4.5181000000000004,-74.0924,0.24584745422948148,0.11657098435010829
217,51,-74.090152,4.521229,694,LOS LIBERTADORES,SAN CRISTOBAL,4,4321,1,24,4.5341000000000005,-74.1367,0.30596957459136676,0.14507847804682442
218,51,-74.090152,4.521229,694,LOS LIBERTADORES,SAN CRISTOBAL,4,4321,1,23,4.5181000000000004,-74.1277,0.06570270728849002,0.03115358378263761
219,51,-74.090152,4.521229,694,LOS LIBERTADORES,SAN CRISTOBAL,4,4321,1,86,4.5341000000000005,-74.0838,0.508359039937759,0.24104343026267652
220,51,-74.090152,4.521229,694,LOS LIBERTADORES,SAN CRISTOBAL,4,4321,1,25,4.5501000000000005,-74.1277,0.33477540878606094,0.15873704716898876
221,51,-74.090152,4.521229,694,LOS LIBERTADORES,SAN CRISTOBAL,4,4321,1,65,4.5341000000000005,-74.1014,0.1804281570574266,0.0855517822569259
222,51,-74.090152,4.521229,694,LOS LIBERTADORES,SAN CRISTOBAL,4,4321,1,44,4.5341000000000005,-74.1191,0.17717873658205915,0.0840110376331178
223,51,-74.090152,4.521229,694,LOS LIBERTADORES,SAN CRISTOBAL,4,4321,1,6,4.5501000000000005,-74.1454,0.0017297870353993033,0.000820195507269043
224,51,-74.090152,4.521229,694,LOS LIBERTADORES,SAN CRISTOBAL,4,4321,1,66,4.5501000000000005,-74.0924,0.055952411572174454,0.026530385332534434
225,52,-74.0923,4.518212,700,LA FLORA,USME,5,2693,1,63,4.5021,-74.1014,0.07726619252313187,0.29607078946880777
226,52,-74.0923,4.518212,700,LA FLORA,USME,5,2693,1,64,4.5181000000000004,-74.0924,0.08219803384831033,0.3149687590334829
227,52,-74.0923,4.518212,700,LA FLORA,USME,5,2693,1,24,4.5341000000000005,-74.1367,0.07942862811912983,0.30435687155950863
228,52,-74.0923,4.518212,700,LA FLORA,USME,5,2693,1,62,4.4861,-74.0924,0.008603023294063001,0.032965308828039205
229,53,-74.112039,4.569417,637,MARCO FIDEL SUAREZ,RAFAEL URIBE URIBE,18,5747,2,66,4.5501000000000005,-74.0924,0.04443488846294662,0.06583736161178008
230,53,-74.112039,4.569417,637,MARCO FIDEL SUAREZ,RAFAEL URIBE URIBE,18,5747,2,87,4.5501000000000005,-74.0748,0.06544234244635816,0.096963249226014
231,53,-74.112039,4.569417,637,MARCO FIDEL SUAREZ,RAFAEL URIBE URIBE,18,5747,2,46,4.5661000000000005,-74.1191,0.36240697462007987,0.5369636306973005
232,53,-74.112039,4.569417,637,MARCO FIDEL SUAREZ,RAFAEL URIBE URIBE,18,5747,2,28,4.5821000000000005,-74.1277,0.001209485044522799,0.0017920446521811069
233,53,-74.112039,4.569417,637,MARCO FIDEL SUAREZ,RAFAEL URIBE URIBE,18,5747,2,67,4.5661000000000005,-74.1014,0.050970180451884686,0.07552043715889382
234,53,-74.112039,4.569417,637,MARCO FIDEL SUAREZ,RAFAEL URIBE URIBE,18,5747,2,47,4.5821000000000005,-74.1101,0.09439753044876172,0.13986497012581942
235,54,-74.123144,4.566566,979,MARRUECOS,RAFAEL URIBE URIBE,18,6250,2,46,4.5661000000000005,-74.1191,0.5243249598496421,0.4266432735246515
236,54,-74.123144,4.566566,979,MARRUECOS,RAFAEL URIBE URIBE,18,6250,2,67,4.5661000000000005,-74.1014,0.0721628340234454,0.058718905434919
237,54,-74.123144,4.566566,979,MARRUECOS,RAFAEL URIBE URIBE,18,6250,2,45,4.5501000000000005,-74.1101,0.4330988432708812,0.3524125731222422
238,54,-74.123144,4.566566,979,MARRUECOS,RAFAEL URIBE URIBE,18,6250,2,25,4.5501000000000005,-74.1277,0.08043300369498896,0.06544834334358438
239,55,-74.100663,4.524064,685,DIANA TURBAY,RAFAEL URIBE URIBE,18,0,0,64,4.5181000000000004,-74.0924,0.3370801300524958,0.17047775581577562
240,55,-74.100663,4.524064,685,DIANA TURBAY,RAFAEL URIBE URIBE,18,0,0,43,4.5181000000000004,-74.1101,0.2427877749428751,0.12278954266844803
241,55,-74.100663,4.524064,685,DIANA TURBAY,RAFAEL URIBE URIBE,18,0,0,67,4.5661000000000005,-74.1014,0.026997718340524456,0.013654054405764691
242,55,-74.100663,4.524064,685,DIANA TURBAY,RAFAEL URIBE URIBE,18,0,0,44,4.5341000000000005,-74.1191,0.03183679022423805,0.0161014075465097
243,55,-74.100663,4.524064,685,DIANA TURBAY,RAFAEL URIBE URIBE,18,0,0,63,4.5021,-74.1014,0.02224690659412419,0.01125133869332145
244,55,-74.100663,4.524064,685,DIANA TURBAY,RAFAEL URIBE URIBE,18,0,0,65,4.5341000000000005,-74.1014,0.5681225633364777,0.2873271100578521
245,55,-74.100663,4.524064,685,DIANA TURBAY,RAFAEL URIBE URIBE,18,0,0,45,4.5501000000000005,-74.1101,0.5244502448121674,0.26523990233031075
246,55,-74.100663,4.524064,685,DIANA TURBAY,RAFAEL URIBE URIBE,18,0,0,25,4.5501000000000005,-74.1277,0.007156362281356017,0.0036193191848485373
247,56,-74.109345,4.53349,702,DANUBIO,USME,5,13146,1,44,4.5341000000000005,-74.1191,0.5477759779536314,0.7108901671990813
248,56,-74.109345,4.53349,702,DANUBIO,USME,5,13146,1,65,4.5341000000000005,-74.1014,0.1858067674781954,0.2411354446260078
249,56,-74.109345,4.53349,702,DANUBIO,USME,5,13146,1,25,4.5501000000000005,-74.1277,3.1942407249214515e-05,4.145406907941739e-05
250,57,-74.110034,4.522832,734,GRAN YOMASA,USME,5,12204,1,65,4.5341000000000005,-74.1014,0.02284931475994997,0.015477921243652522
251,57,-74.110034,4.522832,734,GRAN YOMASA,USME,5,12204,1,23,4.5181000000000004,-74.1277,0.1252678401422783,0.08485531336296769
252,57,-74.110034,4.522832,734,GRAN YOMASA,USME,5,12204,1,63,4.5021,-74.1014,0.29419572272635264,0.1992855485784332
253,57,-74.110034,4.522832,734,GRAN YOMASA,USME,5,12204,1,43,4.5181000000000004,-74.1101,0.7025876482739656,0.47592658252528214
254,57,-74.110034,4.522832,734,GRAN YOMASA,USME,5,12204,1,42,4.5021,-74.1191,0.05168982040361071,0.03501422155153425
255,57,-74.110034,4.522832,734,GRAN YOMASA,USME,5,12204,1,44,4.5341000000000005,-74.1191,0.08906206473428123,0.06032984525953923
256,58,-74.11723,4.494038,756,COMUNEROS,USME,5,3260,1,22,4.5021,-74.1367,0.0007993657644714059,0.000558193050260813
257,58,-74.11723,4.494038,756,COMUNEROS,USME,5,3260,1,21,4.4861,-74.1277,0.023286744113561946,0.01626101505108572
258,58,-74.11723,4.494038,756,COMUNEROS,USME,5,3260,1,41,4.4861,-74.1101,0.19420200062498622,0.13561026993355932
259,58,-74.11723,4.494038,756,COMUNEROS,USME,5,3260,1,23,4.5181000000000004,-74.1277,0.23750864945201558,0.16585108268755372
260,58,-74.11723,4.494038,756,COMUNEROS,USME,5,3260,1,42,4.5021,-74.1191,0.7465267072263418,0.5212958051604656
261,58,-74.11723,4.494038,756,COMUNEROS,USME,5,3260,1,63,4.5021,-74.1014,0.12939237779603838,0.09035403973077427
262,59,-74.106603,4.491339,760,ALFONSO LOPEZ,USME,5,0,0,41,4.4861,-74.1101,0.19778289151178707,0.3194958611144597
263,59,-74.106603,4.491339,760,ALFONSO LOPEZ,USME,5,0,0,63,4.5021,-74.1014,0.2655199802002562,0.4289174562508581
264,59,-74.106603,4.491339,760,ALFONSO LOPEZ,USME,5,0,0,62,4.4861,-74.0924,0.1185656914331792,0.19152944622016177
265,60,-74.09298,4.496155,746,PARQUE ENTRENUBES,RAFAEL URIBE URIBE,18,0,0,62,4.4861,-74.0924,0.16249585863433205,0.31927439009001973
266,60,-74.09298,4.496155,746,PARQUE ENTRENUBES,RAFAEL URIBE URIBE,18,0,0,63,4.5021,-74.1014,0.1611008305478746,0.31653341721104666
267,60,-74.09298,4.496155,746,PARQUE ENTRENUBES,RAFAEL URIBE URIBE,18,0,0,84,4.5021,-74.0838,0.1175083177587877,0.23088217015651696
268,61,-74.1144,4.474798,763,CIUDAD USME,USME,5,18366,2,62,4.4861,-74.0924,0.09211225309069469,0.039379842891948354
269,61,-74.1144,4.474798,763,CIUDAD USME,USME,5,18366,2,61,4.4701,-74.1014,0.4292691102368406,0.18352118803183376
270,61,-74.1144,4.474798,763,CIUDAD USME,USME,5,18366,2,41,4.4861,-74.1101,0.608015107863222,0.2599387010977753
271,61,-74.1144,4.474798,763,CIUDAD USME,USME,5,18366,2,39,4.4541,-74.1101,0.006525171457472467,0.0027896421834919796
272,61,-74.1144,4.474798,763,CIUDAD USME,USME,5,18366,2,40,4.4701,-74.1191,0.777875257908878,0.3325573354049242
273,61,-74.1144,4.474798,763,CIUDAD USME,USME,5,18366,2,20,4.4701,-74.1367,0.08487024556983258,0.03628373885774285
274,61,-74.1144,4.474798,763,CIUDAD USME,USME,5,18366,2,21,4.4861,-74.1277,0.09887492620449118,0.042271021815654564
275,62,-74.139393,4.565526,659,TUNJUELITO,TUNJUELITO,6,0,0,64,4.5181000000000004,-74.0924,0.0008838444655469205,0.0006093099020506624
276,62,-74.139393,4.565526,659,TUNJUELITO,TUNJUELITO,6,0,0,63,4.5021,-74.1014,0.020994554587623306,0.014473349665052515
277,62,-74.139393,4.565526,659,TUNJUELITO,TUNJUELITO,6,0,0,26,4.5661000000000005,-74.1367,0.4337100967541868,0.2989936203403742
278,62,-74.139393,4.565526,659,TUNJUELITO,TUNJUELITO,6,0,0,25,4.5501000000000005,-74.1277,0.5532662177834985,0.38141392304470767
279,62,-74.139393,4.565526,659,TUNJUELITO,TUNJUELITO,6,0,0,84,4.5021,-74.0838,0.14968470542993,0.10319052362629877
280,62,-74.139393,4.565526,659,TUNJUELITO,TUNJUELITO,6,0,0,46,4.5661000000000005,-74.1191,0.08632807965255805,0.05951335988145024
281,62,-74.139393,4.565526,659,TUNJUELITO,TUNJUELITO,6,0,0,44,4.5341000000000005,-74.1191,0.09310609963364526,0.06418603120741492
282,64,-74.158799,4.50126,797,MONTE BLANCO,CIUDAD BOLIVAR,19,158402,1,186,4.5501000000000005,-74.163,0.4545920763751033,0.03288607726598169
283,64,-74.158799,4.50126,797,MONTE BLANCO,CIUDAD BOLIVAR,19,158402,1,7,4.5661000000000005,-74.1544,0.031368277629111194,0.0022692423722768876
284,64,-74.158799,4.50126,797,MONTE BLANCO,CIUDAD BOLIVAR,19,158402,1,175,4.5501000000000005,-74.1807,0.15501580772265738,0.011214145813684198
285,64,-74.158799,4.50126,797,MONTE BLANCO,CIUDAD BOLIVAR,19,158402,1,42,4.5021,-74.1191,0.05060061910613457,0.003660547458063847
286,64,-74.158799,4.50126,797,MONTE BLANCO,CIUDAD BOLIVAR,19,158402,1,5,4.5341000000000005,-74.1544,0.4360746950146407,0.03154649378920912
287,64,-74.158799,4.50126,797,MONTE BLANCO,CIUDAD BOLIVAR,19,158402,1,1,4.4701,-74.1544,0.9714940471237814,0.07027977379612695
288,64,-74.158799,4.50126,797,MONTE BLANCO,CIUDAD BOLIVAR,19,158402,1,23,4.5181000000000004,-74.1277,0.1913035834659835,0.0138392742726346
289,64,-74.158799,4.50126,797,MONTE BLANCO,CIUDAD BOLIVAR,19,158402,1,20,4.4701,-74.1367,0.664536078741055,0.04807383579092164
290,64,-74.158799,4.50126,797,MONTE BLANCO,CIUDAD BOLIVAR,19,158402,1,182,4.4701,-74.172,0.5849912373763857,0.042319406853030817
291,64,-74.158799,4.50126,797,MONTE BLANCO,CIUDAD BOLIVAR,19,158402,1,183,4.4861,-74.163,1.0,0.07234195001420567
292,64,-74.158799,4.50126,797,MONTE BLANCO,CIUDAD BOLIVAR,19,158402,1,2,4.4861,-74.1454,0.8683730999289866,0.06281980338874357
293,64,-74.158799,4.50126,797,MONTE BLANCO,CIUDAD BOLIVAR,19,158402,1,0,4.4541,-74.1454,0.03409479111722192,0.0024664836747468515
294,64,-74.158799,4.50126,797,MONTE BLANCO,CIUDAD BOLIVAR,19,158402,1,21,4.4861,-74.1277,0.7628400539932846,0.05518533705481614
295,64,-74.158799,4.50126,797,MONTE BLANCO,CIUDAD BOLIVAR,19,158402,1,3,4.5021,-74.1544,0.9793034969289132,0.07084472462356825
296,64,-74.158799,4.50126,797,MONTE BLANCO,CIUDAD BOLIVAR,19,158402,1,4,4.5181000000000004,-74.1454,1.0,0.07234195001420567
297,64,-74.158799,4.50126,797,MONTE BLANCO,CIUDAD BOLIVAR,19,158402,1,22,4.5021,-74.1367,0.19810454963202978,0.014331269427067021
298,64,-74.158799,4.50126,797,MONTE BLANCO,CIUDAD BOLIVAR,19,158402,1,184,4.5181000000000004,-74.163,1.0,0.07234195001420567
299,64,-74.158799,4.50126,797,MONTE BLANCO,CIUDAD BOLIVAR,19,158402,1,185,4.5341000000000005,-74.172,0.819888676581022,0.05931234565843753
300,64,-74.158799,4.50126,797,MONTE BLANCO,CIUDAD BOLIVAR,19,158402,1,24,4.5341000000000005,-74.1367,0.22789824449695165,0.016486603411723696
301,65,-74.15451,4.584072,620,ARBORIZADORA,CIUDAD BOLIVAR,19,0,0,9,4.5981000000000005,-74.1544,0.39839948711410167,0.3409814923338541
302,65,-74.15451,4.584072,620,ARBORIZADORA,CIUDAD BOLIVAR,19,0,0,188,4.5821000000000005,-74.163,0.20772584057810325,0.1777880479458047
303,65,-74.15451,4.584072,620,ARBORIZADORA,CIUDAD BOLIVAR,19,0,0,26,4.5661000000000005,-74.1367,0.07360182207351566,0.06299420541656077
304,65,-74.15451,4.584072,620,ARBORIZADORA,CIUDAD BOLIVAR,19,0,0,7,4.5661000000000005,-74.1544,0.07050914112509195,0.06034724677526117
305,65,-74.15451,4.584072,620,ARBORIZADORA,CIUDAD BOLIVAR,19,0,0,8,4.5821000000000005,-74.1454,0.2480011171616037,0.2122587848764161
306,66,-74.154491,4.562176,671,SAN FRANCISCO,CIUDAD BOLIVAR,19,0,0,26,4.5661000000000005,-74.1367,0.12253947937760037,0.2205912492105792
307,66,-74.154491,4.562176,671,SAN FRANCISCO,CIUDAD BOLIVAR,19,0,0,6,4.5501000000000005,-74.1454,0.012885101485995053,0.02319530527987787
308,66,-74.154491,4.562176,671,SAN FRANCISCO,CIUDAD BOLIVAR,19,0,0,7,4.5661000000000005,-74.1544,0.371882727637896,0.6694501712113239
309,67,-74.155039,4.555936,713,LUCERO,CIUDAD BOLIVAR,19,0,0,186,4.5501000000000005,-74.163,0.3977693937233627,0.24326208345325834
310,67,-74.155039,4.555936,713,LUCERO,CIUDAD BOLIVAR,19,0,0,5,4.5341000000000005,-74.1544,0.05212771897557575,0.03187952045522027
311,67,-74.155039,4.555936,713,LUCERO,CIUDAD BOLIVAR,19,0,0,6,4.5501000000000005,-74.1454,0.9071746149059222,0.5547968002570842
312,67,-74.155039,4.555936,713,LUCERO,CIUDAD BOLIVAR,19,0,0,7,4.5661000000000005,-74.1544,0.036201264394716506,0.02213944848261904
313,67,-74.155039,4.555936,713,LUCERO,CIUDAD BOLIVAR,19,0,0,25,4.5501000000000005,-74.1277,0.024342609676922474,0.01488710303039539
314,67,-74.155039,4.555936,713,LUCERO,CIUDAD BOLIVAR,19,0,0,26,4.5661000000000005,-74.1367,0.0882688117996068,0.053982170074275214
315,68,-74.134071,4.502243,738,EL TESORO,CIUDAD BOLIVAR,19,0,0,42,4.5021,-74.1191,0.09416386801761693,0.03601781352555918
316,68,-74.134071,4.502243,738,EL TESORO,CIUDAD BOLIVAR,19,0,0,5,4.5341000000000005,-74.1544,0.359338968160316,0.13744766671271091
317,68,-74.134071,4.502243,738,EL TESORO,CIUDAD BOLIVAR,19,0,0,3,4.5021,-74.1544,0.020696503071089226,0.007916441878812701
318,68,-74.134071,4.502243,738,EL TESORO,CIUDAD BOLIVAR,19,0,0,2,4.4861,-74.1454,0.13162690007101907,0.050347476601305396
319,68,-74.134071,4.502243,738,EL TESORO,CIUDAD BOLIVAR,19,0,0,22,4.5021,-74.1367,0.8010960846034958,0.3064203924365777
320,68,-74.134071,4.502243,738,EL TESORO,CIUDAD BOLIVAR,19,0,0,24,4.5341000000000005,-74.1367,0.38670355279254814,0.14791465927830647
321,68,-74.134071,4.502243,738,EL TESORO,CIUDAD BOLIVAR,19,0,0,6,4.5501000000000005,-74.1454,0.06794483473879832,0.02598899598292975
322,68,-74.134071,4.502243,738,EL TESORO,CIUDAD BOLIVAR,19,0,0,21,4.4861,-74.1277,0.11499827568867116,0.04398700411011671
323,68,-74.134071,4.502243,738,EL TESORO,CIUDAD BOLIVAR,19,0,0,23,4.5181000000000004,-74.1277,0.3175851043947764,0.1214767544005972
324,69,-74.172795,4.573577,666,ISMAEL PERDOMO,CIUDAD BOLIVAR,19,5707,1,187,4.5661000000000005,-74.172,0.10813318862741535,0.06055290717470702
325,69,-74.172795,4.573577,666,ISMAEL PERDOMO,CIUDAD BOLIVAR,19,5707,1,176,4.5821000000000005,-74.1807,0.42932207866417177,0.24041370006185905
326,69,-74.172795,4.573577,666,ISMAEL PERDOMO,CIUDAD BOLIVAR,19,5707,1,9,4.5981000000000005,-74.1544,0.006789157323918931,0.003801822719260099
327,69,-74.172795,4.573577,666,ISMAEL PERDOMO,CIUDAD BOLIVAR,19,5707,1,177,4.5981000000000005,-74.1897,0.030648247603689227,0.01716254293219939
328,69,-74.172795,4.573577,666,ISMAEL PERDOMO,CIUDAD BOLIVAR,19,5707,1,188,4.5821000000000005,-74.163,0.6436302571317981,0.3604229534858409
329,69,-74.172795,4.573577,666,ISMAEL PERDOMO,CIUDAD BOLIVAR,19,5707,1,189,4.5981000000000005,-74.172,0.3580463459524584,0.20050039609398387
330,70,-74.169872,4.561028,668,JERUSALEM,CIUDAD BOLIVAR,19,0,0,187,4.5661000000000005,-74.172,0.7694379374520226,0.44915437967800614
331,70,-74.169872,4.561028,668,JERUSALEM,CIUDAD BOLIVAR,19,0,0,188,4.5821000000000005,-74.163,0.1476621205848562,0.086196800216087
332,70,-74.169872,4.561028,668,JERUSALEM,CIUDAD BOLIVAR,19,0,0,175,4.5501000000000005,-74.1807,0.06562713984559906,0.038309415032229024
333,70,-74.169872,4.561028,668,JERUSALEM,CIUDAD BOLIVAR,19,0,0,186,4.5501000000000005,-74.163,0.08867051870977746,0.051760837214113176
334,70,-74.169872,4.561028,668,JERUSALEM,CIUDAD BOLIVAR,19,0,0,7,4.5661000000000005,-74.1544,0.48967945219977727,0.28584718778253776
335,71,-74.11547,4.749951,37,TIBABUYES,SUBA,11,15188,2,57,4.742,-74.1101,0.7342619713355089,0.3565701008019816
336,71,-74.11547,4.749951,37,TIBABUYES,SUBA,11,15188,2,77,4.726,-74.1014,0.09612936535228989,0.04668205467777696
337,71,-74.11547,4.749951,37,TIBABUYES,SUBA,11,15188,2,79,4.758,-74.1014,0.17277816638564522,0.08390401601822918
338,71,-74.11547,4.749951,37,TIBABUYES,SUBA,11,15188,2,56,4.726,-74.1191,0.0060304835426324204,0.002928505368145498
339,71,-74.11547,4.749951,37,TIBABUYES,SUBA,11,15188,2,38,4.742,-74.1277,0.40362887290427296,0.1960090451590391
340,71,-74.11547,4.749951,37,TIBABUYES,SUBA,11,15188,2,58,4.758,-74.1191,0.48264121131583476,0.2343787804467972
341,72,-74.117121,4.727345,119,BOLIVIA,ENGATIVA,10,62578,3,55,4.7101,-74.1101,0.3043464834681826,0.1947201429822341
342,72,-74.117121,4.727345,119,BOLIVIA,ENGATIVA,10,62578,3,57,4.742,-74.1101,0.008194998966847765,0.005243140490337489
343,72,-74.117121,4.727345,119,BOLIVIA,ENGATIVA,10,62578,3,77,4.726,-74.1014,0.16716707319450158,0.10695308854376136
344,72,-74.117121,4.727345,119,BOLIVIA,ENGATIVA,10,62578,3,38,4.742,-74.1277,0.16532550939794716,0.10577486048707521
345,72,-74.117121,4.727345,119,BOLIVIA,ENGATIVA,10,62578,3,56,4.726,-74.1191,0.7898606208465955,0.505350912140124
346,73,-74.140873,4.721587,193,GARCES NAVAS,ENGATIVA,10,54023,1,36,4.7101,-74.1277,0.60726934967298,0.23833587530243402
347,73,-74.140873,4.721587,193,GARCES NAVAS,ENGATIVA,10,54023,1,37,4.726,-74.1367,0.7217666168082412,0.2832727824542841
348,73,-74.140873,4.721587,193,GARCES NAVAS,ENGATIVA,10,54023,1,56,4.726,-74.1191,0.20359175961996562,0.07990395079138679
349,73,-74.140873,4.721587,193,GARCES NAVAS,ENGATIVA,10,54023,1,18,4.726,-74.1544,0.3096567046796153,0.12153141236722494
350,73,-74.140873,4.721587,193,GARCES NAVAS,ENGATIVA,10,54023,1,55,4.7101,-74.1101,0.28732829456799314,0.11276814912838214
351,73,-74.140873,4.721587,193,GARCES NAVAS,ENGATIVA,10,54023,1,54,4.6941,-74.1191,0.00985781153196233,0.003868909473698748
352,73,-74.140873,4.721587,193,GARCES NAVAS,ENGATIVA,10,54023,1,17,4.7101,-74.1454,0.1695924512304542,0.06656019331530921
353,74,-74.138575,4.715356,194,ENGATIVA,ENGATIVA,10,12179,2,17,4.7101,-74.1454,0.3181135149534406,0.39212521650946613
354,74,-74.138575,4.715356,194,ENGATIVA,ENGATIVA,10,12179,2,36,4.7101,-74.1277,0.33341600285542355,0.4109879529215824
355,74,-74.138575,4.715356,194,ENGATIVA,ENGATIVA,10,12179,2,37,4.726,-74.1367,0.048590632105787256,0.0598956386295073
356,74,-74.138575,4.715356,194,ENGATIVA,ENGATIVA,10,12179,2,35,4.6941,-74.1367,0.0170899251810217,0.021066035539922073
357,75,-74.144098,4.666963,397,FONTIBON,FONTIBON,9,5971,2,33,4.6621,-74.1367,0.15705955910968328,0.1016555878060224
358,75,-74.144098,4.666963,397,FONTIBON,FONTIBON,9,5971,2,16,4.6941,-74.1544,0.013223882313582172,0.008559055795681138
359,75,-74.144098,4.666963,397,FONTIBON,FONTIBON,9,5971,2,34,4.6781,-74.1277,0.13197914175074293,0.08542248118394824
360,75,-74.144098,4.666963,397,FONTIBON,FONTIBON,9,5971,2,15,4.6781,-74.1454,0.971309877430815,0.6286728238111898
361,75,-74.144098,4.666963,397,FONTIBON,FONTIBON,9,5971,2,193,4.6781,-74.163,0.0003281766940570975,0.0002124098331086847
362,75,-74.144098,4.666963,397,FONTIBON,FONTIBON,9,5971,2,13,4.6621,-74.1544,0.0434875015598927,0.028146949847216614
363,75,-74.144098,4.666963,397,FONTIBON,FONTIBON,9,5971,2,35,4.6941,-74.1367,0.01176667632583664,0.007615890463507514
364,76,-74.165609,4.701238,308,FONTIBON SAN PABLO,FONTIBON,9,0,0,193,4.6781,-74.163,0.00198284156851157,0.0015974260638487285
365,76,-74.165609,4.701238,308,FONTIBON SAN PABLO,FONTIBON,9,0,0,195,4.7101,-74.163,0.1387777217801814,0.11180275488153082
366,76,-74.165609,4.701238,308,FONTIBON SAN PABLO,FONTIBON,9,0,0,194,4.6941,-74.172,0.2897335650580019,0.2334165047502447
367,76,-74.165609,4.701238,308,FONTIBON SAN PABLO,FONTIBON,9,0,0,16,4.6941,-74.1544,0.6902533268545691,0.5560851015462006
368,77,-74.162119,4.679973,405,ZONA FRANCA,FONTIBON,9,20939,3,91,4.6141,-74.0748,0.0070944496293436415,0.004404753864920696
369,77,-74.162119,4.679973,405,ZONA FRANCA,FONTIBON,9,20939,3,194,4.6941,-74.172,0.14462203229983955,0.08979194849598779
370,77,-74.162119,4.679973,405,ZONA FRANCA,FONTIBON,9,20939,3,16,4.6941,-74.1544,0.00011299161155275705,7.015346696268958e-05
371,77,-74.162119,4.679973,405,ZONA FRANCA,FONTIBON,9,20939,3,193,4.6781,-74.163,0.764135241291868,0.4744311163308465
372,77,-74.162119,4.679973,405,ZONA FRANCA,FONTIBON,9,20939,3,89,4.5821000000000005,-74.0748,0.007446032991369507,0.0046230425629360935
373,77,-74.162119,4.679973,405,ZONA FRANCA,FONTIBON,9,20939,3,13,4.6621,-74.1544,0.3378508120437231,0.20976252533543804
374,77,-74.162119,4.679973,405,ZONA FRANCA,FONTIBON,9,20939,3,15,4.6781,-74.1454,0.028690122569173568,0.01781292910290314
375,77,-74.162119,4.679973,405,ZONA FRANCA,FONTIBON,9,20939,3,33,4.6621,-74.1367,0.0068976289546748126,0.004282553176673082
376,77,-74.162119,4.679973,405,ZONA FRANCA,FONTIBON,9,20939,3,90,4.5981000000000005,-74.0838,0.030638632681981737,0.019022706872658467
377,78,-74.168918,4.648669,413,TINTAL NORTE,KENNEDY,8,23961,2,13,4.6621,-74.1544,0.5683186841532274,0.23766487256741775
378,78,-74.168918,4.648669,413,TINTAL NORTE,KENNEDY,8,23961,2,180,4.6461,-74.1807,0.04993987798682911,0.020884329635328477
379,78,-74.168918,4.648669,413,TINTAL NORTE,KENNEDY,8,23961,2,12,4.6461,-74.1454,0.27624310379534145,0.11552194902578049
380,78,-74.168918,4.648669,413,TINTAL NORTE,KENNEDY,8,23961,2,33,4.6621,-74.1367,0.2494767763250997,0.10432855351602167
381,78,-74.168918,4.648669,413,TINTAL NORTE,KENNEDY,8,23961,2,192,4.6461,-74.163,0.8684348347608379,0.36317027768331017
382,80,-74.165123,4.630981,989,CORABASTOS,KENNEDY,8,4245,2,11,4.6301,-74.1544,0.12558299583276028,0.6266705449686804
383,80,-74.165123,4.630981,989,CORABASTOS,KENNEDY,8,4245,2,192,4.6461,-74.163,0.0054437526477797565,0.02716481969423531
384,80,-74.165123,4.630981,989,CORABASTOS,KENNEDY,8,4245,2,191,4.6301,-74.172,0.05223164649390967,0.2606406556548413
385,81,-74.164905,4.625831,527,GRAN BRITALIA,KENNEDY,8,15424,2,190,4.6141,-74.163,0.05425786783477751,0.08773581964472228
386,81,-74.164905,4.625831,527,GRAN BRITALIA,KENNEDY,8,15424,2,11,4.6301,-74.1544,0.046142132824151756,0.07461254938749658
387,81,-74.164905,4.625831,527,GRAN BRITALIA,KENNEDY,8,15424,2,178,4.6141,-74.1807,0.128388914937998,0.20760688052990048
388,81,-74.164905,4.625831,527,GRAN BRITALIA,KENNEDY,8,15424,2,191,4.6301,-74.172,0.28593862487463617,0.4623672219825232
389,82,-74.176636,4.644172,529,PATIO BONITO,KENNEDY,8,13095,2,192,4.6461,-74.163,0.1253585587420438,0.12616560286934858
390,82,-74.176636,4.644172,529,PATIO BONITO,KENNEDY,8,13095,2,191,4.6301,-74.172,0.2996521557272979,0.30158128218615876
391,82,-74.176636,4.644172,529,PATIO BONITO,KENNEDY,8,13095,2,180,4.6461,-74.1807,0.33904294610752694,0.3412256659896472
392,82,-74.176636,4.644172,529,PATIO BONITO,KENNEDY,8,13095,2,11,4.6301,-74.1544,0.16090309134587036,0.16193896712682188
393,83,-74.175727,4.63163,530,LAS MARGARITAS,KENNEDY,8,16344,2,180,4.6461,-74.1807,0.2300259232387104,0.45143531424120364
394,83,-74.175727,4.63163,530,LAS MARGARITAS,KENNEDY,8,16344,2,191,4.6301,-74.172,0.2579558153394199,0.5062488736856413
395,84,-74.209071,4.618597,561,BOSA OCCIDENTAL,BOSA,7,0,0,179,4.6301,-74.1897,0.3935402427467264,0.3176624658507886
396,84,-74.209071,4.618597,561,BOSA OCCIDENTAL,BOSA,7,0,0,178,4.6141,-74.1807,0.20822842496084043,0.16808028188328575
397,84,-74.209071,4.618597,561,BOSA OCCIDENTAL,BOSA,7,0,0,191,4.6301,-74.172,0.10400245620707196,0.0839499321916601
398,84,-74.209071,4.618597,561,BOSA OCCIDENTAL,BOSA,7,0,0,14,4.6141,-74.216,0.14227247286432806,0.11484117669220958
399,84,-74.209071,4.618597,561,BOSA OCCIDENTAL,BOSA,7,0,0,173,4.6301,-74.2074,0.022899794364535264,0.018484526752695803
400,84,-74.209071,4.618597,561,BOSA OCCIDENTAL,BOSA,7,0,0,172,4.6141,-74.1983,0.20417285188501416,0.1648066564600932
401,85,-74.207455,4.614161,947,BOSA CENTRAL,BOSA,7,0,0,172,4.6141,-74.1983,0.606709501235439,0.26051784990925186
402,85,-74.207455,4.614161,947,BOSA CENTRAL,BOSA,7,0,0,189,4.5981000000000005,-74.172,0.08867030314464443,0.03807455904185701
403,85,-74.207455,4.614161,947,BOSA CENTRAL,BOSA,7,0,0,14,4.6141,-74.216,0.22092298235023597,0.09486315978277153
404,85,-74.207455,4.614161,947,BOSA CENTRAL,BOSA,7,0,0,177,4.5981000000000005,-74.1897,0.5417712285227713,0.23263369917570365
405,85,-74.207455,4.614161,947,BOSA CENTRAL,BOSA,7,0,0,178,4.6141,-74.1807,0.47552701941017306,0.20418878626135006
406,86,-74.188473,4.640579,553,EL PORVENIR,BOSA,7,32080,1,180,4.6461,-74.1807,0.24929268770254595,0.1734636377147106
407,86,-74.188473,4.640579,553,EL PORVENIR,BOSA,7,32080,1,174,4.6461,-74.1983,0.6224596554991377,0.4331218744063598
408,86,-74.188473,4.640579,553,EL PORVENIR,BOSA,7,32080,1,179,4.6301,-74.1897,0.39307066878696933,0.2735076937679689
409,87,-74.218058,4.623829,559,TINTAL SUR,BOSA,7,0,0,173,4.6301,-74.2074,0.9735267793377174,0.4808728221156931
410,87,-74.218058,4.623829,559,TINTAL SUR,BOSA,7,0,0,14,4.6141,-74.216,0.15458846191076314,0.07635885475705574
411,87,-74.218058,4.623829,559,TINTAL SUR,BOSA,7,0,0,179,4.6301,-74.1897,0.213389088466296,0.10540338011994893
412,87,-74.218058,4.623829,559,TINTAL SUR,BOSA,7,0,0,27,4.6461,-74.216,0.14324800610509028,0.07075724512176448
413,87,-74.218058,4.623829,559,TINTAL SUR,BOSA,7,0,0,172,4.6141,-74.1983,0.09650987948780072,0.04767098255162107
414,87,-74.218058,4.623829,559,TINTAL SUR,BOSA,7,0,0,174,4.6461,-74.1983,0.08844734587791671,0.043688500125174536
415,88,-74.049908,4.6544,248,EL REFUGIO,CHAPINERO,2,8853,6,186,4.5501000000000005,-74.163,0.058968011191742574,0.038517440712649745
416,88,-74.049908,4.6544,248,EL REFUGIO,CHAPINERO,2,8853,6,113,4.6461,-74.0571,0.05013066151097156,0.03274495346902845
417,88,-74.049908,4.6544,248,EL REFUGIO,CHAPINERO,2,8853,6,134,4.6781,-74.0395,0.3286981331438128,0.21470303304884658
418,88,-74.049908,4.6544,248,EL REFUGIO,CHAPINERO,2,8853,6,132,4.6461,-74.0395,0.014795539193114817,0.009664329730053507
419,88,-74.049908,4.6544,248,EL REFUGIO,CHAPINERO,2,8853,6,84,4.5021,-74.0838,0.0002536899468632654,0.00016570827623688645
420,88,-74.049908,4.6544,248,EL REFUGIO,CHAPINERO,2,8853,6,6,4.5501000000000005,-74.1454,0.009942432838116334,0.006494318862754425
421,88,-74.049908,4.6544,248,EL REFUGIO,CHAPINERO,2,8853,6,133,4.6621,-74.0485,0.6082158637790539,0.39728181432856746
422,88,-74.049908,4.6544,248,EL REFUGIO,CHAPINERO,2,8853,6,64,4.5181000000000004,-74.0924,0.16062955871346493,0.10492196327135689
423,88,-74.049908,4.6544,248,EL REFUGIO,CHAPINERO,2,8853,6,5,4.5341000000000005,-74.1544,0.1524586178494738,0.09958476902086778
424,89,-74.018134,4.673011,159,SAN ISIDRO - PATIOS,CHAPINERO,2,8326,2,42,4.5021,-74.1191,0.05665335298051006,0.06235632916992605
425,89,-74.018134,4.673011,159,SAN ISIDRO - PATIOS,CHAPINERO,2,8326,2,150,4.6781,-74.0218,0.30994840567099685,0.3411491781671498
426,89,-74.018134,4.673011,159,SAN ISIDRO - PATIOS,CHAPINERO,2,8326,2,63,4.5021,-74.1014,0.02779412013487903,0.030591998759812545
427,89,-74.018134,4.673011,159,SAN ISIDRO - PATIOS,CHAPINERO,2,8326,2,149,4.6621,-74.0308,0.1217572741936594,0.1340138980134978
428,89,-74.018134,4.673011,159,SAN ISIDRO - PATIOS,CHAPINERO,2,8326,2,165,4.6621,-74.0131,0.28962062885104317,0.3187751177454499
429,89,-74.018134,4.673011,159,SAN ISIDRO - PATIOS,CHAPINERO,2,8326,2,134,4.6781,-74.0395,0.006394705978178905,0.0070384252642098025
430,90,-74.051048,4.647241,250,PARDO RUBIO,CHAPINERO,2,5512,6,43,4.5181000000000004,-74.1101,0.05462457678314588,0.04938347973799909
431,90,-74.051048,4.647241,250,PARDO RUBIO,CHAPINERO,2,5512,6,112,4.6301,-74.0661,0.18734013974404573,0.16936530294580704
432,90,-74.051048,4.647241,250,PARDO RUBIO,CHAPINERO,2,5512,6,23,4.5181000000000004,-74.1277,0.0626321152564401,0.056622714112610925
433,90,-74.051048,4.647241,250,PARDO RUBIO,CHAPINERO,2,5512,6,132,4.6461,-74.0395,0.03293837549107681,0.029778017413730876
434,90,-74.051048,4.647241,250,PARDO RUBIO,CHAPINERO,2,5512,6,113,4.6461,-74.0571,0.4704656464031471,0.4253255967329151
435,90,-74.051048,4.647241,250,PARDO RUBIO,CHAPINERO,2,5512,6,45,4.5501000000000005,-74.1101,0.009550491255221555,0.00863414454014941
436,90,-74.051048,4.647241,250,PARDO RUBIO,CHAPINERO,2,5512,6,66,4.5501000000000005,-74.0924,0.08103575980164583,0.07326057313184861
437,90,-74.051048,4.647241,250,PARDO RUBIO,CHAPINERO,2,5512,6,65,4.5341000000000005,-74.1014,0.042781014879819126,0.03867627917513569
438,90,-74.051048,4.647241,250,PARDO RUBIO,CHAPINERO,2,5512,6,131,4.6301,-74.0485,0.047585277156331186,0.0430195840162886
439,91,-74.061958,4.621694,343,SAGRADO CORAZON,SANTA FE,3,0,0,91,4.6141,-74.0748,0.17840909166156585,0.39848883645170463
440,91,-74.061958,4.621694,343,SAGRADO CORAZON,SANTA FE,3,0,0,111,4.6141,-74.0571,0.07260175560993333,0.16216095742606076
441,91,-74.061958,4.621694,343,SAGRADO CORAZON,SANTA FE,3,0,0,112,4.6301,-74.0661,0.13317369021844133,0.2974524917249987
442,92,-74.064656,4.60846,350,LA MACARENA,SANTA FE,3,4632,1,67,4.5661000000000005,-74.1014,0.006745070529405359,0.01422017233979396
443,92,-74.064656,4.60846,350,LA MACARENA,SANTA FE,3,4632,1,91,4.6141,-74.0748,0.029819696605950897,0.06286683334271584
444,92,-74.064656,4.60846,350,LA MACARENA,SANTA FE,3,4632,1,110,4.5981000000000005,-74.0661,0.07352213713423389,0.15500170921577325
445,92,-74.064656,4.60846,350,LA MACARENA,SANTA FE,3,4632,1,111,4.6141,-74.0571,0.23473915980704638,0.49488456685550974
446,92,-74.064656,4.60846,350,LA MACARENA,SANTA FE,3,4632,1,88,4.5661000000000005,-74.0838,0.0695673074157476,0.1466640113479391
447,93,-74.070794,4.602409,456,LAS NIEVES,SANTA FE,3,3269,3,91,4.6141,-74.0748,0.2105196556613052,0.3891960617755147
448,93,-74.070794,4.602409,456,LAS NIEVES,SANTA FE,3,3269,3,110,4.5981000000000005,-74.0661,0.11713310069090799,0.21654862273668213
449,93,-74.070794,4.602409,456,LAS NIEVES,SANTA FE,3,3269,3,90,4.5981000000000005,-74.0838,0.14761885882838532,0.2729088565118881
450,94,-74.065983,4.590209,481,LA CANDELARIA,CANDELARIA,17,3581,2,89,4.5821000000000005,-74.0748,0.017258185595174905,0.02240675891454021
451,94,-74.065983,4.590209,481,LA CANDELARIA,CANDELARIA,17,3581,2,110,4.5981000000000005,-74.0661,0.48242253318080186,0.6263419370658618
452,94,-74.065983,4.590209,481,LA CANDELARIA,CANDELARIA,17,3581,2,90,4.5981000000000005,-74.0838,0.17760363932285897,0.2305875033447816
453,94,-74.065983,4.590209,481,LA CANDELARIA,CANDELARIA,17,3581,2,109,4.5821000000000005,-74.0571,0.010565830206242412,0.013717896870307765
454,95,-74.077773,4.590281,461,LAS CRUCES,SANTA FE,3,2645,2,89,4.5821000000000005,-74.0748,0.18998296777669796,0.45920404062965925
455,95,-74.077773,4.590281,461,LAS CRUCES,SANTA FE,3,2645,2,68,4.5821000000000005,-74.0924,0.026751680516296217,0.0646609531921613
456,95,-74.077773,4.590281,461,LAS CRUCES,SANTA FE,3,2645,2,90,4.5981000000000005,-74.0838,0.1672803227350351,0.40432993029169473
457,96,-74.065889,4.585175,484,LOURDES,SANTA FE,3,0,0,109,4.5821000000000005,-74.0571,0.008910880708040487,0.015312838725288174
458,96,-74.065889,4.585175,484,LOURDES,SANTA FE,3,0,0,110,4.5981000000000005,-74.0661,0.07685877944484285,0.13207741555774677
459,96,-74.065889,4.585175,484,LOURDES,SANTA FE,3,0,0,89,4.5821000000000005,-74.0748,0.470566239745907,0.808641162965238
460,97,-74.054539,4.683564,849,CHICO LAGO,CHAPINERO,2,9477,6,135,4.6941,-74.0485,0.002151246590820148,0.0016022127100093267
461,97,-74.054539,4.683564,849,CHICO LAGO,CHAPINERO,2,9477,6,133,4.6621,-74.0485,0.17252779477759114,0.12849583436976034
462,97,-74.054539,4.683564,849,CHICO LAGO,CHAPINERO,2,9477,6,113,4.6461,-74.0571,0.06964012945537496,0.05186681109279908
463,97,-74.054539,4.683564,849,CHICO LAGO,CHAPINERO,2,9477,6,115,4.6781,-74.0571,0.6000916911201345,0.4469383188270923
464,97,-74.054539,4.683564,849,CHICO LAGO,CHAPINERO,2,9477,6,114,4.6621,-74.0661,0.1881733870016606,0.14014841144948523
465,97,-74.054539,4.683564,849,CHICO LAGO,CHAPINERO,2,9477,6,134,4.6781,-74.0395,0.14632212989735902,0.10897829066997197
466,98,-74.062149,4.672784,168,LOS ALCAZARES,BARRIOS UNIDOS,12,12342,4,113,4.6461,-74.0571,0.0038684340892862394,0.002897383216880381
467,98,-74.062149,4.672784,168,LOS ALCAZARES,BARRIOS UNIDOS,12,12342,4,94,4.6621,-74.0838,0.06413104166370114,0.04803292482404636
468,98,-74.062149,4.672784,168,LOS ALCAZARES,BARRIOS UNIDOS,12,12342,4,95,4.6781,-74.0748,0.019229616970313276,0.014402615681401948
469,98,-74.062149,4.672784,168,LOS ALCAZARES,BARRIOS UNIDOS,12,12342,4,93,4.6461,-74.0748,0.13899308835556992,0.10410316737181503
470,98,-74.062149,4.672784,168,LOS ALCAZARES,BARRIOS UNIDOS,12,12342,4,115,4.6781,-74.0571,0.13485033834552207,0.10100032677176791
471,98,-74.062149,4.672784,168,LOS ALCAZARES,BARRIOS UNIDOS,12,12342,4,114,4.6621,-74.0661,0.8110473139889942,0.6074589411141305
472,99,-74.061605,4.650559,255,CHAPINERO,CHAPINERO,2,5395,3,113,4.6461,-74.0571,0.22055623111804123,0.39055479249803604
473,99,-74.061605,4.650559,255,CHAPINERO,CHAPINERO,2,5395,3,111,4.6141,-74.0571,0.001498916546171231,0.0026542394095792664
474,99,-74.061605,4.650559,255,CHAPINERO,CHAPINERO,2,5395,3,112,4.6301,-74.0661,0.2922317788379606,0.5174758435380961
475,99,-74.061605,4.650559,255,CHAPINERO,CHAPINERO,2,5395,3,114,4.6621,-74.0661,0.0007792990093430622,0.0013799608442030932
476,100,-74.0713,4.646901,282,GALERIAS,TEUSAQUILLO,13,9138,4,112,4.6301,-74.0661,0.07616274565141902,0.12233094427432328
477,100,-74.0713,4.646901,282,GALERIAS,TEUSAQUILLO,13,9138,4,113,4.6461,-74.0571,0.01936171950949893,0.031098372440666627
478,100,-74.0713,4.646901,282,GALERIAS,TEUSAQUILLO,13,9138,4,92,4.6301,-74.0838,0.0321175034330861,0.051586434930868855
479,100,-74.0713,4.646901,282,GALERIAS,TEUSAQUILLO,13,9138,4,93,4.6461,-74.0748,0.43658085234671185,0.7012266622332188
480,101,-74.073488,4.638714,287,TEUSAQUILLO,TEUSAQUILLO,13,6269,3,91,4.6141,-74.0748,0.1335512133998068,0.1639991293870757
481,101,-74.073488,4.638714,287,TEUSAQUILLO,TEUSAQUILLO,13,6269,3,93,4.6461,-74.0748,0.10201869091930693,0.12527760748896127
482,101,-74.073488,4.638714,287,TEUSAQUILLO,TEUSAQUILLO,13,6269,3,92,4.6301,-74.0838,0.21139349453382839,0.25958842438858404
483,101,-74.073488,4.638714,287,TEUSAQUILLO,TEUSAQUILLO,13,6269,3,112,4.6301,-74.0661,0.28863983583622194,0.35444591313340573
484,102,-74.083746,4.603186,443,LA SABANA,LOS MARTIRES,14,0,0,70,4.6141,-74.0924,0.46640343410043084,0.23345512308468744
485,102,-74.083746,4.603186,443,LA SABANA,LOS MARTIRES,14,0,0,90,4.5981000000000005,-74.0838,0.28187169339989276,0.14108899305958275
486,102,-74.083746,4.603186,443,LA SABANA,LOS MARTIRES,14,0,0,69,4.5981000000000005,-74.1014,0.00451409152248872,0.00225949835474673
487,102,-74.083746,4.603186,443,LA SABANA,LOS MARTIRES,14,0,0,92,4.6301,-74.0838,0.06328056232698273,0.031674662720714175
488,102,-74.083746,4.603186,443,LA SABANA,LOS MARTIRES,14,0,0,51,4.6461,-74.1101,0.19129985265868224,0.09575386325071225
489,102,-74.083746,4.603186,443,LA SABANA,LOS MARTIRES,14,0,0,71,4.6301,-74.1014,0.2745797893929426,0.13743907922318993
490,102,-74.083746,4.603186,443,LA SABANA,LOS MARTIRES,14,0,0,50,4.6301,-74.1191,0.0795040637143796,0.03979522795746966
491,102,-74.083746,4.603186,443,LA SABANA,LOS MARTIRES,14,0,0,91,4.6141,-74.0748,0.44031512390701194,0.22039679370290882
492,103,-74.055643,4.645749,251,PARQUE SALITRE,BARRIOS UNIDOS,12,5203,2,94,4.6621,-74.0838,0.29722346343490674,0.6819028399892473
493,103,-74.055643,4.645749,251,PARQUE SALITRE,BARRIOS UNIDOS,12,5203,2,113,4.6461,-74.0571,0.11008059162573883,0.25255162290956634
494,103,-74.055643,4.645749,251,PARQUE SALITRE,BARRIOS UNIDOS,12,5203,2,93,4.6461,-74.0748,0.016843325294767248,0.03864268056307031
495,104,-74.098756,4.652278,298,PARQUE SIMON BOLIVAR - CAN,TEUSAQUILLO,13,10082,4,72,4.6461,-74.0924,0.22600107035507608,0.21674133037887758
496,104,-74.098756,4.652278,298,PARQUE SIMON BOLIVAR - CAN,TEUSAQUILLO,13,10082,4,93,4.6461,-74.0748,0.05341917467417734,0.05123047854787644
497,104,-74.098756,4.652278,298,PARQUE SIMON BOLIVAR - CAN,TEUSAQUILLO,13,10082,4,92,4.6301,-74.0838,0.23949842339339927,0.22968566842791127
498,104,-74.098756,4.652278,298,PARQUE SIMON BOLIVAR - CAN,TEUSAQUILLO,13,10082,4,73,4.6621,-74.1014,0.24226904492016013,0.23234277175376294
499,104,-74.098756,4.652278,298,PARQUE SIMON BOLIVAR - CAN,TEUSAQUILLO,13,10082,4,94,4.6621,-74.0838,0.12270305036761131,0.11767564789157277
500,105,-74.106474,4.66839,300,JARDIN BOTANICO,ENGATIVA,10,10696,4,53,4.6781,-74.1101,0.03310959141787759,0.047309831347976436
501,105,-74.106474,4.66839,300,JARDIN BOTANICO,ENGATIVA,10,10696,4,52,4.6621,-74.1191,0.001799313706683336,0.002571014149070032
502,105,-74.106474,4.66839,300,JARDIN BOTANICO,ENGATIVA,10,10696,4,73,4.6621,-74.1014,0.6228677610090106,0.8900070180122128
503,106,-74.082384,4.647595,290,LA ESMERALDA,TEUSAQUILLO,13,9469,5,94,4.6621,-74.0838,0.01735234775566681,0.02036048447105176
504,106,-74.082384,4.647595,290,LA ESMERALDA,TEUSAQUILLO,13,9469,5,93,4.6461,-74.0748,0.1676537929354099,0.19671761398739715
505,106,-74.082384,4.647595,290,LA ESMERALDA,TEUSAQUILLO,13,9469,5,72,4.6461,-74.0924,0.6246876498879012,0.7329811143651593
506,107,-74.08924,4.627108,952,QUINTA PAREDES,TEUSAQUILLO,13,4183,3,92,4.6301,-74.0838,0.36548682343922234,0.6905992696083432
507,107,-74.08924,4.627108,952,QUINTA PAREDES,TEUSAQUILLO,13,4183,3,72,4.6461,-74.0924,0.00023040647173431936,0.0004353605407589106
508,107,-74.08924,4.627108,952,QUINTA PAREDES,TEUSAQUILLO,13,4183,3,71,4.6301,-74.1014,0.14304448753602333,0.2702872231734639
509,108,-74.104129,4.622311,369,ZONA INDUSTRIAL,PUENTE ARANDA,16,0,0,49,4.6141,-74.1101,0.14680120820708845,0.13341386372411804
510,108,-74.104129,4.622311,369,ZONA INDUSTRIAL,PUENTE ARANDA,16,0,0,71,4.6301,-74.1014,0.21658288487561045,0.19683189151283703
511,108,-74.104129,4.622311,369,ZONA INDUSTRIAL,PUENTE ARANDA,16,0,0,70,4.6141,-74.0924,0.5335965658995688,0.48493592386622464
512,108,-74.104129,4.622311,369,ZONA INDUSTRIAL,PUENTE ARANDA,16,0,0,92,4.6301,-74.0838,0.07768243875032986,0.07059829018963905
513,109,-74.100686,4.645471,327,CIUDAD SALITRE ORIENTAL,TEUSAQUILLO,13,13770,4,72,4.6461,-74.0924,0.14908087328530897,0.25743487536203136
514,109,-74.100686,4.645471,327,CIUDAD SALITRE ORIENTAL,TEUSAQUILLO,13,13770,4,71,4.6301,-74.1014,0.06719714280376088,0.11603693821449801
515,109,-74.100686,4.645471,327,CIUDAD SALITRE ORIENTAL,TEUSAQUILLO,13,13770,4,51,4.6461,-74.1101,0.27779446074524794,0.4796992451295421
516,109,-74.100686,4.645471,327,CIUDAD SALITRE ORIENTAL,TEUSAQUILLO,13,13770,4,73,4.6621,-74.1014,0.00020867282473897213,0.0003603390659331083
517,110,-74.119966,4.647998,324,CIUDAD SALITRE OCCIDENTAL,FONTIBON,9,23229,3,10,4.6141,-74.1454,0.006485610861562711,0.004689308589211357
518,110,-74.119966,4.647998,324,CIUDAD SALITRE OCCIDENTAL,FONTIBON,9,23229,3,30,4.6141,-74.1277,0.22094043137849503,0.15974715176136864
519,110,-74.119966,4.647998,324,CIUDAD SALITRE OCCIDENTAL,FONTIBON,9,23229,3,52,4.6621,-74.1191,0.29718033302500446,0.21487109201353835
520,110,-74.119966,4.647998,324,CIUDAD SALITRE OCCIDENTAL,FONTIBON,9,23229,3,51,4.6461,-74.1101,0.4101440598307552,0.29654755791422227
521,110,-74.119966,4.647998,324,CIUDAD SALITRE OCCIDENTAL,FONTIBON,9,23229,3,73,4.6621,-74.1014,0.09408269553043565,0.06802486329571825
522,110,-74.119966,4.647998,324,CIUDAD SALITRE OCCIDENTAL,FONTIBON,9,23229,3,32,4.6461,-74.1277,0.2441493006699733,0.17652792267678388
523,111,-74.116056,4.631391,384,PUENTE ARANDA,PUENTE ARANDA,16,14637,3,50,4.6301,-74.1191,0.2757156173425514,0.513269900220619
524,111,-74.116056,4.631391,384,PUENTE ARANDA,PUENTE ARANDA,16,14637,3,51,4.6461,-74.1101,0.00495526765948928,0.009224685063786554
525,111,-74.116056,4.631391,384,PUENTE ARANDA,PUENTE ARANDA,16,14637,3,71,4.6301,-74.1014,0.24460376634847486,0.45535233715574297
526,112,-74.134842,4.664756,317,GRANJAS DE TECHO,FONTIBON,9,13285,4,51,4.6461,-74.1101,0.11550789461001061,0.11251541236896921
527,112,-74.134842,4.664756,317,GRANJAS DE TECHO,FONTIBON,9,13285,4,33,4.6621,-74.1367,0.4609499826181907,0.4490080747369113
528,112,-74.134842,4.664756,317,GRANJAS DE TECHO,FONTIBON,9,13285,4,32,4.6461,-74.1277,0.2183792809305032,0.2127216925708303
529,112,-74.134842,4.664756,317,GRANJAS DE TECHO,FONTIBON,9,13285,4,52,4.6621,-74.1191,0.11284768537815816,0.10992412162022695
530,112,-74.134842,4.664756,317,GRANJAS DE TECHO,FONTIBON,9,13285,4,50,4.6301,-74.1191,0.015885786599227618,0.01547423088311259
531,113,-74.128083,4.645743,388,BAVARIA,KENNEDY,8,4792,3,31,4.6301,-74.1367,0.26266997575332596,0.28677714038284646
532,113,-74.128083,4.645743,388,BAVARIA,KENNEDY,8,4792,3,50,4.6301,-74.1191,0.23039165193089362,0.25153639626810365
533,113,-74.128083,4.645743,388,BAVARIA,KENNEDY,8,4792,3,32,4.6461,-74.1277,0.35633916285663614,0.3890430409389855
534,114,-74.120802,4.660963,321,MODELIA,FONTIBON,9,11514,4,34,4.6781,-74.1277,0.11418115663251041,0.1273059854778796
535,114,-74.120802,4.660963,321,MODELIA,FONTIBON,9,11514,4,33,4.6621,-74.1367,0.052277186633911316,0.0582863141232728
536,114,-74.120802,4.660963,321,MODELIA,FONTIBON,9,11514,4,53,4.6781,-74.1101,0.02787737632038777,0.03108180867730138
537,114,-74.120802,4.660963,321,MODELIA,FONTIBON,9,11514,4,52,4.6621,-74.1191,0.5877035177943515,0.6552585182021509
538,115,-74.128572,4.672513,998,CAPELLANIA,FONTIBON,9,4973,4,53,4.6781,-74.1101,0.006880098865433625,0.008477308175567506
539,115,-74.128572,4.672513,998,CAPELLANIA,FONTIBON,9,4973,4,34,4.6781,-74.1277,0.6878834471690511,0.8475750253853693
540,115,-74.128572,4.672513,998,CAPELLANIA,FONTIBON,9,4973,4,35,4.6941,-74.1367,0.09203269582163118,0.11339801069254825
541,116,-74.124933,4.698499,197,ALAMOS,ENGATIVA,10,14514,2,53,4.6781,-74.1101,0.22488141300819048,0.21335324286963955
542,116,-74.124933,4.698499,197,ALAMOS,ENGATIVA,10,14514,2,52,4.6621,-74.1191,0.0002448549306899204,0.00023230285151851421
543,116,-74.124933,4.698499,197,ALAMOS,ENGATIVA,10,14514,2,54,4.6941,-74.1191,0.5722285786155129,0.5428942360205536
544,116,-74.124933,4.698499,197,ALAMOS,ENGATIVA,10,14514,2,34,4.6781,-74.1277,0.05097326846294058,0.048360208968613184
545,116,-74.124933,4.698499,197,ALAMOS,ENGATIVA,10,14514,2,36,4.7101,-74.1277,0.05923409335119605,0.056197556462615914
546,116,-74.124933,4.698499,197,ALAMOS,ENGATIVA,10,14514,2,35,4.6941,-74.1367,0.008592972345000166,0.008152467965985895
547,117,-74.141398,4.698403,304,AEROPUERTO EL DORADO,FONTIBON,9,0,0,34,4.6781,-74.1277,0.014805279290268486,0.006591681790063268
548,117,-74.141398,4.698403,304,AEROPUERTO EL DORADO,FONTIBON,9,0,0,54,4.6941,-74.1191,0.2343408402583434,0.1043344214664278
549,117,-74.141398,4.698403,304,AEROPUERTO EL DORADO,FONTIBON,9,0,0,195,4.7101,-74.163,0.12412103992781803,0.055261801051851474
550,117,-74.141398,4.698403,304,AEROPUERTO EL DORADO,FONTIBON,9,0,0,35,4.6941,-74.1367,0.8705177303265,0.3875763339832502
551,117,-74.141398,4.698403,304,AEROPUERTO EL DORADO,FONTIBON,9,0,0,17,4.7101,-74.1454,0.5122940338160951,0.22808615681321415
552,117,-74.141398,4.698403,304,AEROPUERTO EL DORADO,FONTIBON,9,0,0,16,4.6941,-74.1544,0.29641900118978864,0.13197317619369536
