,comuna_id,circle_id,x_coord,y_coord,overlap_wrt_circle,overlap_wrt_comuna,median_income_comuna,median_income_circle
0,13101,151,-70.65925226306331,-33.47882352941176,0.34829966191519157,0.048425536755516835,540000.0,447000.0
1,13101,150,-70.67807579247507,-33.47882352941176,0.07873611118635492,0.010947005877857238,540000.0,388147.0
2,13101,205,-70.66823529411765,-33.42588235294117,0.3336635371969521,0.046390616044987946,540000.0,535487.5
3,13101,187,-70.65925226306331,-33.44352941176471,1.0,0.13903411932483617,540000.0,513207.5
4,13101,206,-70.64941176470589,-33.42588235294117,0.07911875220014553,0.011000206034227179,540000.0,382509.0
5,13101,186,-70.67807579247507,-33.44352941176471,0.7471748059765266,0.10388279113065173,540000.0,397950.0
6,13101,168,-70.68705882352941,-33.461176470588235,0.031518776378935444,0.004382185316041738,540000.0,302870.0
7,13101,204,-70.68705882352941,-33.42588235294117,0.0413721753304499,0.005752143961621815,540000.0,312481.0
8,13101,169,-70.66823529411765,-33.461176470588235,1.0,0.13903411932483617,540000.0,548027.5
9,13101,171,-70.63058823529411,-33.461176470588235,0.647143835922172,0.08997507330393545,540000.0,545766.5
10,13101,185,-70.69689932188683,-33.44352941176471,0.07442476498521255,0.010347581655676931,540000.0,386641.0
11,13101,170,-70.64941176470589,-33.461176470588235,1.0,0.13903411932483617,540000.0,435421.5
12,13101,153,-70.62160520423977,-33.47882352941176,0.015294330743841364,0.0021264338056327507,540000.0,505578.0
13,13101,152,-70.64042873365155,-33.47882352941176,0.32542264161015544,0.04524485038462975,540000.0,398641.0
14,13101,188,-70.64042873365155,-33.44352941176471,0.8588287498117347,0.1194064988809246,540000.0,650425.0
15,13102,113,-70.69689932188683,-33.514117647058825,0.26484213559068787,0.050435731753035964,490000.0,417583.0
16,13102,132,-70.68705882352941,-33.49647058823529,0.19106534310745074,0.03638590351484839,490000.0,486399.0
17,13102,95,-70.70588235294117,-33.53176470588235,0.17707441067441476,0.0337215128445586,490000.0,358386.5
18,13102,150,-70.67807579247507,-33.47882352941176,0.02899047640290584,0.005520858257650633,490000.0,388147.0
19,13102,129,-70.7435294117647,-33.49647058823529,0.014933348744660306,0.00284386156976264,490000.0,500000.0
20,13102,149,-70.69689932188683,-33.47882352941176,0.4632567012983076,0.08822119889407536,490000.0,376678.0
21,13102,130,-70.72470588235294,-33.49647058823529,0.9523501161081945,0.18136266302141396,490000.0,494996.0
22,13102,131,-70.70588235294117,-33.49647058823529,1.0,0.19043696215689832,490000.0,500000.0
23,13102,112,-70.7157228512986,-33.514117647058825,0.8598415382182689,0.1637456104746017,490000.0,650000.0
24,13102,111,-70.73454638071036,-33.514117647058825,0.1911615192306693,0.036404219003586154,490000.0,375000.0
25,13102,94,-70.72470588235294,-33.53176470588235,0.08745488864199587,0.016654643318751525,490000.0,
26,13102,148,-70.7157228512986,-33.47882352941176,0.4672228666810852,0.08897650338098337,490000.0,400000.0
27,13102,147,-70.73454638071036,-33.47882352941176,0.06671023347387416,0.012704094207542024,490000.0,572077.5
28,13103,201,-70.7435294117647,-33.42588235294117,0.8118431739905548,0.23233714329772,350000.0,350000.0
29,13103,200,-70.76235294117647,-33.42588235294117,0.5752315003673555,0.16462248844598604,350000.0,351194.0
30,13103,199,-70.78117647058824,-33.42588235294117,0.15782866346300287,0.045168158056001516,350000.0,
31,13103,219,-70.73454638071036,-33.408235294117645,0.21728022931464538,0.06218229011632429,350000.0,390000.0
32,13103,202,-70.72470588235294,-33.42588235294117,0.8364715082886107,0.2393853972195521,350000.0,350000.0
33,13103,218,-70.75336991012213,-33.408235294117645,0.21593333973605697,0.06179683084653885,350000.0,453152.0
34,13103,183,-70.73454638071036,-33.44352941176471,0.08461482602458105,0.024215473614875097,350000.0,359036.5
35,13103,220,-70.7157228512986,-33.408235294117645,0.08756874995037847,0.025060841622423984,350000.0,450000.0
36,13103,217,-70.7721934395339,-33.408235294117645,0.14034528317985598,0.040164681078782655,350000.0,290000.0
37,13103,184,-70.7157228512986,-33.44352941176471,0.014196566415195063,0.004062840941717579,350000.0,342698.5
38,13104,259,-70.65925226306331,-33.37294117647059,0.2653771988881964,0.07647133416297723,550000.0,500000.0
39,13104,258,-70.67807579247507,-33.37294117647059,0.7583143638389414,0.21851655440128492,550000.0,500000.0
40,13104,242,-70.64941176470589,-33.39058823529412,0.052629443165920095,0.015165748044722106,550000.0,445099.0
41,13104,240,-70.68705882352941,-33.39058823529412,0.6147180349445561,0.1771377061149044,550000.0,500000.0
42,13104,241,-70.66823529411765,-33.39058823529412,0.9849278972338568,0.283817715581287,550000.0,565000.0
43,13104,222,-70.67807579247507,-33.408235294117645,0.09521755900615965,0.02743797810606442,550000.0,459547.0
44,13104,223,-70.65925226306331,-33.408235294117645,0.014678779316147864,0.004229850352225076,550000.0,458574.0
45,13104,257,-70.69689932188683,-33.37294117647059,0.4454653360267883,0.12836569498828426,550000.0,500000.0
46,13105,78,-70.67807579247507,-33.54941176470588,0.9168476492831571,0.2031587703761307,399632.5,454615.5
47,13105,96,-70.68705882352941,-33.53176470588235,0.019561227773802266,0.0043344551133224895,399632.5,415235.5
48,13105,42,-70.67807579247507,-33.58470588235294,0.3117857016237168,0.0690867232001498,399632.5,361014.0
49,13105,60,-70.68705882352941,-33.56705882352941,1.0,0.22158400093512987,399632.5,552318.0
50,13105,61,-70.66823529411765,-33.56705882352941,0.9990636418752706,0.22137651895554425,399632.5,349499.0
51,13105,62,-70.64941176470589,-33.56705882352941,0.03519343666857712,0.0077983025036804255,399632.5,410000.0
52,13105,41,-70.69689932188683,-33.58470588235294,0.0045220119621290815,0.001002005502845079,399632.5,430515.0
53,13105,43,-70.65925226306331,-33.58470588235294,0.1663555794526098,0.03686173487299116,399632.5,400000.0
54,13105,59,-70.70588235294117,-33.56705882352941,0.07203474274146421,0.015961746502986443,399632.5,501170.0
55,13105,77,-70.69689932188683,-33.54941176470588,0.14657122389345137,0.03247783821226966,399632.5,350000.0
56,13105,79,-70.65925226306331,-33.54941176470588,0.5024730727070414,0.11133999381259464,399632.5,425452.0
57,13106,167,-70.70588235294117,-33.461176470588235,0.850808122810712,0.18056518473177327,367460.0,425547.0
58,13106,168,-70.68705882352941,-33.461176470588235,0.9684812236210553,0.20553869475843692,367460.0,302870.0
59,13106,149,-70.69689932188683,-33.47882352941176,0.5367432987016915,0.11391188011162703,367460.0,376678.0
60,13106,148,-70.7157228512986,-33.47882352941176,0.4738828770295861,0.10057114752195227,367460.0,400000.0
61,13106,185,-70.69689932188683,-33.44352941176471,0.2791381446618959,0.05924089028446343,367460.0,386641.0
62,13106,147,-70.73454638071036,-33.47882352941176,0.012313432513518942,0.0026132533962424666,367460.0,572077.5
63,13106,150,-70.67807579247507,-33.47882352941176,0.3682049781278319,0.07814335349217405,367460.0,388147.0
64,13106,186,-70.67807579247507,-33.44352941176471,0.20761223311903443,0.044061099348548016,367460.0,397950.0
65,13106,166,-70.72470588235294,-33.461176470588235,0.6968031424917259,0.14788103777153375,367460.0,431722.0
66,13107,278,-70.64941176470589,-33.355294117647055,1.0,0.07083332216837344,586416.5,
67,13107,279,-70.63058823529411,-33.355294117647055,1.0,0.07083332216837344,586416.5,300000.0
68,13107,298,-70.60278167482801,-33.33764705882353,0.4142761855178201,0.029344558515468598,586416.5,
69,13107,299,-70.58395814541625,-33.33764705882353,0.052087485333852254,0.0036895296295931836,586416.5,
70,13107,277,-70.66823529411765,-33.355294117647055,1.0,0.07083332216837344,586416.5,983852.0
71,13107,225,-70.62160520423977,-33.408235294117645,0.007787582442787546,0.000551620336082739,586416.5,418560.5
72,13107,261,-70.62160520423977,-33.37294117647059,1.0,0.07083332216837344,586416.5,498111.0
73,13107,258,-70.67807579247507,-33.37294117647059,0.24168563616107827,0.017119396529665945,586416.5,500000.0
74,13107,259,-70.65925226306331,-33.37294117647059,0.6546490402303441,0.04637096637385243,586416.5,500000.0
75,13107,313,-70.66823529411765,-33.32,0.022668108680503143,0.001605657445113782,586416.5,
76,13107,296,-70.64042873365155,-33.33764705882353,0.28599436574408366,0.020257931047090304,586416.5,
77,13107,295,-70.65925226306331,-33.33764705882353,0.9043738307926057,0.0640598029171787,586416.5,211866.0
78,13107,294,-70.67807579247507,-33.33764705882353,0.731816747434735,0.05183701143925577,586416.5,1609445.5
79,13107,297,-70.62160520423977,-33.33764705882353,0.2706420628894723,0.019170476432963178,586416.5,
80,13107,281,-70.59294117647059,-33.355294117647055,0.5964327474526635,0.04224731295208264,586416.5,
81,13107,226,-70.60278167482801,-33.408235294117645,0.006818390087066522,0.0004829692217068268,586416.5,850000.0
82,13107,276,-70.68705882352941,-33.355294117647055,0.7420012925324639,0.05255841660330153,586416.5,663641.5
83,13107,244,-70.61176470588235,-33.39058823529412,0.893724594015198,0.06330548209767728,586416.5,784119.5
84,13107,245,-70.59294117647059,-33.39058823529412,0.008568175757830091,0.0006069123538496262,586416.5,880926.0
85,13107,262,-70.60278167482801,-33.37294117647059,0.7147904641999645,0.05063098323355729,586416.5,
86,13107,243,-70.63058823529411,-33.39058823529412,0.4927226536385506,0.03490118246483534,586416.5,342818.0
87,13107,260,-70.64042873365155,-33.37294117647059,0.9886000722280485,0.07002582741180662,586416.5,500000.0
88,13107,280,-70.61176470588235,-33.355294117647055,1.0,0.07083332216837344,586416.5,
89,13107,282,-70.57411764705883,-33.355294117647055,0.0011444699785586058,8.106661070327318e-05,586416.5,
90,13108,223,-70.65925226306331,-33.408235294117645,0.7417627667878426,0.3126281880426648,477702.0,458574.0
91,13108,205,-70.66823529411765,-33.42588235294117,0.5654077559310481,0.23830045151423734,477702.0,535487.5
92,13108,206,-70.64941176470589,-33.42588235294117,0.3443460267217142,0.14513032901325312,477702.0,382509.0
93,13108,222,-70.67807579247507,-33.408235294117645,0.5589731731469157,0.2355884901612497,477702.0,459547.0
94,13108,241,-70.66823529411765,-33.39058823529412,0.015072102766152775,0.006352387028240909,477702.0,565000.0
95,13109,98,-70.64941176470589,-33.53176470588235,0.5389334141087998,0.16917909848073784,485000.0,464479.0
96,13109,114,-70.67807579247507,-33.514117647058825,0.18952723757317014,0.05949537800174414,485000.0,519561.5
97,13109,96,-70.68705882352941,-33.53176470588235,0.1907605866755688,0.059882544363660806,485000.0,415235.5
98,13109,79,-70.65925226306331,-33.54941176470588,0.3434212179216615,0.10780495424136859,485000.0,425452.0
99,13109,97,-70.66823529411765,-33.53176470588235,1.0,0.31391465819668773,485000.0,493505.5
100,13109,78,-70.67807579247507,-33.54941176470588,0.08315235071683612,0.026102741753526712,485000.0,454615.5
101,13109,116,-70.64042873365155,-33.514117647058825,0.057275265701388446,0.017979545455775826,485000.0,420955.0
102,13109,115,-70.65925226306331,-33.514117647058825,0.4977990206195828,0.15626640940844225,485000.0,568850.0
103,13110,123,-70.50866402776919,-33.514117647058825,1.0,0.04452407139798898,543913.5,
104,13110,117,-70.62160520423977,-33.514117647058825,5.3117492494401536e-05,2.3650070283028777e-06,543913.5,410885.0
105,13110,125,-70.47101696894566,-33.514117647058825,0.9332438584269379,0.041551816184335705,543913.5,
106,13110,124,-70.48984049835742,-33.514117647058825,1.0,0.04452407139798898,543913.5,
107,13110,119,-70.58395814541625,-33.514117647058825,0.735808045738593,0.03276116996367986,543913.5,404844.0
108,13110,142,-70.49882352941177,-33.49647058823529,0.299106978237304,0.01331746045467446,543913.5,
109,13110,118,-70.60278167482801,-33.514117647058825,0.7758464189167404,0.03454384134972302,543913.5,602146.5
110,13110,121,-70.54631108659272,-33.514117647058825,0.6222974208821471,0.027707214798141117,543913.5,774832.0
111,13110,65,-70.59294117647059,-33.56705882352941,0.6121290465779635,0.02725447737462017,543913.5,450331.0
112,13110,120,-70.56513461600449,-33.514117647058825,0.6639880083111209,0.02956344948945285,543913.5,528936.0
113,13110,100,-70.61176470588235,-33.53176470588235,0.38851492966098894,0.017298266467410537,543913.5,413842.0
114,13110,101,-70.59294117647059,-33.53176470588235,1.0,0.04452407139798898,543913.5,576712.5
115,13110,81,-70.62160520423977,-33.54941176470588,0.04298603631197341,0.001913913349870851,543913.5,497990.0
116,13110,103,-70.55529411764707,-33.53176470588235,1.0,0.04452407139798898,543913.5,741188.0
117,13110,64,-70.61176470588235,-33.56705882352941,0.31242064250820883,0.013910238993241082,543913.5,418466.0
118,13110,141,-70.51764705882353,-33.49647058823529,0.10966535152112689,0.004882747941012213,543913.5,1221331.0
119,13110,122,-70.52748755718096,-33.514117647058825,0.8329534119326956,0.03708647718408986,543913.5,888975.0
120,13110,82,-70.60278167482801,-33.54941176470588,0.9886123253766094,0.04401704576000007,543913.5,494346.0
121,13110,143,-70.48,-33.49647058823529,0.4187403793042568,0.018644026545363717,543913.5,
122,13110,67,-70.55529411764707,-33.56705882352941,0.03636444688949466,0.0016190932296562385,543913.5,689513.5
123,13110,86,-70.52748755718096,-33.54941176470588,0.19793548775917616,0.008812893789185334,543913.5,
124,13110,102,-70.57411764705883,-33.53176470588235,1.0,0.04452407139798898,543913.5,704443.0
125,13110,105,-70.51764705882353,-33.53176470588235,1.0,0.04452407139798898,543913.5,
126,13110,104,-70.5364705882353,-33.53176470588235,1.0,0.04452407139798898,543913.5,741262.5
127,13110,87,-70.50866402776919,-33.54941176470588,0.22911107542483752,0.010200957880285504,543913.5,
128,13110,85,-70.54631108659272,-33.54941176470588,0.5081286551978792,0.0226239565233945,543913.5,862039.5
129,13110,107,-70.48,-33.53176470588235,0.6135801483543982,0.0273190863337199,543913.5,
130,13110,106,-70.49882352941177,-33.53176470588235,1.0,0.04452407139798898,543913.5,
131,13110,88,-70.48984049835742,-33.54941176470588,0.11844802533631674,0.005273788337024974,543913.5,
132,13110,83,-70.58395814541625,-33.54941176470588,1.0,0.04452407139798898,543913.5,658825.0
133,13110,84,-70.56513461600449,-33.54941176470588,0.7490615291174406,0.03335126900391173,543913.5,604061.5
134,13110,66,-70.57411764705883,-33.56705882352941,0.29583994165607097,0.013171998684671797,543913.5,627097.5
135,13111,80,-70.64042873365155,-33.54941176470588,0.0709361095886415,0.022302980315979392,442401.5,413682.0
136,13111,100,-70.61176470588235,-33.53176470588235,0.6114850703390181,0.1922566597798048,442401.5,413842.0
137,13111,63,-70.63058823529411,-33.56705882352941,0.029451848334292156,0.009259938238480836,442401.5,405821.5
138,13111,81,-70.62160520423977,-33.54941176470588,0.9130127460507762,0.28705979819718397,442401.5,497990.0
139,13111,82,-70.60278167482801,-33.54941176470588,0.011387674623376559,0.003580392051985515,442401.5,494346.0
140,13111,116,-70.64042873365155,-33.514117647058825,0.045341955739569,0.014255937521974597,442401.5,420955.0
141,13111,117,-70.62160520423977,-33.514117647058825,0.4221072677253931,0.13271449671971755,442401.5,410885.0
142,13111,99,-70.63058823529411,-33.53176470588235,0.777346645547881,0.2444050996718754,442401.5,484285.5
143,13111,118,-70.60278167482801,-33.514117647058825,0.028778002170080134,0.009048074664011207,442401.5,602146.5
144,13112,62,-70.64941176470589,-33.56705882352941,0.9648065633314239,0.10001941359972354,420000.0,410000.0
145,13112,28,-70.61176470588235,-33.60235294117647,0.4428227161687707,0.04590647502117247,420000.0,400000.0
146,13112,81,-70.62160520423977,-33.54941176470588,0.04400121763725201,0.00456151124278781,420000.0,497990.0
147,13112,46,-70.60278167482801,-33.58470588235294,0.12074324350936874,0.012517191394548164,420000.0,435005.5
148,13112,61,-70.66823529411765,-33.56705882352941,0.0009363581247321364,9.707022538451956e-05,420000.0,349499.0
149,13112,8,-70.64042873365155,-33.62,0.6227648886673903,0.06456069158560702,420000.0,
150,13112,25,-70.66823529411765,-33.60235294117647,0.4152769546971569,0.043050865395098385,420000.0,315044.0
151,13112,44,-70.64042873365155,-33.58470588235294,1.0,0.10366784120369374,420000.0,380797.5
152,13112,26,-70.64941176470589,-33.60235294117647,0.9094888020280234,0.09428474070517877,420000.0,
153,13112,80,-70.64042873365155,-33.54941176470588,0.06628073620745735,0.006871180836018602,420000.0,413682.0
154,13112,64,-70.61176470588235,-33.56705882352941,0.5247761063176993,0.05440240605723596,420000.0,418466.0
155,13112,63,-70.63058823529411,-33.56705882352941,0.9642710921844514,0.09996390246189003,420000.0,405821.5
156,13112,27,-70.63058823529411,-33.60235294117647,0.909174508204773,0.09425215854301874,420000.0,270000.0
157,13112,43,-70.65925226306331,-33.58470588235294,0.7371016292129242,0.07641373464822937,420000.0,400000.0
158,13112,79,-70.65925226306331,-33.54941176470588,0.026905379136873308,0.0027892225718865564,420000.0,425452.0
159,13112,45,-70.62160520423977,-33.58470588235294,1.0,0.10366784120369374,420000.0,365000.0
160,13112,9,-70.62160520423977,-33.62,0.16466239565737614,0.017070195085228657,420000.0,323792.5
161,13113,191,-70.58395814541625,-33.44352941176471,0.007165406450245291,0.0009721245687651651,1004199.0,1160285.0
162,13113,196,-70.48984049835742,-33.44352941176471,0.043084465902845454,0.005845232664344856,1004199.0,
163,13113,195,-70.50866402776919,-33.44352941176471,0.8532808946340174,0.11576388966787118,1004199.0,
164,13113,210,-70.57411764705883,-33.42588235294117,0.17392762198828945,0.023596611817593198,1004199.0,835586.0
165,13113,193,-70.54631108659272,-33.44352941176471,1.0,0.13566914529068852,1004199.0,1408448.0
166,13113,211,-70.55529411764707,-33.42588235294117,0.21926955812331772,0.029748113538857465,1004199.0,957184.0
167,13113,194,-70.52748755718096,-33.44352941176471,1.0,0.13566914529068852,1004199.0,2108641.5
168,13113,175,-70.55529411764707,-33.461176470588235,0.5942394275558645,0.08061995523453216,1004199.0,597904.0
169,13113,213,-70.51764705882353,-33.42588235294117,0.059328511896190074,0.008049048500324554,1004199.0,391636.0
170,13113,179,-70.48,-33.461176470588235,0.025937276614844233,0.00351888814950408,1004199.0,
171,13113,178,-70.49882352941177,-33.461176470588235,0.5058462084069887,0.06862772274311166,1004199.0,
172,13113,192,-70.56513461600449,-33.44352941176471,0.9187618888032647,0.12464764017959754,1004199.0,1171631.0
173,13113,212,-70.5364705882353,-33.42588235294117,0.15803542764928022,0.021440531394826295,1004199.0,858430.5
174,13113,174,-70.57411764705883,-33.461176470588235,0.15159540781031444,0.020566819407618727,1004199.0,794414.0
175,13113,176,-70.5364705882353,-33.461176470588235,0.6182131397958482,0.08387244828357568,1004199.0,471877.0
176,13113,177,-70.51764705882353,-33.461176470588235,0.42089923053896594,0.057103038860729975,1004199.0,495532.5
177,13114,196,-70.48984049835742,-33.44352941176471,0.9569155340971602,0.030795972179380737,1008725.0,
178,13114,227,-70.58395814541625,-33.408235294117645,0.8052537043086175,0.02591510931905673,1008725.0,808188.0
179,13114,228,-70.56513461600449,-33.408235294117645,1.0,0.03218253971437136,1008725.0,1014980.0
180,13114,248,-70.5364705882353,-33.39058823529412,0.8218656646092524,0.026449724391165472,1008725.0,1286756.0
181,13114,178,-70.49882352941177,-33.461176470588235,0.0016864745769972179,5.42750350514906e-05,1008725.0,
182,13114,250,-70.49882352941177,-33.39058823529412,1.0,0.03218253971437136,1008725.0,1354197.0
183,13114,226,-70.60278167482801,-33.408235294117645,0.3763041978042547,0.012110424790520082,1008725.0,850000.0
184,13114,249,-70.51764705882353,-33.39058823529412,1.0,0.03218253971437136,1008725.0,1450216.0
185,13114,197,-70.47101696894566,-33.44352941176471,1.0,0.03218253971437136,1008725.0,
186,13114,179,-70.48,-33.461176470588235,0.8080289785217983,0.026004424691640694,1008725.0,
187,13114,161,-70.47101696894566,-33.47882352941176,0.2332552376611752,0.007506745949615899,1008725.0,
188,13114,209,-70.59294117647059,-33.42588235294117,0.4390283979534425,0.014129048852873496,1008725.0,1191640.0
189,13114,246,-70.57411764705883,-33.39058823529412,0.04891714194899252,0.0015742778634869929,1008725.0,1380527.0
190,13114,266,-70.52748755718096,-33.37294117647059,0.2249524752980623,0.007239541970126032,1008725.0,1244608.0
191,13114,247,-70.55529411764707,-33.39058823529412,0.3760301575515551,0.01210160547920424,1008725.0,1176894.5
192,13114,212,-70.5364705882353,-33.42588235294117,0.8419645723507149,0.027096558287770578,1008725.0,858430.5
193,13114,268,-70.48984049835742,-33.37294117647059,0.8921098204618706,0.02871035972659485,1008725.0,930629.0
194,13114,210,-70.57411764705883,-33.42588235294117,0.826072378011703,0.026585107112306817,1008725.0,835586.0
195,13114,213,-70.51764705882353,-33.42588235294117,0.9406714881038117,0.030273197524077724,1008725.0,391636.0
196,13114,211,-70.55529411764707,-33.42588235294117,0.7807304418766857,0.025125888451915133,1008725.0,957184.0
197,13114,251,-70.48,-33.39058823529412,0.6529749945326514,0.021014393694038472,1008725.0,
198,13114,195,-70.50866402776919,-33.44352941176471,0.14671910536598007,0.0047217934352976896,1008725.0,
199,13114,267,-70.50866402776919,-33.37294117647059,0.6644737743359234,0.021384453631724084,1008725.0,775078.0
200,13114,215,-70.48,-33.42588235294117,1.0,0.03218253971437136,1008725.0,
201,13114,214,-70.49882352941177,-33.42588235294117,1.0,0.03218253971437136,1008725.0,
202,13114,230,-70.52748755718096,-33.408235294117645,1.0,0.03218253971437136,1008725.0,1598367.0
203,13114,269,-70.47101696894566,-33.37294117647059,0.04010831013633531,0.0012907872838389344,1008725.0,
204,13114,231,-70.50866402776919,-33.408235294117645,1.0,0.03218253971437136,1008725.0,1752603.0
205,13114,233,-70.47101696894566,-33.408235294117645,1.0,0.03218253971437136,1008725.0,
206,13114,232,-70.48984049835742,-33.408235294117645,1.0,0.03218253971437136,1008725.0,
207,13114,229,-70.54631108659272,-33.408235294117645,1.0,0.03218253971437136,1008725.0,1015444.0
208,13115,318,-70.57411764705883,-33.32,1.0,0.0030942036560121923,1013430.0,
209,13115,300,-70.56513461600449,-33.33764705882353,1.0,0.0030942036560121923,1013430.0,
210,13115,302,-70.52748755718096,-33.33764705882353,1.0,0.0030942036560121923,1013430.0,3128958.5
211,13115,265,-70.54631108659272,-33.37294117647059,0.1258786788356853,0.000389494268267362,1013430.0,1266652.0
212,13115,304,-70.48984049835742,-33.33764705882353,1.0,0.0030942036560121923,1013430.0,2004299.0
213,13115,317,-70.59294117647059,-33.32,0.8895948096000392,0.002752587512233911,1013430.0,
214,13115,267,-70.50866402776919,-33.37294117647059,0.3326738438413564,0.001029360623873554,1013430.0,775078.0
215,13115,305,-70.47101696894566,-33.33764705882353,1.0,0.0030942036560121923,1013430.0,769862.0
216,13115,322,-70.49882352941177,-33.32,1.0,0.0030942036560121923,1013430.0,
217,13115,299,-70.58395814541625,-33.33764705882353,0.9479125146661461,0.0029330343684597,1013430.0,
218,13115,298,-70.60278167482801,-33.33764705882353,0.02524740007267066,7.812059760966005e-05,1013430.0,
219,13115,321,-70.51764705882353,-33.32,1.0,0.0030942036560121923,1013430.0,4015591.0
220,13115,268,-70.48984049835742,-33.37294117647059,0.10789017953814864,0.0003338341879747513,1013430.0,930629.0
221,13115,323,-70.48,-33.32,1.0,0.0030942036560121923,1013430.0,
222,13115,320,-70.5364705882353,-33.32,1.0,0.0030942036560121923,1013430.0,2700000.0
223,13115,319,-70.55529411764707,-33.32,1.0,0.0030942036560121923,1013430.0,6202784.0
224,13115,301,-70.54631108659272,-33.33764705882353,1.0,0.0030942036560121923,1013430.0,1401152.5
225,13115,281,-70.59294117647059,-33.355294117647055,0.0011503815792313723,3.559514888266791e-06,1013430.0,
226,13115,303,-70.50866402776919,-33.33764705882353,1.0,0.0030942036560121923,1013430.0,3449449.0
227,13115,266,-70.52748755718096,-33.37294117647059,0.33259833723939164,0.0010291269910697018,1013430.0,1244608.0
228,13115,284,-70.5364705882353,-33.355294117647055,1.0,0.0030942036560121923,1013430.0,1107378.0
229,13115,287,-70.48,-33.355294117647055,1.0,0.0030942036560121923,1013430.0,3306378.0
230,13115,286,-70.49882352941177,-33.355294117647055,1.0,0.0030942036560121923,1013430.0,610160.5
231,13115,285,-70.51764705882353,-33.355294117647055,1.0,0.0030942036560121923,1013430.0,1117641.0
232,13115,282,-70.57411764705883,-33.355294117647055,0.41876556054372893,0.001295745928446401,1013430.0,
233,13115,251,-70.48,-33.39058823529412,0.3470250054673466,0.001073766040644715,1013430.0,
234,13115,269,-70.47101696894566,-33.37294117647059,0.9598916898636466,0.0029701003761518165,1013430.0,
235,13115,283,-70.55529411764707,-33.355294117647055,0.7390921564814587,0.0022869016527148644,1013430.0,
236,13116,114,-70.67807579247507,-33.514117647058825,0.6529586352611021,0.2524702438130888,417583.0,519561.5
237,13116,96,-70.68705882352941,-33.53176470588235,0.686792606158859,0.2655523449148008,417583.0,415235.5
238,13116,113,-70.69689932188683,-33.514117647058825,0.7351578644093004,0.2842530525602233,417583.0,417583.0
239,13116,132,-70.68705882352941,-33.49647058823529,0.05063472910705126,0.019578211716206224,417583.0,486399.0
240,13116,95,-70.70588235294117,-33.53176470588235,0.30980945777639235,0.11978962390033987,417583.0,358386.5
241,13117,166,-70.72470588235294,-33.461176470588235,0.19776995755223914,0.09581811593122914,349000.0,431722.0
242,13117,183,-70.73454638071036,-33.44352941176471,0.7552291381767485,0.3659030623867506,349000.0,359036.5
243,13117,167,-70.70588235294117,-33.461176470588235,0.1491918771892823,0.07228238687741229,349000.0,425547.0
244,13117,165,-70.7435294117647,-33.461176470588235,0.004147065953891055,0.0020092235001841793,349000.0,490067.0
245,13117,184,-70.7157228512986,-33.44352941176471,0.8215785395449267,0.39804886810440854,349000.0,342698.5
246,13118,119,-70.58395814541625,-33.514117647058825,0.022810988903309702,0.005641894416730811,615673.5,404844.0
247,13118,138,-70.57411764705883,-33.49647058823529,0.013230200948361949,0.0032722560683004745,615673.5,564516.0
248,13118,153,-70.62160520423977,-33.47882352941176,0.35574080781701817,0.08798619323053264,615673.5,505578.0
249,13118,137,-70.59294117647059,-33.49647058823529,0.915541656224942,0.22644302622892953,615673.5,677062.0
250,13118,174,-70.57411764705883,-33.461176470588235,0.0011438300777301348,0.00028290612724370237,615673.5,794414.0
251,13118,155,-70.58395814541625,-33.47882352941176,0.6777143681001017,0.16762065536612658,615673.5,550000.0
252,13118,117,-70.62160520423977,-33.514117647058825,0.0001668333566009808,4.1263278287552224e-05,615673.5,410885.0
253,13118,136,-70.61176470588235,-33.49647058823529,0.7848908614643199,0.19412886428593518,615673.5,668839.0
254,13118,154,-70.60278167482801,-33.47882352941176,0.8014537410127991,0.19822539942720613,615673.5,792477.0
255,13118,118,-70.60278167482801,-33.514117647058825,0.1871781690965366,0.04629520761401195,615673.5,602146.5
256,13119,112,-70.7157228512986,-33.514117647058825,0.1401584617817395,0.003212852577391525,550000.0,650000.0
257,13119,73,-70.7721934395339,-33.54941176470588,1.0,0.022923001127072233,550000.0,598241.0
258,13119,56,-70.76235294117647,-33.56705882352941,0.4206312347643072,0.009642130268584,550000.0,1071635.0
259,13119,111,-70.73454638071036,-33.514117647058825,0.8088384807693281,0.0185410054062947,550000.0,375000.0
260,13119,91,-70.78117647058824,-33.53176470588235,1.0,0.022923001127072233,550000.0,645137.5
261,13119,72,-70.79101696894566,-33.54941176470588,1.0,0.022923001127072233,550000.0,450341.0
262,13119,54,-70.8,-33.56705882352941,0.01537432015180244,0.0003524255581677367,550000.0,498195.0
263,13119,92,-70.76235294117647,-33.53176470588235,1.0,0.022923001127072233,550000.0,592213.5
264,13119,93,-70.7435294117647,-33.53176470588235,0.9580830253468372,0.021962138269854325,550000.0,
265,13119,94,-70.72470588235294,-33.53176470588235,0.1267106020794417,0.0029045872742790436,550000.0,
266,13119,74,-70.75336991012213,-33.54941176470588,0.7414598814785347,0.016996485698811296,550000.0,381504.5
267,13119,146,-70.75336991012213,-33.47882352941176,1.0,0.022923001127072233,550000.0,461118.0
268,13119,55,-70.78117647058824,-33.56705882352941,0.5723762778260999,0.013120582061717097,550000.0,523159.0
269,13119,164,-70.76235294117647,-33.461176470588235,0.42581698327477574,0.009761003187534183,550000.0,415825.5
270,13119,144,-70.79101696894566,-33.47882352941176,1.0,0.022923001127072233,550000.0,
271,13119,163,-70.78117647058824,-33.461176470588235,0.49053021069411146,0.011244424572604097,550000.0,
272,13119,147,-70.73454638071036,-33.47882352941176,0.9029586553647615,0.02069852227462606,550000.0,572077.5
273,13119,90,-70.8,-33.53176470588235,0.8860018459746227,0.020309821313864357,550000.0,610000.0
274,13119,129,-70.7435294117647,-33.49647058823529,0.9850666512553373,0.02258068395696737,550000.0,500000.0
275,13119,162,-70.8,-33.461176470588235,0.44221865036573443,0.010136978620746093,550000.0,
276,13119,110,-70.75336991012213,-33.514117647058825,1.0,0.022923001127072233,550000.0,441260.5
277,13119,108,-70.79101696894566,-33.514117647058825,1.0,0.022923001127072233,550000.0,571024.0
278,13119,165,-70.7435294117647,-33.461176470588235,0.12949421876536857,0.002968396122707882,550000.0,490067.0
279,13119,127,-70.78117647058824,-33.49647058823529,1.0,0.022923001127072233,550000.0,616540.5
280,13119,128,-70.76235294117647,-33.49647058823529,1.0,0.022923001127072233,550000.0,535190.0
281,13119,126,-70.8,-33.49647058823529,1.0,0.022923001127072233,550000.0,600000.0
282,13119,148,-70.7157228512986,-33.47882352941176,0.05889425642880653,0.0013500331064956134,550000.0,400000.0
283,13119,145,-70.7721934395339,-33.47882352941176,1.0,0.022923001127072233,550000.0,600000.0
284,13119,130,-70.72470588235294,-33.49647058823529,0.047649883891791006,0.0010922783421563865,550000.0,494996.0
285,13119,109,-70.7721934395339,-33.514117647058825,1.0,0.022923001127072233,550000.0,550000.0
286,13120,192,-70.56513461600449,-33.44352941176471,0.08123811119674171,0.015205957605184851,1008962.0,1171631.0
287,13120,174,-70.57411764705883,-33.461176470588235,0.5424035178630969,0.10152580822017163,1008962.0,794414.0
288,13120,155,-70.58395814541625,-33.47882352941176,0.14645777661109405,0.027413620396768295,1008962.0,550000.0
289,13120,191,-70.58395814541625,-33.44352941176471,0.7843997568269756,0.14682209214517886,1008962.0,1160285.0
290,13120,171,-70.63058823529411,-33.461176470588235,0.35285616407782255,0.06604678263261639,1008962.0,545766.5
291,13120,190,-70.60278167482801,-33.44352941176471,0.3679115234241654,0.0688648092038754,1008962.0,1100723.5
292,13120,189,-70.62160520423977,-33.44352941176471,0.2138039981454889,0.04001932693567744,1008962.0,955193.0
293,13120,154,-70.60278167482801,-33.47882352941176,0.19854625898719716,0.03716341938964801,1008962.0,792477.0
294,13120,172,-70.61176470588235,-33.461176470588235,1.0,0.18717763597874898,1008962.0,987210.5
295,13120,173,-70.59294117647059,-33.461176470588235,1.0,0.18717763597874898,1008962.0,1035978.0
296,13120,153,-70.62160520423977,-33.47882352941176,0.16209284816736222,0.030340156129029152,1008962.0,505578.0
297,13121,132,-70.68705882352941,-33.49647058823529,0.7582999277854993,0.2822653301886847,400000.0,486399.0
298,13121,151,-70.65925226306331,-33.47882352941176,0.3875749588487637,0.14426873816511548,400000.0,447000.0
299,13121,133,-70.66823529411765,-33.49647058823529,0.7188123852051042,0.26756670786737563,400000.0,402839.5
300,13121,114,-70.67807579247507,-33.514117647058825,0.14392735538450796,0.053574714967247264,400000.0,519561.5
301,13121,150,-70.67807579247507,-33.47882352941176,0.5240684341219812,0.19507630711624172,400000.0,388147.0
302,13122,155,-70.58395814541625,-33.47882352941176,0.17582785528879538,0.010405938659846138,553159.0,550000.0
303,13122,137,-70.59294117647059,-33.49647058823529,0.08445834377506642,0.004998459107585696,553159.0,677062.0
304,13122,177,-70.51764705882353,-33.461176470588235,0.5791007694610368,0.034272653072992695,553159.0,495532.5
305,13122,142,-70.49882352941177,-33.49647058823529,0.700893021762713,0.041480627626365466,553159.0,
306,13122,139,-70.55529411764707,-33.49647058823529,1.0,0.059182537617571994,553159.0,852101.5
307,13122,140,-70.5364705882353,-33.49647058823529,1.0,0.059182537617571994,553159.0,563431.0
308,13122,161,-70.47101696894566,-33.47882352941176,0.7667447623388209,0.045377900740193565,553159.0,
309,13122,143,-70.48,-33.49647058823529,0.5812596206957357,0.034400419367401,553159.0,
310,13122,141,-70.51764705882353,-33.49647058823529,0.890334648478884,0.05269226382582928,553159.0,1221331.0
311,13122,138,-70.57411764705883,-33.49647058823529,0.9867697990516497,0.058399540752258214,553159.0,564516.0
312,13122,174,-70.57411764705883,-33.461176470588235,0.304857244953195,0.01804222536743182,553159.0,794414.0
313,13122,120,-70.56513461600449,-33.514117647058825,0.3360119916888753,0.019886042338082152,553159.0,528936.0
314,13122,121,-70.54631108659272,-33.514117647058825,0.37770257911785843,0.022353397096896616,553159.0,774832.0
315,13122,158,-70.52748755718096,-33.47882352941176,1.0,0.059182537617571994,553159.0,525125.0
316,13122,160,-70.48984049835742,-33.47882352941176,1.0,0.059182537617571994,553159.0,
317,13122,157,-70.54631108659272,-33.47882352941176,1.0,0.059182537617571994,553159.0,804065.5
318,13122,156,-70.56513461600449,-33.47882352941176,1.0,0.059182537617571994,553159.0,476468.0
319,13122,159,-70.50866402776919,-33.47882352941176,1.0,0.059182537617571994,553159.0,
320,13122,175,-70.55529411764707,-33.461176470588235,0.40576057244413816,0.024013940342402753,553159.0,597904.0
321,13122,179,-70.48,-33.461176470588235,0.1660337448633526,0.009826298351161715,553159.0,
322,13122,176,-70.5364705882353,-33.461176470588235,0.38178686020413577,0.022595115215925967,553159.0,471877.0
323,13122,178,-70.49882352941177,-33.461176470588235,0.49246731701602026,0.02914546551472537,553159.0,
324,13122,119,-70.58395814541625,-33.514117647058825,0.24138096535808898,0.014285538062470944,553159.0,404844.0
325,13122,122,-70.52748755718096,-33.514117647058825,0.1670465880672979,0.009886240982179911,553159.0,888975.0
326,13123,209,-70.59294117647059,-33.42588235294117,0.5609716020465637,0.12338485253966026,926973.5,1191640.0
327,13123,191,-70.58395814541625,-33.44352941176471,0.20843483556883835,0.04584492576266765,926973.5,1160285.0
328,13123,207,-70.63058823529411,-33.42588235294117,0.6437230839482578,0.14158591540029217,926973.5,747755.0
329,13123,208,-70.61176470588235,-33.42588235294117,1.0,0.21994848240003895,926973.5,800000.0
330,13123,226,-70.60278167482801,-33.408235294117645,0.11649054843411849,0.025621919342032593,926973.5,850000.0
331,13123,188,-70.64042873365155,-33.44352941176471,0.1005066349549091,0.022106281829466962,926973.5,650425.0
332,13123,189,-70.62160520423977,-33.44352941176471,0.7861960018545116,0.17292261747687804,926973.5,955193.0
333,13123,190,-70.60278167482801,-33.44352941176471,0.6320884765758438,0.13902690116540942,926973.5,1100723.5
334,13123,225,-70.62160520423977,-33.408235294117645,0.16762680525170026,0.03686926142467835,926973.5,418560.5
335,13124,147,-70.73454638071036,-33.47882352941176,0.018017677284874092,0.00028806697583859045,400000.0,572077.5
336,13124,164,-70.76235294117647,-33.461176470588235,0.5741830167252229,0.009180049269989443,400000.0,415825.5
337,13124,162,-70.8,-33.461176470588235,0.5577812849401856,0.00891781806231886,400000.0,
338,13124,181,-70.7721934395339,-33.44352941176471,1.0,0.01598801950351413,400000.0,400028.0
339,13124,182,-70.75336991012213,-33.44352941176471,1.0,0.01598801950351413,400000.0,350000.0
340,13124,166,-70.72470588235294,-33.461176470588235,0.10542688188747353,0.001685567043811607,400000.0,431722.0
341,13124,271,-70.78117647058824,-33.355294117647055,0.008325999123247097,0.00013311623636871612,400000.0,
342,13124,200,-70.76235294117647,-33.42588235294117,0.4247684996326533,0.006791207056605295,400000.0,351194.0
343,13124,199,-70.78117647058824,-33.42588235294117,0.8421713365370048,0.013464651753854194,400000.0,
344,13124,165,-70.7435294117647,-33.461176470588235,0.8663587152807452,0.013851360036947997,400000.0,490067.0
345,13124,201,-70.7435294117647,-33.42588235294117,0.18815682614989365,0.003008255006203817,400000.0,350000.0
346,13124,198,-70.8,-33.42588235294117,1.0,0.01598801950351413,400000.0,
347,13124,180,-70.79101696894566,-33.44352941176471,1.0,0.01598801950351413,400000.0,
348,13124,270,-70.8,-33.355294117647055,0.5425997841393502,0.008675095931422487,400000.0,
349,13124,163,-70.78117647058824,-33.461176470588235,0.5094697893017949,0.008145412927808331,400000.0,
350,13124,216,-70.79101696894566,-33.408235294117645,0.9743653064793099,0.015578171523538726,400000.0,
351,13124,183,-70.73454638071036,-33.44352941176471,0.1601560335823457,0.0025605777885200067,400000.0,359036.5
352,13124,234,-70.8,-33.39058823529412,1.0,0.01598801950351413,400000.0,
353,13124,236,-70.76235294117647,-33.39058823529412,0.378965879102198,0.006058913866252318,400000.0,757321.0
354,13124,252,-70.79101696894566,-33.37294117647059,1.0,0.01598801950351413,400000.0,
355,13124,253,-70.7721934395339,-33.37294117647059,0.46829394302456906,0.007487092694454344,400000.0,
356,13124,217,-70.7721934395339,-33.408235294117645,0.02001553681279059,0.00032000879293620096,400000.0,290000.0
357,13124,235,-70.78117647058824,-33.39058823529412,1.0,0.01598801950351413,400000.0,
358,13125,292,-70.7157228512986,-33.33764705882353,1.0,0.055836049284701206,531655.0,
359,13125,309,-70.7435294117647,-33.32,0.0013957091845366804,7.793088681490022e-05,531655.0,864458.0
360,13125,276,-70.68705882352941,-33.355294117647055,0.257998707467543,0.01440562854554694,531655.0,663641.5
361,13125,291,-70.73454638071036,-33.33764705882353,0.9951311687090073,0.05556419298077844,531655.0,
362,13125,275,-70.70588235294117,-33.355294117647055,1.0,0.055836049284701206,531655.0,556335.0
363,13125,290,-70.75336991012213,-33.33764705882353,0.8235530081607411,0.04598394635222707,531655.0,792495.0
364,13125,289,-70.7721934395339,-33.33764705882353,0.5701401842855268,0.0318343754289553,531655.0,
365,13125,273,-70.7435294117647,-33.355294117647055,1.0,0.055836049284701206,531655.0,580873.0
366,13125,274,-70.72470588235294,-33.355294117647055,1.0,0.055836049284701206,531655.0,598102.0
367,13125,255,-70.73454638071036,-33.37294117647059,1.0,0.055836049284701206,531655.0,521865.5
368,13125,254,-70.75336991012213,-33.37294117647059,1.0,0.055836049284701206,531655.0,358309.0
369,13125,256,-70.7157228512986,-33.37294117647059,1.0,0.055836049284701206,531655.0,435468.0
370,13125,310,-70.72470588235294,-33.32,0.14247687442175533,0.007955345782143314,531655.0,
371,13125,257,-70.69689932188683,-33.37294117647059,0.5510961655305084,0.030771032659171325,531655.0,500000.0
372,13125,238,-70.72470588235294,-33.39058823529412,0.5695510990816397,0.03180148323847818,531655.0,550000.0
373,13125,311,-70.70588235294117,-33.32,0.41923303371845055,0.02340831633247821,531655.0,
374,13125,312,-70.68705882352941,-33.32,0.0837526814895868,0.004676418851378451,531655.0,
375,13125,239,-70.70588235294117,-33.39058823529412,0.24912223155513524,0.013910001199027279,531655.0,340697.0
376,13125,237,-70.7435294117647,-33.39058823529412,0.4578967540719917,0.025567145727668435,531655.0,634325.0
377,13125,294,-70.67807579247507,-33.33764705882353,0.20675454837500568,0.011544357152902956,531655.0,1609445.5
378,13125,288,-70.79101696894566,-33.33764705882353,0.3342765643072527,0.018664682719380356,531655.0,
379,13125,272,-70.76235294117647,-33.355294117647055,1.0,0.055836049284701206,531655.0,437619.0
380,13125,293,-70.69689932188683,-33.33764705882353,1.0,0.055836049284701206,531655.0,
381,13125,236,-70.76235294117647,-33.39058823529412,0.017682044028391814,0.000987295481823542,531655.0,757321.0
382,13125,270,-70.8,-33.355294117647055,0.32468129580504224,0.01812892083439099,531655.0,
383,13125,271,-70.78117647058824,-33.355294117647055,0.9916740008767486,0.055371158387310965,531655.0,
384,13125,253,-70.7721934395339,-33.37294117647059,0.5317060569754261,0.02968836560225404,531655.0,
385,13126,186,-70.67807579247507,-33.44352941176471,0.0452129605728052,0.01231907731243051,400000.0,397950.0
386,13126,185,-70.69689932188683,-33.44352941176471,0.6464370894320817,0.17613331180808098,400000.0,386641.0
387,13126,221,-70.69689932188683,-33.408235294117645,0.24294187985923882,0.06619384712916358,400000.0,415372.0
388,13126,202,-70.72470588235294,-33.42588235294117,0.1635284917113836,0.044556253486956666,400000.0,350000.0
389,13126,204,-70.68705882352941,-33.42588235294117,0.7722730004771834,0.21041954958604112,400000.0,312481.0
390,13126,184,-70.7157228512986,-33.44352941176471,0.164224894039882,0.044746000719091884,400000.0,342698.5
391,13126,203,-70.70588235294117,-33.42588235294117,1.0,0.2724678312669535,400000.0,473911.0
392,13126,220,-70.7157228512986,-33.408235294117645,0.3191136135764151,0.08694819421892648,400000.0,450000.0
393,13126,205,-70.66823529411765,-33.42588235294117,0.039129630148984164,0.010661565464971715,400000.0,535487.5
394,13127,243,-70.63058823529411,-33.39058823529412,0.5072773463614526,0.10192922111886293,438025.0,342818.0
395,13127,223,-70.65925226306331,-33.408235294117645,0.24355845407863458,0.04893915271245009,438025.0,458574.0
396,13127,206,-70.64941176470589,-33.42588235294117,0.5765352272597852,0.11584547798888677,438025.0,382509.0
397,13127,259,-70.65925226306331,-33.37294117647059,0.07997375496571534,0.016069439355168486,438025.0,500000.0
398,13127,207,-70.63058823529411,-33.42588235294117,0.3562769160517438,0.07158811410811365,438025.0,747755.0
399,13127,188,-70.64042873365155,-33.44352941176471,0.04066463104055489,0.008170903350563388,438025.0,650425.0
400,13127,242,-70.64941176470589,-33.39058823529412,0.9473705568340716,0.1903588710626843,438025.0,445099.0
401,13127,226,-70.60278167482801,-33.408235294117645,0.015671554581996757,0.003148946752151006,438025.0,850000.0
402,13127,225,-70.62160520423977,-33.408235294117645,0.8185441828436577,0.16447328390884003,438025.0,418560.5
403,13127,224,-70.64042873365155,-33.408235294117645,1.0,0.20093391090686485,438025.0,573268.0
404,13127,260,-70.64042873365155,-33.37294117647059,0.011399927771953589,0.002290632071274417,438025.0,500000.0
405,13128,237,-70.7435294117647,-33.39058823529412,0.5421032459280205,0.07151820173837782,430000.0,634325.0
406,13128,239,-70.70588235294117,-33.39058823529412,0.7508777684448751,0.09906125471094099,430000.0,340697.0
407,13128,205,-70.66823529411765,-33.42588235294117,0.06179907826129079,0.008152983734252795,430000.0,535487.5
408,13128,222,-70.67807579247507,-33.408235294117645,0.34580927297936226,0.04562167360869043,430000.0,459547.0
409,13128,204,-70.68705882352941,-33.42588235294117,0.1863548241923525,0.024585283359986065,430000.0,312481.0
410,13128,238,-70.72470588235294,-33.39058823529412,0.4304489009183426,0.056787948725967596,430000.0,550000.0
411,13128,257,-70.69689932188683,-33.37294117647059,0.0034384656586322667,0.0004536273901543812,430000.0,500000.0
412,13128,219,-70.73454638071036,-33.408235294117645,0.7827197706853597,0.10326208316399776,430000.0,390000.0
413,13128,216,-70.79101696894566,-33.408235294117645,0.025634693520686824,0.003381915154511721,430000.0,
414,13128,217,-70.7721934395339,-33.408235294117645,0.8396391800073464,0.11077130549257916,430000.0,290000.0
415,13128,218,-70.75336991012213,-33.408235294117645,0.7840666602639341,0.10343977463019605,430000.0,453152.0
416,13128,220,-70.7157228512986,-33.408235294117645,0.5933176331367901,0.07827477606959021,430000.0,450000.0
417,13128,240,-70.68705882352941,-33.39058823529412,0.38528196505543827,0.05082919814623675,430000.0,500000.0
418,13128,221,-70.69689932188683,-33.408235294117645,0.7570581201407678,0.09987661164289278,430000.0,415372.0
419,13128,236,-70.76235294117647,-33.39058823529412,0.6033520768694116,0.0795985928454398,430000.0,757321.0
420,13129,136,-70.61176470588235,-33.49647058823529,0.21510913853568303,0.0689136792246976,453578.0,668839.0
421,13129,118,-70.60278167482801,-33.514117647058825,0.008197407555390803,0.002626171619633931,453578.0,602146.5
422,13129,152,-70.64042873365155,-33.47882352941176,0.4024248361169822,0.12892328172109174,453578.0,398641.0
423,13129,134,-70.64941176470589,-33.49647058823529,0.0020025173763859308,0.0006415387140572413,453578.0,621594.5
424,13129,135,-70.63058823529411,-33.49647058823529,0.9848325743065834,0.3155069867221788,453578.0,422862.0
425,13129,153,-70.62160520423977,-33.47882352941176,0.46687201742133144,0.14956997488149001,453578.0,505578.0
426,13129,116,-70.64042873365155,-33.514117647058825,0.2594745545503347,0.08312685523719322,453578.0,420955.0
427,13129,117,-70.62160520423977,-33.514117647058825,0.5776727814949018,0.1850667853154679,453578.0,410885.0
428,13130,135,-70.63058823529411,-33.49647058823529,0.015167425693414432,0.004981005071723939,591898.5,422862.0
429,13130,152,-70.64042873365155,-33.47882352941176,0.272152522403747,0.08937529161353423,591898.5,398641.0
430,13130,151,-70.65925226306331,-33.47882352941176,0.2641253792360427,0.08673916590321347,591898.5,447000.0
431,13130,114,-70.67807579247507,-33.514117647058825,0.013586774970428704,0.00446191703220023,591898.5,519561.5
432,13130,116,-70.64042873365155,-33.514117647058825,0.4760613730673121,0.15633926030900064,591898.5,420955.0
433,13130,133,-70.66823529411765,-33.49647058823529,0.2811876147948893,0.09234242934233909,591898.5,402839.5
434,13130,115,-70.65925226306331,-33.514117647058825,0.5022009793803995,0.16492354575401771,591898.5,568850.0
435,13130,134,-70.64941176470589,-33.49647058823529,0.9979974826236168,0.3277438520548901,591898.5,621594.5
436,13131,79,-70.65925226306331,-33.54941176470588,0.12720034982004022,0.06412416477078266,430000.0,425452.0
437,13131,116,-70.64042873365155,-33.514117647058825,0.16184685113078526,0.081590138425136,430000.0,420955.0
438,13131,63,-70.63058823529411,-33.56705882352941,0.0062770594812529565,0.0031643874959568163,430000.0,405821.5
439,13131,98,-70.64941176470589,-33.53176470588235,0.4610665858911961,0.23243261332077933,430000.0,464479.0
440,13131,99,-70.63058823529411,-33.53176470588235,0.22265335445211895,0.11224387674919552,430000.0,484285.5
441,13131,80,-70.64042873365155,-33.54941176470588,0.8627831542038935,0.43494573104475565,430000.0,413682.0
442,13132,226,-70.60278167482801,-33.408235294117645,0.48471541936893425,0.05356813629061472,1114425.0,850000.0
443,13132,265,-70.54631108659272,-33.37294117647059,0.8741213211643102,0.09660317826824022,1114425.0,1266652.0
444,13132,267,-70.50866402776919,-33.37294117647059,0.0028523817270200732,0.00031522985859373126,1114425.0,775078.0
445,13132,225,-70.62160520423977,-33.408235294117645,0.0060414294618553336,0.0006676662302679435,1114425.0,418560.5
446,13132,282,-70.57411764705883,-33.355294117647055,0.580089969477718,0.0641084176489734,1114425.0,
447,13132,283,-70.55529411764707,-33.355294117647055,0.26090784351854296,0.028834128980439536,1114425.0,
448,13132,281,-70.59294117647059,-33.355294117647055,0.4024168709681083,0.04447294418182053,1114425.0,
449,13132,266,-70.52748755718096,-33.37294117647059,0.442449187388801,0.048897100081058506,1114425.0,1244608.0
450,13132,245,-70.59294117647059,-33.39058823529412,0.9914318242421678,0.10956770294826117,1114425.0,880926.0
451,13132,262,-70.60278167482801,-33.37294117647059,0.28520953580003494,0.031519821063275257,1114425.0,
452,13132,247,-70.55529411764707,-33.39058823529412,0.6239698424484535,0.0689577847658097,1114425.0,1176894.5
453,13132,248,-70.5364705882353,-33.39058823529412,0.1781343353907425,0.019686446881910236,1114425.0,1286756.0
454,13132,227,-70.58395814541625,-33.408235294117645,0.19474654002203537,0.021522338223958413,1114425.0,808188.0
455,13132,264,-70.56513461600449,-33.37294117647059,1.0,0.11051461156394965,1114425.0,1322221.5
456,13132,263,-70.58395814541625,-33.37294117647059,1.0,0.11051461156394965,1114425.0,5331904.0
457,13132,244,-70.61176470588235,-33.39058823529412,0.1062754059848042,0.011744985211211686,1114425.0,784119.5
458,13132,246,-70.57411764705883,-33.39058823529412,0.9510828894229177,0.10510855608969262,1114425.0,1380527.0
459,13201,64,-70.61176470588235,-33.56705882352941,0.1628032512745169,0.0058585074642858595,500000.0,418466.0
460,13201,85,-70.54631108659272,-33.54941176470588,0.49187134480212086,0.017700088434552053,500000.0,862039.5
461,13201,84,-70.56513461600449,-33.54941176470588,0.25093847088255855,0.00903007091831994,500000.0,604061.5
462,13201,88,-70.48984049835742,-33.54941176470588,0.5540293351028723,0.019936856111432966,500000.0,
463,13201,86,-70.52748755718096,-33.54941176470588,0.8020645122408219,0.02886245142536141,500000.0,
464,13201,87,-70.50866402776919,-33.54941176470588,0.7708889245751591,0.027740591685995308,500000.0,
465,13201,67,-70.55529411764707,-33.56705882352941,0.9636355531105069,0.03467661755249482,500000.0,689513.5
466,13201,66,-70.57411764705883,-33.56705882352941,0.7041600583439102,0.02533934012720475,500000.0,627097.5
467,13201,65,-70.59294117647059,-33.56705882352941,0.38787095342203476,0.013957613610376016,500000.0,450331.0
468,13201,69,-70.51764705882353,-33.56705882352941,1.0,0.03598519942582298,500000.0,
469,13201,48,-70.56513461600449,-33.58470588235294,1.0,0.03598519942582298,500000.0,577876.5
470,13201,51,-70.50866402776919,-33.58470588235294,0.9983871218953092,0.03592715968557614,500000.0,
471,13201,14,-70.52748755718096,-33.62,0.2935731406249338,0.010564288011453414,500000.0,500000.0
472,13201,32,-70.5364705882353,-33.60235294117647,1.0,0.03598519942582298,500000.0,515492.0
473,13201,31,-70.55529411764707,-33.60235294117647,1.0,0.03598519942582298,500000.0,432929.0
474,13201,15,-70.50866402776919,-33.62,0.07590527289395377,0.0027314663825604413,500000.0,400000.0
475,13201,13,-70.54631108659272,-33.62,0.44521399941075945,0.016021114555964413,500000.0,487895.5
476,13201,34,-70.49882352941177,-33.60235294117647,0.49734811629353104,0.017897171148880113,500000.0,
477,13201,12,-70.56513461600449,-33.62,0.6647082275027973,0.02391965812667347,500000.0,423000.0
478,13201,33,-70.51764705882353,-33.60235294117647,1.0,0.03598519942582298,500000.0,310347.0
479,13201,47,-70.58395814541625,-33.58470588235294,1.0,0.03598519942582298,500000.0,700000.0
480,13201,50,-70.52748755718096,-33.58470588235294,1.0,0.03598519942582298,500000.0,
481,13201,46,-70.60278167482801,-33.58470588235294,0.8792567564906295,0.031640229728817575,500000.0,435005.5
482,13201,30,-70.57411764705883,-33.60235294117647,1.0,0.03598519942582298,500000.0,566393.0
483,13201,70,-70.49882352941177,-33.56705882352941,0.6553736177769995,0.02358375033412841,500000.0,
484,13201,28,-70.61176470588235,-33.60235294117647,0.5571772838312274,0.02005013567420509,500000.0,400000.0
485,13201,68,-70.5364705882353,-33.56705882352941,1.0,0.03598519942582298,500000.0,1200000.0
486,13201,27,-70.63058823529411,-33.60235294117647,0.09082549179522965,0.003268373435199788,500000.0,270000.0
487,13201,9,-70.62160520423977,-33.62,0.8353376043426156,0.030059790280158233,500000.0,323792.5
488,13201,29,-70.59294117647059,-33.60235294117647,1.0,0.03598519942582298,500000.0,506500.0
489,13201,11,-70.58395814541625,-33.62,1.0,0.03598519942582298,500000.0,500317.0
490,13201,52,-70.48984049835742,-33.58470588235294,0.03755257584815749,0.0013513369308492907,500000.0,
491,13201,10,-70.60278167482801,-33.62,1.0,0.03598519942582298,500000.0,449867.0
492,13201,49,-70.54631108659272,-33.58470588235294,1.0,0.03598519942582298,500000.0,554717.0
493,13202,13,-70.54631108659272,-33.62,0.5547860005892261,0.003936923850565048,558435.0,487895.5
494,13202,35,-70.48,-33.60235294117647,0.9713146576367645,0.006892733122307023,558435.0,170834.0
495,13202,14,-70.52748755718096,-33.62,0.7064268593750754,0.005013011771024681,558435.0,500000.0
496,13202,17,-70.47101696894566,-33.62,1.0,0.007096292708150039,558435.0,
497,13202,16,-70.48984049835742,-33.62,1.0,0.007096292708150039,558435.0,
498,13202,12,-70.56513461600449,-33.62,0.3352917724972027,0.0023793285602746015,558435.0,423000.0
499,13202,34,-70.49882352941177,-33.60235294117647,0.42970558317650065,0.0030493165965467615,558435.0,
500,13202,53,-70.47101696894566,-33.58470588235294,0.12345281116924726,0.000876057283700953,558435.0,
501,13202,15,-70.50866402776919,-33.62,0.9240947271060356,0.006557646673602461,558435.0,400000.0
502,13203,53,-70.47101696894566,-33.58470588235294,0.8765471888307325,0.0005551808198365749,,
503,13203,35,-70.48,-33.60235294117647,0.0286853423632424,1.816850489448445e-05,,170834.0
504,13203,52,-70.48984049835742,-33.58470588235294,0.9624474241518491,0.0006095876603095315,,
505,13203,51,-70.50866402776919,-33.58470588235294,0.0016128781047018695,1.021552518649125e-06,,
506,13203,89,-70.47101696894566,-33.54941176470588,1.0,0.0006333724263917345,,
507,13203,71,-70.48,-33.56705882352941,1.0,0.0006333724263917345,,
508,13203,125,-70.47101696894566,-33.514117647058825,0.06675614157306058,4.2281499364679514e-05,,
509,13203,107,-70.48,-33.53176470588235,0.38641985164560405,0.0002447476790427103,,
510,13203,88,-70.48984049835742,-33.54941176470588,0.3275226395608178,0.00020744380891686063,,
511,13203,70,-70.49882352941177,-33.56705882352941,0.3446263822230066,0.00021827684790719101,,
512,13203,34,-70.49882352941177,-33.60235294117647,0.07294630052998674,4.620217536297837e-05,,
513,13301,298,-70.60278167482801,-33.33764705882353,0.5604764144095119,0.0018363403394214487,,
514,13301,317,-70.59294117647059,-33.32,0.11040519039995499,0.0003617306627015531,,
515,13301,297,-70.62160520423977,-33.33764705882353,0.7293579371105233,0.002389662378932276,,
516,13301,294,-70.67807579247507,-33.33764705882353,0.061428704190247554,0.00020126450391633923,,1609445.5
517,13301,295,-70.65925226306331,-33.33764705882353,0.09562616920739266,0.00031330879856002766,,211866.0
518,13301,296,-70.64042873365155,-33.33764705882353,0.7140056342559112,0.0023393622194427086,,
519,13301,313,-70.66823529411765,-33.32,0.9773318913195,0.0032021222140522585,,
520,13301,312,-70.68705882352941,-33.32,0.9162473185104033,0.0030019852193780947,,
521,13301,311,-70.70588235294117,-33.32,0.5807669662815351,0.00190282013759632,,
522,13301,310,-70.72470588235294,-33.32,0.2767639352541719,0.0009067870935117028,,
523,13301,314,-70.64941176470589,-33.32,1.0,0.003276391819905784,,
524,13301,315,-70.63058823529411,-33.32,1.0,0.003276391819905784,,
525,13301,316,-70.61176470588235,-33.32,1.0,0.003276391819905784,,
526,13302,291,-70.73454638071036,-33.33764705882353,0.004868831290994747,3.436047814910662e-05,863587.0,
527,13302,306,-70.8,-33.32,1.0,0.00705723326512849,863587.0,
528,13302,307,-70.78117647058824,-33.32,1.0,0.00705723326512849,863587.0,
529,13302,308,-70.76235294117647,-33.32,1.0,0.00705723326512849,863587.0,
530,13302,309,-70.7435294117647,-33.32,0.9986042908154639,0.007047383419842936,863587.0,864458.0
531,13302,288,-70.79101696894566,-33.33764705882353,0.6657234356927505,0.004698165575746506,863587.0,
532,13302,290,-70.75336991012213,-33.33764705882353,0.17644699183924822,0.0012452275803397977,863587.0,792495.0
533,13302,289,-70.7721934395339,-33.33764705882353,0.42985981571448534,0.0030336209908022682,863587.0,
534,13302,310,-70.72470588235294,-33.32,0.580759139711919,0.004098552719802359,863587.0,
535,13302,270,-70.8,-33.355294117647055,0.13271891989970513,0.0009366283764281226,863587.0,
536,13401,3,-70.73454638071036,-33.62,1.0,0.020516146845087724,421385.0,
537,13401,21,-70.7435294117647,-33.60235294117647,0.8820691734590675,0.01809666069021139,421385.0,
538,13401,20,-70.76235294117647,-33.60235294117647,0.018582592805048995,0.0003812432027508558,421385.0,
539,13401,23,-70.70588235294117,-33.60235294117647,1.0,0.020516146845087724,421385.0,524531.0
540,13401,4,-70.7157228512986,-33.62,1.0,0.020516146845087724,421385.0,548635.0
541,13401,94,-70.72470588235294,-33.53176470588235,0.7858344803498271,0.016122295594790257,421385.0,
542,13401,2,-70.75336991012213,-33.62,0.34232725408642256,0.007023236213912702,421385.0,
543,13401,6,-70.67807579247507,-33.62,1.0,0.020516146845087724,421385.0,522061.0
544,13401,7,-70.65925226306331,-33.62,1.0,0.020516146845087724,421385.0,
545,13401,8,-70.64042873365155,-33.62,0.37723511133260557,0.007739410939222753,421385.0,
546,13401,5,-70.69689932188683,-33.62,1.0,0.020516146845087724,421385.0,466691.5
547,13401,22,-70.72470588235294,-33.60235294117647,1.0,0.020516146845087724,421385.0,569079.5
548,13401,57,-70.7435294117647,-33.56705882352941,1.0,0.020516146845087724,421385.0,
549,13401,40,-70.7157228512986,-33.58470588235294,1.0,0.020516146845087724,421385.0,424079.0
550,13401,38,-70.75336991012213,-33.58470588235294,0.3375549639919807,0.006925327209547776,421385.0,
551,13401,39,-70.73454638071036,-33.58470588235294,1.0,0.020516146845087724,421385.0,
552,13401,24,-70.68705882352941,-33.60235294117647,1.0,0.020516146845087724,421385.0,421282.5
553,13401,56,-70.76235294117647,-33.56705882352941,0.46160994911927034,0.009470457501284424,421385.0,1071635.0
554,13401,43,-70.65925226306331,-33.58470588235294,0.09654279190143505,0.001980686095484588,421385.0,400000.0
555,13401,41,-70.69689932188683,-33.58470588235294,0.9954779880378821,0.02042337258363767,421385.0,430515.0
556,13401,59,-70.70588235294117,-33.56705882352941,0.9279652572585342,0.019038271485055696,421385.0,501170.0
557,13401,75,-70.73454638071036,-33.54941176470588,1.0,0.020516146845087724,421385.0,
558,13401,76,-70.7157228512986,-33.54941176470588,1.0,0.020516146845087724,421385.0,600000.0
559,13401,77,-70.69689932188683,-33.54941176470588,0.8534287761065533,0.01750907009242554,421385.0,350000.0
560,13401,26,-70.64941176470589,-33.60235294117647,0.09051119797197218,0.0018569410287177877,421385.0,
561,13401,96,-70.68705882352941,-33.53176470588235,0.10288558684527525,0.002110815807960693,421385.0,415235.5
562,13401,74,-70.75336991012213,-33.54941176470588,0.2585401185214598,0.005304247036932655,421385.0,381504.5
563,13401,95,-70.70588235294117,-33.53176470588235,0.5131161240904439,0.010527165750421803,421385.0,358386.5
564,13401,93,-70.7435294117647,-33.53176470588235,0.04191697465316317,0.0008599748072861157,421385.0,
565,13401,25,-70.66823529411765,-33.60235294117647,0.5847230453028432,0.011996263861140014,421385.0,315044.0
566,13401,42,-70.67807579247507,-33.58470588235294,0.6882142983762822,0.014119505606376825,421385.0,361014.0
567,13401,58,-70.72470588235294,-33.56705882352941,1.0,0.020516146845087724,421385.0,
568,13403,1,-70.7721934395339,-33.62,1.0,0.043267206660329335,485633.0,512022.5
569,13403,0,-70.79101696894566,-33.62,1.0,0.043267206660329335,485633.0,673212.5
570,13403,56,-70.76235294117647,-33.56705882352941,0.11775881688378294,0.005095095066186516,485633.0,1071635.0
571,13403,19,-70.78117647058824,-33.60235294117647,1.0,0.043267206660329335,485633.0,458483.0
572,13403,55,-70.78117647058824,-33.56705882352941,0.19822837080257882,0.008576787885455572,485633.0,523159.0
573,13403,38,-70.75336991012213,-33.58470588235294,0.6624450360080119,0.02866214627406796,485633.0,
574,13403,36,-70.79101696894566,-33.58470588235294,0.9519143492575242,0.04118667487225822,485633.0,405473.0
575,13403,37,-70.7721934395339,-33.58470588235294,1.0,0.043267206660329335,485633.0,707803.0
576,13403,2,-70.75336991012213,-33.62,0.6576727459135715,0.028455662612308766,485633.0,
577,13403,54,-70.8,-33.56705882352941,0.03336934427543427,0.001443798314884892,485633.0,498195.0
578,13403,20,-70.76235294117647,-33.60235294117647,0.9814174071949416,0.04246318977714813,485633.0,
579,13403,21,-70.7435294117647,-33.60235294117647,0.11793082654092,0.005102537443569438,485633.0,
580,13403,18,-70.8,-33.60235294117647,1.0,0.043267206660329335,485633.0,
581,13604,90,-70.8,-33.53176470588235,0.11399815402538495,0.004473496223473766,489851.0,610000.0
582,13604,36,-70.79101696894566,-33.58470588235294,0.04808565074247722,0.0018869689499695734,489851.0,405473.0
583,13604,54,-70.8,-33.56705882352941,0.9512563355727501,0.037329039764912295,489851.0,498195.0
584,13604,55,-70.78117647058824,-33.56705882352941,0.22939535137132672,0.009001893467621898,489851.0,523159.0
